transaction_id,store_id,product_id,transaction_date,quantity_sold,unit_price,discount_pct,gross_sales,discount_amt,net_sales,year,month,month_name,day_of_week,quarter
1,3,138,2024-12-23,11,98.66,0.05,1085.26,0.5426300000000001,1084.71737,2024,12,December,Monday,4
2,2,117,2024-07-05,10,144.39,0.15,1443.8999999999999,2.16585,1441.7341499999998,2024,7,July,Friday,3
3,1,14,2024-06-26,6,13.97,0.15,83.82000000000001,0.12573,83.69427,2024,6,June,Wednesday,2
4,3,156,2024-11-14,3,173.78,0.05,521.34,0.26067,521.07933,2024,11,November,Thursday,4
5,8,43,2024-09-16,7,88.26,0.1,617.82,0.6178200000000001,617.20218,2024,9,September,Monday,3
6,6,130,2024-02-02,1,200.9,0.1,200.9,0.20090000000000002,200.69910000000002,2024,2,February,Friday,1
7,8,139,2024-01-02,4,81.1,0.0,324.4,0.0,324.4,2024,1,January,Tuesday,1
8,5,111,2024-08-20,2,43.1,0.0,86.2,0.0,86.2,2024,8,August,Tuesday,3
9,10,141,2024-12-22,7,45.08,0.05,315.56,0.15778,315.40222,2024,12,December,Sunday,4
10,2,68,2024-03-31,8,17.26,0.25,138.08,0.3452,137.7348,2024,3,March,Sunday,1
11,9,58,2024-02-03,6,216.14,0.25,1296.84,3.2420999999999998,1293.5979,2024,2,February,Saturday,1
12,1,22,2024-05-07,1,28.7,0.1,28.7,0.0287,28.6713,2024,5,May,Tuesday,2
13,4,39,2024-09-13,8,112.9,0.0,903.2,0.0,903.2,2024,9,September,Friday,3
14,9,15,2024-11-01,10,149.2,0.1,1492.0,1.4920000000000002,1490.508,2024,11,November,Friday,4
15,8,31,2024-10-25,2,110.33,0.0,220.66,0.0,220.66,2024,10,October,Friday,4
16,2,134,2024-04-22,7,141.92,0.1,993.4399999999999,0.99344,992.44656,2024,4,April,Monday,2
17,8,158,2024-09-29,5,81.38,0.0,406.9,0.0,406.9,2024,9,September,Sunday,3
18,1,34,2024-10-01,7,99.91,0.25,699.37,1.7484250000000001,697.621575,2024,10,October,Tuesday,4
19,4,88,2024-08-26,10,106.78,0.25,1067.8,2.6694999999999998,1065.1305,2024,8,August,Monday,3
20,8,32,2024-01-26,7,195.25,0.1,1366.75,1.3667500000000001,1365.38325,2024,1,January,Friday,1
21,1,19,2024-10-28,8,61.27,0.0,490.16,0.0,490.16,2024,10,October,Monday,4
22,8,50,2024-11-02,2,168.2,0.15,336.4,0.5045999999999999,335.8954,2024,11,November,Saturday,4
23,1,56,2024-05-28,3,91.09,0.15,273.27,0.40990499999999996,272.860095,2024,5,May,Tuesday,2
24,2,125,2024-04-02,8,151.37,0.1,1210.96,1.21096,1209.7490400000002,2024,4,April,Tuesday,2
25,4,62,2024-04-07,2,11.77,0.1,23.54,0.023540000000000002,23.51646,2024,4,April,Sunday,2
26,1,13,2024-11-17,10,91.64,0.05,916.4,0.4582,915.9418,2024,11,November,Sunday,4
27,6,74,2024-10-15,8,77.0,0.0,616.0,0.0,616.0,2024,10,October,Tuesday,4
28,8,33,2024-12-10,9,162.49,0.05,1462.41,0.7312050000000001,1461.678795,2024,12,December,Tuesday,4
29,8,132,2024-12-20,12,133.08,0.15,1596.96,2.39544,1594.56456,2024,12,December,Friday,4
30,1,122,2024-01-16,3,28.93,0.25,86.78999999999999,0.21697499999999997,86.57302499999999,2024,1,January,Tuesday,1
31,9,29,2024-12-04,7,128.85,0.0,901.9499999999999,0.0,901.9499999999999,2024,12,December,Wednesday,4
32,9,28,2024-11-24,7,143.98,0.05,1007.8599999999999,0.50393,1007.3560699999999,2024,11,November,Sunday,4
33,8,151,2024-09-01,2,22.4,0.0,44.8,0.0,44.8,2024,9,September,Sunday,3
34,8,121,2024-12-10,3,164.69,0.25,494.07,1.235175,492.83482499999997,2024,12,December,Tuesday,4
35,7,123,2024-07-26,1,108.4,0.1,108.4,0.10840000000000001,108.2916,2024,7,July,Friday,3
36,6,149,2024-05-11,4,212.9,0.0,851.6,0.0,851.6,2024,5,May,Saturday,2
37,5,124,2024-03-29,4,19.68,0.25,78.72,0.1968,78.5232,2024,3,March,Friday,1
38,7,129,2024-10-30,11,151.03,0.0,1661.33,0.0,1661.33,2024,10,October,Wednesday,4
39,4,80,2024-10-24,6,210.02,0.1,1260.1200000000001,1.2601200000000001,1258.8598800000002,2024,10,October,Thursday,4
40,1,97,2024-05-25,7,51.84,0.15,362.88,0.5443199999999999,362.33567999999997,2024,5,May,Saturday,2
41,3,57,2024-06-28,1,75.29,0.0,75.29,0.0,75.29,2024,6,June,Friday,2
42,1,38,2024-05-02,5,27.57,0.0,137.85,0.0,137.85,2024,5,May,Thursday,2
43,8,21,2024-10-19,4,89.09,0.0,356.36,0.0,356.36,2024,10,October,Saturday,4
44,3,96,2024-12-23,7,169.6,0.0,1187.2,0.0,1187.2,2024,12,December,Monday,4
45,2,148,2024-01-26,7,126.73,0.05,887.11,0.4435550000000001,886.6664450000001,2024,1,January,Friday,1
46,9,68,2024-02-09,7,17.26,0.05,120.82000000000001,0.060410000000000005,120.75959,2024,2,February,Friday,1
47,6,22,2024-09-04,10,28.7,0.1,287.0,0.28700000000000003,286.713,2024,9,September,Wednesday,3
48,3,92,2024-12-06,8,96.38,0.05,771.04,0.38552,770.6544799999999,2024,12,December,Friday,4
49,9,83,2024-01-02,4,48.4,0.15,193.6,0.2904,193.3096,2024,1,January,Tuesday,1
50,6,21,2024-02-24,10,89.09,0.05,890.9000000000001,0.44545000000000007,890.45455,2024,2,February,Saturday,1
51,2,96,2024-09-05,12,169.6,0.0,2035.1999999999998,0.0,2035.1999999999998,2024,9,September,Thursday,3
52,7,115,2024-12-26,11,212.31,0.15,2335.41,3.5031149999999998,2331.906885,2024,12,December,Thursday,4
53,9,23,2024-10-27,4,135.4,0.05,541.6,0.27080000000000004,541.3292,2024,10,October,Sunday,4
54,5,131,2024-06-18,1,141.63,0.0,141.63,0.0,141.63,2024,6,June,Tuesday,2
55,4,3,2024-05-15,5,91.88,0.15,459.4,0.6890999999999999,458.7109,2024,5,May,Wednesday,2
56,2,74,2024-03-16,9,77.0,0.1,693.0,0.693,692.307,2024,3,March,Saturday,1
57,6,50,2024-06-03,11,168.2,0.0,1850.1999999999998,0.0,1850.1999999999998,2024,6,June,Monday,2
58,5,120,2024-11-28,8,234.32,0.05,1874.56,0.9372800000000001,1873.6227199999998,2024,11,November,Thursday,4
59,5,144,2024-07-11,9,72.5,0.05,652.5,0.32625,652.17375,2024,7,July,Thursday,3
60,1,142,2024-12-03,1,36.7,0.05,36.7,0.01835,36.681650000000005,2024,12,December,Tuesday,4
61,6,118,2024-11-07,8,153.88,0.0,1231.04,0.0,1231.04,2024,11,November,Thursday,4
62,2,42,2024-09-24,7,169.87,0.25,1189.0900000000001,2.9727250000000005,1186.117275,2024,9,September,Tuesday,3
63,10,126,2024-07-17,10,28.64,0.25,286.4,0.716,285.68399999999997,2024,7,July,Wednesday,3
64,10,7,2024-03-31,6,12.29,0.0,73.74,0.0,73.74,2024,3,March,Sunday,1
65,3,107,2024-11-24,4,9.07,0.0,36.28,0.0,36.28,2024,11,November,Sunday,4
66,3,104,2024-06-21,12,246.47,0.0,2957.64,0.0,2957.64,2024,6,June,Friday,2
67,4,102,2024-09-06,6,25.17,0.15,151.02,0.22653,150.79347,2024,9,September,Friday,3
68,9,119,2024-11-21,8,38.1,0.0,304.8,0.0,304.8,2024,11,November,Thursday,4
69,3,158,2024-12-27,5,81.38,0.25,406.9,1.01725,405.88275,2024,12,December,Friday,4
70,1,24,2024-04-01,10,80.42,0.15,804.2,1.2063,802.9937,2024,4,April,Monday,2
71,1,41,2024-03-25,10,157.72,0.0,1577.2,0.0,1577.2,2024,3,March,Monday,1
72,3,1,2024-10-18,1,38.35,0.25,38.35,0.095875,38.254125,2024,10,October,Friday,4
73,6,17,2024-10-09,2,92.08,0.05,184.16,0.09208,184.06792,2024,10,October,Wednesday,4
74,10,80,2024-03-14,4,210.02,0.15,840.08,1.26012,838.81988,2024,3,March,Thursday,1
75,4,17,2024-03-16,10,92.08,0.1,920.8,0.9208,919.8792,2024,3,March,Saturday,1
76,5,168,2024-12-16,12,115.57,0.15,1386.84,2.08026,1384.75974,2024,12,December,Monday,4
77,10,3,2024-12-07,5,91.88,0.1,459.4,0.4594,458.94059999999996,2024,12,December,Saturday,4
78,2,128,2024-07-06,6,177.81,0.0,1066.8600000000001,0.0,1066.8600000000001,2024,7,July,Saturday,3
79,6,85,2024-08-02,9,88.45,0.15,796.0500000000001,1.194075,794.8559250000001,2024,8,August,Friday,3
80,4,107,2024-01-28,11,9.07,0.15,99.77000000000001,0.149655,99.62034500000001,2024,1,January,Sunday,1
81,8,39,2024-11-21,12,112.9,0.0,1354.8000000000002,0.0,1354.8000000000002,2024,11,November,Thursday,4
82,8,43,2024-03-13,10,88.26,0.25,882.6,2.2065,880.3935,2024,3,March,Wednesday,1
83,4,75,2024-11-28,5,29.49,0.05,147.45,0.073725,147.376275,2024,11,November,Thursday,4
84,4,133,2024-09-16,5,107.43,0.25,537.1500000000001,1.3428750000000003,535.807125,2024,9,September,Monday,3
85,4,24,2024-09-03,5,80.42,0.05,402.1,0.20105000000000003,401.89895,2024,9,September,Tuesday,3
86,1,167,2024-02-28,5,20.08,0.25,100.39999999999999,0.251,100.14899999999999,2024,2,February,Wednesday,1
87,6,49,2024-08-05,11,89.67,0.15,986.37,1.479555,984.890445,2024,8,August,Monday,3
88,3,125,2024-10-20,7,151.37,0.0,1059.5900000000001,0.0,1059.5900000000001,2024,10,October,Sunday,4
89,9,119,2024-04-26,1,38.1,0.0,38.1,0.0,38.1,2024,4,April,Friday,2
90,9,75,2024-07-11,6,29.49,0.15,176.94,0.26541,176.67459,2024,7,July,Thursday,3
91,9,106,2024-12-18,10,97.25,0.15,972.5,1.45875,971.04125,2024,12,December,Wednesday,4
92,4,131,2024-09-23,9,141.63,0.0,1274.67,0.0,1274.67,2024,9,September,Monday,3
93,4,64,2024-08-20,4,54.54,0.15,218.16,0.32724,217.83276,2024,8,August,Tuesday,3
94,10,149,2024-07-02,9,212.9,0.0,1916.1000000000001,0.0,1916.1000000000001,2024,7,July,Tuesday,3
95,7,157,2024-06-24,12,147.67,0.1,1772.04,1.77204,1770.26796,2024,6,June,Monday,2
96,3,116,2024-09-07,4,182.63,0.0,730.52,0.0,730.52,2024,9,September,Saturday,3
97,3,126,2024-09-03,12,28.64,0.0,343.68,0.0,343.68,2024,9,September,Tuesday,3
98,9,161,2024-09-09,1,203.07,0.0,203.07,0.0,203.07,2024,9,September,Monday,3
99,10,130,2024-06-12,12,200.9,0.0,2410.8,0.0,2410.8,2024,6,June,Wednesday,2
100,4,76,2024-05-12,5,150.97,0.0,754.85,0.0,754.85,2024,5,May,Sunday,2
101,6,158,2024-07-21,9,81.38,0.15,732.42,1.0986299999999998,731.32137,2024,7,July,Sunday,3
102,9,153,2024-07-10,5,149.65,0.0,748.25,0.0,748.25,2024,7,July,Wednesday,3
103,4,26,2024-10-11,4,163.65,0.0,654.6,0.0,654.6,2024,10,October,Friday,4
104,5,134,2024-05-29,12,141.92,0.0,1703.04,0.0,1703.04,2024,5,May,Wednesday,2
105,9,62,2024-12-24,5,11.77,0.0,58.849999999999994,0.0,58.849999999999994,2024,12,December,Tuesday,4
106,2,131,2024-08-21,3,141.63,0.0,424.89,0.0,424.89,2024,8,August,Wednesday,3
107,6,12,2024-06-04,10,105.87,0.15,1058.7,1.58805,1057.11195,2024,6,June,Tuesday,2
108,6,22,2024-11-24,2,28.7,0.1,57.4,0.0574,57.3426,2024,11,November,Sunday,4
109,9,104,2024-05-16,9,246.47,0.0,2218.23,0.0,2218.23,2024,5,May,Thursday,2
110,5,128,2024-11-27,6,177.81,0.15,1066.8600000000001,1.6002900000000002,1065.25971,2024,11,November,Wednesday,4
111,10,41,2024-02-03,11,157.72,0.05,1734.92,0.8674600000000001,1734.0525400000001,2024,2,February,Saturday,1
112,6,98,2024-12-17,2,93.24,0.15,186.48,0.27971999999999997,186.20028,2024,12,December,Tuesday,4
113,3,109,2024-05-19,6,204.21,0.0,1225.26,0.0,1225.26,2024,5,May,Sunday,2
114,5,129,2024-08-19,3,151.03,0.05,453.09000000000003,0.22654500000000002,452.86345500000004,2024,8,August,Monday,3
115,8,116,2024-07-20,3,182.63,0.05,547.89,0.273945,547.616055,2024,7,July,Saturday,3
116,1,65,2024-09-06,5,65.09,0.0,325.45000000000005,0.0,325.45000000000005,2024,9,September,Friday,3
117,4,131,2024-10-03,9,141.63,0.15,1274.67,1.912005,1272.7579950000002,2024,10,October,Thursday,4
118,7,95,2024-05-16,2,244.81,0.1,489.62,0.48962000000000006,489.13038,2024,5,May,Thursday,2
119,10,159,2024-07-13,9,51.69,0.0,465.21,0.0,465.21,2024,7,July,Saturday,3
120,2,5,2024-11-29,10,152.79,0.0,1527.8999999999999,0.0,1527.8999999999999,2024,11,November,Friday,4
121,9,30,2024-04-03,2,212.07,0.0,424.14,0.0,424.14,2024,4,April,Wednesday,2
122,3,38,2024-01-15,6,27.57,0.0,165.42000000000002,0.0,165.42000000000002,2024,1,January,Monday,1
123,10,75,2024-03-04,9,29.49,0.15,265.40999999999997,0.39811499999999994,265.01188499999995,2024,3,March,Monday,1
124,7,25,2024-04-29,3,179.28,0.05,537.84,0.26892000000000005,537.57108,2024,4,April,Monday,2
125,3,61,2024-04-06,9,24.26,0.0,218.34,0.0,218.34,2024,4,April,Saturday,2
126,1,48,2024-04-02,11,43.06,0.0,473.66,0.0,473.66,2024,4,April,Tuesday,2
127,7,162,2024-03-21,2,125.27,0.05,250.54,0.12527000000000002,250.41473,2024,3,March,Thursday,1
128,1,11,2024-04-27,9,117.42,0.15,1056.78,1.58517,1055.19483,2024,4,April,Saturday,2
129,9,50,2024-08-21,1,168.2,0.05,168.2,0.08410000000000001,168.11589999999998,2024,8,August,Wednesday,3
130,10,78,2024-11-02,4,125.42,0.05,501.68,0.25084,501.42916,2024,11,November,Saturday,4
131,8,91,2024-09-09,12,146.33,0.15,1755.96,2.63394,1753.32606,2024,9,September,Monday,3
132,2,6,2024-01-14,10,18.62,0.25,186.20000000000002,0.4655,185.73450000000003,2024,1,January,Sunday,1
133,7,78,2024-04-15,9,125.42,0.25,1128.78,2.8219499999999997,1125.95805,2024,4,April,Monday,2
134,9,159,2024-08-17,3,51.69,0.0,155.07,0.0,155.07,2024,8,August,Saturday,3
135,1,83,2024-11-19,7,48.4,0.0,338.8,0.0,338.8,2024,11,November,Tuesday,4
136,7,86,2024-08-05,7,125.76,0.15,880.32,1.32048,878.9995200000001,2024,8,August,Monday,3
137,4,52,2024-12-13,10,158.1,0.0,1581.0,0.0,1581.0,2024,12,December,Friday,4
138,1,83,2024-12-22,3,48.4,0.0,145.2,0.0,145.2,2024,12,December,Sunday,4
139,7,86,2024-12-01,12,125.76,0.15,1509.1200000000001,2.2636800000000004,1506.85632,2024,12,December,Sunday,4
140,1,4,2024-11-18,6,167.47,0.0,1004.8199999999999,0.0,1004.8199999999999,2024,11,November,Monday,4
141,4,148,2024-12-13,7,126.73,0.0,887.11,0.0,887.11,2024,12,December,Friday,4
142,7,5,2024-10-09,5,152.79,0.0,763.9499999999999,0.0,763.9499999999999,2024,10,October,Wednesday,4
143,6,76,2024-12-12,7,150.97,0.1,1056.79,1.0567900000000001,1055.7332099999999,2024,12,December,Thursday,4
144,9,94,2024-09-14,11,179.27,0.05,1971.97,0.985985,1970.984015,2024,9,September,Saturday,3
145,8,132,2024-12-23,9,133.08,0.1,1197.72,1.1977200000000001,1196.5222800000001,2024,12,December,Monday,4
146,8,34,2024-12-03,6,99.91,0.0,599.46,0.0,599.46,2024,12,December,Tuesday,4
147,10,126,2024-11-20,6,28.64,0.25,171.84,0.4296,171.4104,2024,11,November,Wednesday,4
148,2,105,2024-04-10,2,136.88,0.0,273.76,0.0,273.76,2024,4,April,Wednesday,2
149,10,85,2024-06-19,2,88.45,0.0,176.9,0.0,176.9,2024,6,June,Wednesday,2
150,7,4,2024-11-26,6,167.47,0.25,1004.8199999999999,2.51205,1002.3079499999999,2024,11,November,Tuesday,4
151,8,158,2024-12-10,4,81.38,0.0,325.52,0.0,325.52,2024,12,December,Tuesday,4
152,5,137,2024-12-09,7,165.65,0.05,1159.55,0.579775,1158.970225,2024,12,December,Monday,4
153,9,77,2024-08-29,1,68.92,0.15,68.92,0.10337999999999999,68.81662,2024,8,August,Thursday,3
154,10,32,2024-10-19,10,195.25,0.0,1952.5,0.0,1952.5,2024,10,October,Saturday,4
155,8,165,2024-02-19,10,56.11,0.05,561.1,0.28055,560.8194500000001,2024,2,February,Monday,1
156,9,115,2024-01-27,1,212.31,0.1,212.31,0.21231000000000003,212.09769,2024,1,January,Saturday,1
157,9,53,2024-05-04,9,131.05,0.0,1179.45,0.0,1179.45,2024,5,May,Saturday,2
158,5,28,2024-12-13,2,143.98,0.1,287.96,0.28796,287.67204,2024,12,December,Friday,4
159,3,31,2024-12-18,10,110.33,0.0,1103.3,0.0,1103.3,2024,12,December,Wednesday,4
160,3,130,2024-11-22,8,200.9,0.0,1607.2,0.0,1607.2,2024,11,November,Friday,4
161,8,126,2024-05-13,9,28.64,0.25,257.76,0.6444,257.1156,2024,5,May,Monday,2
162,10,111,2024-04-20,5,43.1,0.25,215.5,0.53875,214.96125,2024,4,April,Saturday,2
163,7,83,2024-06-06,9,48.4,0.1,435.59999999999997,0.43560000000000004,435.16439999999994,2024,6,June,Thursday,2
164,4,24,2024-04-03,6,80.42,0.0,482.52,0.0,482.52,2024,4,April,Wednesday,2
165,9,159,2024-03-15,6,51.69,0.05,310.14,0.15506999999999999,309.98492999999996,2024,3,March,Friday,1
166,10,34,2024-07-20,8,99.91,0.15,799.28,1.19892,798.0810799999999,2024,7,July,Saturday,3
167,7,80,2024-01-10,1,210.02,0.0,210.02,0.0,210.02,2024,1,January,Wednesday,1
168,8,158,2024-07-13,10,81.38,0.0,813.8,0.0,813.8,2024,7,July,Saturday,3
169,8,35,2024-03-22,6,8.64,0.05,51.84,0.025920000000000006,51.814080000000004,2024,3,March,Friday,1
170,1,112,2024-10-03,9,58.1,0.05,522.9,0.26145,522.63855,2024,10,October,Thursday,4
171,7,102,2024-09-09,8,25.17,0.1,201.36,0.20136000000000004,201.15864000000002,2024,9,September,Monday,3
172,7,166,2024-12-25,5,44.53,0.1,222.65,0.22265000000000001,222.42735000000002,2024,12,December,Wednesday,4
173,7,143,2024-11-26,2,233.86,0.0,467.72,0.0,467.72,2024,11,November,Tuesday,4
174,8,69,2024-10-11,1,68.64,0.05,68.64,0.03432,68.60568,2024,10,October,Friday,4
175,9,170,2024-04-04,1,8.38,0.0,8.38,0.0,8.38,2024,4,April,Thursday,2
176,9,83,2024-11-02,4,48.4,0.15,193.6,0.2904,193.3096,2024,11,November,Saturday,4
177,4,79,2024-09-09,12,156.97,0.0,1883.6399999999999,0.0,1883.6399999999999,2024,9,September,Monday,3
178,8,1,2024-08-16,9,38.35,0.0,345.15000000000003,0.0,345.15000000000003,2024,8,August,Friday,3
179,9,79,2024-07-21,12,156.97,0.05,1883.6399999999999,0.94182,1882.6981799999999,2024,7,July,Sunday,3
180,3,121,2024-11-17,10,164.69,0.05,1646.9,0.8234500000000001,1646.07655,2024,11,November,Sunday,4
181,2,69,2024-11-08,12,68.64,0.0,823.6800000000001,0.0,823.6800000000001,2024,11,November,Friday,4
182,5,129,2024-04-28,4,151.03,0.05,604.12,0.30206000000000005,603.81794,2024,4,April,Sunday,2
183,10,30,2024-01-12,7,212.07,0.25,1484.49,3.711225,1480.778775,2024,1,January,Friday,1
184,9,89,2024-03-31,6,16.36,0.0,98.16,0.0,98.16,2024,3,March,Sunday,1
185,1,6,2024-10-24,7,18.62,0.0,130.34,0.0,130.34,2024,10,October,Thursday,4
186,1,54,2024-11-03,8,241.98,0.05,1935.84,0.96792,1934.8720799999999,2024,11,November,Sunday,4
187,8,91,2024-11-07,9,146.33,0.05,1316.97,0.658485,1316.311515,2024,11,November,Thursday,4
188,4,37,2024-10-17,4,19.91,0.1,79.64,0.07964,79.56036,2024,10,October,Thursday,4
189,6,9,2024-11-14,3,100.29,0.1,300.87,0.30087,300.56913000000003,2024,11,November,Thursday,4
190,7,144,2024-04-20,3,72.5,0.25,217.5,0.54375,216.95625,2024,4,April,Saturday,2
191,5,125,2024-01-22,5,151.37,0.0,756.85,0.0,756.85,2024,1,January,Monday,1
192,9,148,2024-05-08,9,126.73,0.0,1140.57,0.0,1140.57,2024,5,May,Wednesday,2
193,1,67,2024-02-22,4,107.18,0.1,428.72,0.42872000000000005,428.29128000000003,2024,2,February,Thursday,1
194,8,11,2024-06-14,11,117.42,0.0,1291.6200000000001,0.0,1291.6200000000001,2024,6,June,Friday,2
195,3,100,2024-10-04,11,120.25,0.1,1322.75,1.32275,1321.42725,2024,10,October,Friday,4
196,3,20,2024-06-10,8,150.34,0.15,1202.72,1.80408,1200.91592,2024,6,June,Monday,2
197,4,14,2024-12-23,8,13.97,0.15,111.76,0.16763999999999998,111.59236,2024,12,December,Monday,4
198,10,13,2024-11-21,5,91.64,0.0,458.2,0.0,458.2,2024,11,November,Thursday,4
199,9,68,2024-10-20,10,17.26,0.0,172.60000000000002,0.0,172.60000000000002,2024,10,October,Sunday,4
200,8,60,2024-11-29,1,27.88,0.0,27.88,0.0,27.88,2024,11,November,Friday,4
201,7,119,2024-06-23,9,38.1,0.0,342.90000000000003,0.0,342.90000000000003,2024,6,June,Sunday,2
202,3,9,2024-10-19,10,100.29,0.0,1002.9000000000001,0.0,1002.9000000000001,2024,10,October,Saturday,4
203,5,45,2024-03-13,8,29.94,0.15,239.52,0.35928,239.16072,2024,3,March,Wednesday,1
204,8,123,2024-04-09,6,108.4,0.25,650.4000000000001,1.6260000000000003,648.7740000000001,2024,4,April,Tuesday,2
205,4,109,2024-10-06,5,204.21,0.0,1021.0500000000001,0.0,1021.0500000000001,2024,10,October,Sunday,4
206,1,168,2024-01-09,3,115.57,0.0,346.71,0.0,346.71,2024,1,January,Tuesday,1
207,8,163,2024-06-23,1,102.16,0.1,102.16,0.10216000000000001,102.05784,2024,6,June,Sunday,2
208,5,148,2024-08-29,8,126.73,0.05,1013.84,0.50692,1013.33308,2024,8,August,Thursday,3
209,8,150,2024-03-02,4,89.35,0.0,357.4,0.0,357.4,2024,3,March,Saturday,1
210,9,33,2024-05-08,10,162.49,0.05,1624.9,0.81245,1624.0875500000002,2024,5,May,Wednesday,2
211,1,58,2024-05-26,12,216.14,0.15,2593.68,3.8905199999999995,2589.78948,2024,5,May,Sunday,2
212,5,78,2024-02-06,10,125.42,0.25,1254.2,3.1355,1251.0645,2024,2,February,Tuesday,1
213,9,163,2024-12-29,8,102.16,0.0,817.28,0.0,817.28,2024,12,December,Sunday,4
214,4,91,2024-08-08,1,146.33,0.0,146.33,0.0,146.33,2024,8,August,Thursday,3
215,4,144,2024-05-13,4,72.5,0.05,290.0,0.145,289.855,2024,5,May,Monday,2
216,10,87,2024-04-24,11,211.16,0.25,2322.7599999999998,5.8069,2316.9530999999997,2024,4,April,Wednesday,2
217,4,131,2024-04-21,12,141.63,0.0,1699.56,0.0,1699.56,2024,4,April,Sunday,2
218,4,74,2024-10-26,9,77.0,0.0,693.0,0.0,693.0,2024,10,October,Saturday,4
219,4,67,2024-02-29,5,107.18,0.05,535.9000000000001,0.2679500000000001,535.63205,2024,2,February,Thursday,1
220,10,114,2024-04-17,12,137.91,0.25,1654.92,4.1373,1650.7827,2024,4,April,Wednesday,2
221,9,10,2024-12-18,2,136.82,0.0,273.64,0.0,273.64,2024,12,December,Wednesday,4
222,5,142,2024-11-11,3,36.7,0.05,110.10000000000001,0.05505000000000001,110.04495000000001,2024,11,November,Monday,4
223,9,10,2024-06-30,5,136.82,0.25,684.0999999999999,1.7102499999999998,682.3897499999999,2024,6,June,Sunday,2
224,8,138,2024-09-04,8,98.66,0.0,789.28,0.0,789.28,2024,9,September,Wednesday,3
225,7,160,2024-02-16,10,215.87,0.0,2158.7,0.0,2158.7,2024,2,February,Friday,1
226,9,62,2024-07-05,5,11.77,0.0,58.849999999999994,0.0,58.849999999999994,2024,7,July,Friday,3
227,7,30,2024-12-09,7,212.07,0.0,1484.49,0.0,1484.49,2024,12,December,Monday,4
228,5,16,2024-01-08,9,78.24,0.0,704.16,0.0,704.16,2024,1,January,Monday,1
229,2,106,2024-12-28,10,97.25,0.05,972.5,0.48625,972.01375,2024,12,December,Saturday,4
230,6,132,2024-06-20,3,133.08,0.0,399.24,0.0,399.24,2024,6,June,Thursday,2
231,3,64,2024-05-12,2,54.54,0.0,109.08,0.0,109.08,2024,5,May,Sunday,2
232,2,113,2024-12-21,4,114.72,0.0,458.88,0.0,458.88,2024,12,December,Saturday,4
233,2,11,2024-06-09,9,117.42,0.1,1056.78,1.05678,1055.72322,2024,6,June,Sunday,2
234,3,123,2024-04-04,8,108.4,0.0,867.2,0.0,867.2,2024,4,April,Thursday,2
235,4,8,2024-09-01,5,98.81,0.0,494.05,0.0,494.05,2024,9,September,Sunday,3
236,5,83,2024-04-09,7,48.4,0.0,338.8,0.0,338.8,2024,4,April,Tuesday,2
237,1,23,2024-12-18,12,135.4,0.05,1624.8000000000002,0.8124000000000001,1623.9876000000002,2024,12,December,Wednesday,4
238,3,111,2024-03-16,1,43.1,0.15,43.1,0.06465,43.03535,2024,3,March,Saturday,1
239,8,148,2024-12-01,11,126.73,0.25,1394.03,3.485075,1390.544925,2024,12,December,Sunday,4
240,3,34,2024-12-28,7,99.91,0.0,699.37,0.0,699.37,2024,12,December,Saturday,4
241,3,163,2024-12-10,5,102.16,0.05,510.79999999999995,0.2554,510.54459999999995,2024,12,December,Tuesday,4
242,6,159,2024-07-25,7,51.69,0.0,361.83,0.0,361.83,2024,7,July,Thursday,3
243,7,144,2024-06-14,3,72.5,0.1,217.5,0.2175,217.2825,2024,6,June,Friday,2
244,1,8,2024-01-05,8,98.81,0.0,790.48,0.0,790.48,2024,1,January,Friday,1
245,7,93,2024-01-10,1,187.19,0.1,187.19,0.18719000000000002,187.00281,2024,1,January,Wednesday,1
246,8,104,2024-04-04,10,246.47,0.05,2464.7,1.23235,2463.4676499999996,2024,4,April,Thursday,2
247,1,159,2024-04-03,2,51.69,0.25,103.38,0.25845,103.12155,2024,4,April,Wednesday,2
248,10,104,2024-11-01,4,246.47,0.0,985.88,0.0,985.88,2024,11,November,Friday,4
249,6,107,2024-10-14,1,9.07,0.0,9.07,0.0,9.07,2024,10,October,Monday,4
250,7,144,2024-07-30,1,72.5,0.0,72.5,0.0,72.5,2024,7,July,Tuesday,3
251,8,64,2024-12-21,6,54.54,0.0,327.24,0.0,327.24,2024,12,December,Saturday,4
252,4,137,2024-01-26,11,165.65,0.0,1822.15,0.0,1822.15,2024,1,January,Friday,1
253,5,110,2024-10-20,10,240.3,0.0,2403.0,0.0,2403.0,2024,10,October,Sunday,4
254,2,169,2024-09-18,3,48.02,0.1,144.06,0.14406,143.91594,2024,9,September,Wednesday,3
255,8,25,2024-11-10,9,179.28,0.25,1613.52,4.0338,1609.4862,2024,11,November,Sunday,4
256,9,50,2024-05-20,9,168.2,0.0,1513.8,0.0,1513.8,2024,5,May,Monday,2
257,7,96,2024-10-07,2,169.6,0.15,339.2,0.5087999999999999,338.6912,2024,10,October,Monday,4
258,5,48,2024-12-17,2,43.06,0.0,86.12,0.0,86.12,2024,12,December,Tuesday,4
259,10,104,2024-03-06,7,246.47,0.25,1725.29,4.313225,1720.9767749999999,2024,3,March,Wednesday,1
260,3,150,2024-11-20,11,89.35,0.25,982.8499999999999,2.4571249999999996,980.3928749999999,2024,11,November,Wednesday,4
261,2,154,2024-05-10,10,104.34,0.05,1043.4,0.5217,1042.8783,2024,5,May,Friday,2
262,1,89,2024-11-14,5,16.36,0.0,81.8,0.0,81.8,2024,11,November,Thursday,4
263,6,9,2024-06-28,12,100.29,0.25,1203.48,3.0087,1200.4713,2024,6,June,Friday,2
264,8,115,2024-04-16,10,212.31,0.15,2123.1,3.1846499999999995,2119.9153499999998,2024,4,April,Tuesday,2
265,5,96,2024-03-02,8,169.6,0.0,1356.8,0.0,1356.8,2024,3,March,Saturday,1
266,3,28,2024-10-14,10,143.98,0.15,1439.8,2.1597,1437.6403,2024,10,October,Monday,4
267,3,139,2024-07-05,3,81.1,0.25,243.29999999999998,0.60825,242.69174999999998,2024,7,July,Friday,3
268,9,93,2024-04-23,8,187.19,0.0,1497.52,0.0,1497.52,2024,4,April,Tuesday,2
269,7,110,2024-09-18,12,240.3,0.05,2883.6000000000004,1.4418000000000004,2882.1582000000003,2024,9,September,Wednesday,3
270,5,118,2024-11-01,12,153.88,0.1,1846.56,1.84656,1844.71344,2024,11,November,Friday,4
271,7,145,2024-04-01,12,33.88,0.0,406.56000000000006,0.0,406.56000000000006,2024,4,April,Monday,2
272,8,64,2024-02-21,10,54.54,0.25,545.4,1.3635,544.0364999999999,2024,2,February,Wednesday,1
273,10,62,2024-10-11,6,11.77,0.25,70.62,0.17655,70.44345,2024,10,October,Friday,4
274,10,124,2024-05-30,5,19.68,0.25,98.4,0.24600000000000002,98.15400000000001,2024,5,May,Thursday,2
275,1,111,2024-05-20,6,43.1,0.25,258.6,0.6465000000000001,257.9535,2024,5,May,Monday,2
276,9,95,2024-11-14,12,244.81,0.25,2937.7200000000003,7.3443000000000005,2930.3757,2024,11,November,Thursday,4
277,3,1,2024-12-16,10,38.35,0.0,383.5,0.0,383.5,2024,12,December,Monday,4
278,6,131,2024-04-03,7,141.63,0.0,991.41,0.0,991.41,2024,4,April,Wednesday,2
279,1,16,2024-11-23,12,78.24,0.1,938.8799999999999,0.9388799999999999,937.9411199999998,2024,11,November,Saturday,4
280,4,92,2024-11-23,10,96.38,0.0,963.8,0.0,963.8,2024,11,November,Saturday,4
281,8,74,2024-01-15,5,77.0,0.0,385.0,0.0,385.0,2024,1,January,Monday,1
282,2,2,2024-09-18,12,81.57,0.25,978.8399999999999,2.4471,976.3928999999999,2024,9,September,Wednesday,3
283,4,115,2024-02-22,6,212.31,0.25,1273.8600000000001,3.1846500000000004,1270.6753500000002,2024,2,February,Thursday,1
284,5,48,2024-09-28,2,43.06,0.0,86.12,0.0,86.12,2024,9,September,Saturday,3
285,5,29,2024-11-15,3,128.85,0.25,386.54999999999995,0.9663749999999999,385.5836249999999,2024,11,November,Friday,4
286,7,98,2024-07-30,2,93.24,0.1,186.48,0.18648,186.29352,2024,7,July,Tuesday,3
287,7,102,2024-12-02,4,25.17,0.25,100.68,0.25170000000000003,100.42830000000001,2024,12,December,Monday,4
288,6,102,2024-03-15,5,25.17,0.25,125.85000000000001,0.31462500000000004,125.535375,2024,3,March,Friday,1
289,10,21,2024-12-22,10,89.09,0.1,890.9000000000001,0.8909000000000001,890.0091000000001,2024,12,December,Sunday,4
290,8,19,2024-12-03,3,61.27,0.0,183.81,0.0,183.81,2024,12,December,Tuesday,4
291,2,23,2024-09-14,5,135.4,0.1,677.0,0.677,676.323,2024,9,September,Saturday,3
292,7,78,2024-09-22,11,125.42,0.05,1379.6200000000001,0.68981,1378.93019,2024,9,September,Sunday,3
293,3,9,2024-01-29,7,100.29,0.1,702.0300000000001,0.7020300000000002,701.32797,2024,1,January,Monday,1
294,5,143,2024-03-11,4,233.86,0.0,935.44,0.0,935.44,2024,3,March,Monday,1
295,6,108,2024-04-28,4,151.96,0.0,607.84,0.0,607.84,2024,4,April,Sunday,2
296,6,101,2024-12-28,8,131.65,0.0,1053.2,0.0,1053.2,2024,12,December,Saturday,4
297,6,12,2024-11-14,8,105.87,0.1,846.96,0.8469600000000002,846.1130400000001,2024,11,November,Thursday,4
298,8,123,2024-12-24,7,108.4,0.1,758.8000000000001,0.7588000000000001,758.0412000000001,2024,12,December,Tuesday,4
299,1,45,2024-12-12,8,29.94,0.15,239.52,0.35928,239.16072,2024,12,December,Thursday,4
300,8,145,2024-12-19,2,33.88,0.05,67.76,0.03388,67.72612000000001,2024,12,December,Thursday,4
301,9,64,2024-02-07,10,54.54,0.0,545.4,0.0,545.4,2024,2,February,Wednesday,1
302,10,134,2024-07-12,10,141.92,0.0,1419.1999999999998,0.0,1419.1999999999998,2024,7,July,Friday,3
303,10,117,2024-02-22,7,144.39,0.1,1010.7299999999999,1.01073,1009.7192699999999,2024,2,February,Thursday,1
304,9,152,2024-12-03,12,77.49,0.0,929.8799999999999,0.0,929.8799999999999,2024,12,December,Tuesday,4
305,5,116,2024-09-07,5,182.63,0.25,913.15,2.2828749999999998,910.867125,2024,9,September,Saturday,3
306,6,36,2024-11-16,11,31.45,0.0,345.95,0.0,345.95,2024,11,November,Saturday,4
307,2,48,2024-08-19,2,43.06,0.1,86.12,0.08612,86.03388000000001,2024,8,August,Monday,3
308,4,117,2024-03-23,4,144.39,0.25,577.56,1.4439,576.1161,2024,3,March,Saturday,1
309,5,80,2024-07-02,11,210.02,0.0,2310.2200000000003,0.0,2310.2200000000003,2024,7,July,Tuesday,3
310,9,62,2024-11-15,1,11.77,0.0,11.77,0.0,11.77,2024,11,November,Friday,4
311,2,157,2024-10-08,11,147.67,0.05,1624.37,0.812185,1623.557815,2024,10,October,Tuesday,4
312,4,128,2024-11-26,7,177.81,0.0,1244.67,0.0,1244.67,2024,11,November,Tuesday,4
313,2,118,2024-07-28,12,153.88,0.1,1846.56,1.84656,1844.71344,2024,7,July,Sunday,3
314,9,20,2024-10-25,1,150.34,0.1,150.34,0.15034,150.18966,2024,10,October,Friday,4
315,10,9,2024-05-17,12,100.29,0.25,1203.48,3.0087,1200.4713,2024,5,May,Friday,2
316,5,70,2024-01-23,6,149.07,0.1,894.42,0.8944200000000001,893.52558,2024,1,January,Tuesday,1
317,8,58,2024-11-11,10,216.14,0.0,2161.3999999999996,0.0,2161.3999999999996,2024,11,November,Monday,4
318,6,166,2024-01-16,7,44.53,0.25,311.71000000000004,0.779275,310.93072500000005,2024,1,January,Tuesday,1
319,2,5,2024-03-25,2,152.79,0.05,305.58,0.15279,305.42721,2024,3,March,Monday,1
320,7,135,2024-11-06,3,198.75,0.0,596.25,0.0,596.25,2024,11,November,Wednesday,4
321,6,56,2024-07-24,7,91.09,0.05,637.63,0.318815,637.311185,2024,7,July,Wednesday,3
322,7,101,2024-09-09,4,131.65,0.0,526.6,0.0,526.6,2024,9,September,Monday,3
323,1,107,2024-11-01,5,9.07,0.0,45.35,0.0,45.35,2024,11,November,Friday,4
324,4,104,2024-01-10,3,246.47,0.0,739.41,0.0,739.41,2024,1,January,Wednesday,1
325,2,38,2024-06-20,7,27.57,0.0,192.99,0.0,192.99,2024,6,June,Thursday,2
326,1,156,2024-07-10,2,173.78,0.0,347.56,0.0,347.56,2024,7,July,Wednesday,3
327,10,2,2024-10-14,12,81.57,0.1,978.8399999999999,0.97884,977.8611599999999,2024,10,October,Monday,4
328,9,39,2024-06-06,10,112.9,0.05,1129.0,0.5645,1128.4355,2024,6,June,Thursday,2
329,1,53,2024-06-12,11,131.05,0.25,1441.5500000000002,3.6038750000000004,1437.9461250000002,2024,6,June,Wednesday,2
330,3,120,2024-01-25,11,234.32,0.0,2577.52,0.0,2577.52,2024,1,January,Thursday,1
331,2,144,2024-12-12,1,72.5,0.0,72.5,0.0,72.5,2024,12,December,Thursday,4
332,1,30,2024-11-17,1,212.07,0.25,212.07,0.530175,211.53982499999998,2024,11,November,Sunday,4
333,3,151,2024-01-25,3,22.4,0.0,67.19999999999999,0.0,67.19999999999999,2024,1,January,Thursday,1
334,2,36,2024-01-20,12,31.45,0.0,377.4,0.0,377.4,2024,1,January,Saturday,1
335,1,162,2024-05-27,3,125.27,0.05,375.81,0.18790500000000002,375.622095,2024,5,May,Monday,2
336,1,124,2024-09-07,9,19.68,0.1,177.12,0.17712,176.94288,2024,9,September,Saturday,3
337,9,132,2024-09-27,2,133.08,0.05,266.16,0.13308,266.02692,2024,9,September,Friday,3
338,3,144,2024-01-05,5,72.5,0.0,362.5,0.0,362.5,2024,1,January,Friday,1
339,1,139,2024-07-20,8,81.1,0.25,648.8,1.6219999999999999,647.178,2024,7,July,Saturday,3
340,3,66,2024-09-23,6,254.58,0.15,1527.48,2.29122,1525.18878,2024,9,September,Monday,3
341,10,115,2024-02-04,7,212.31,0.0,1486.17,0.0,1486.17,2024,2,February,Sunday,1
342,9,126,2024-03-07,3,28.64,0.0,85.92,0.0,85.92,2024,3,March,Thursday,1
343,3,6,2024-11-17,10,18.62,0.0,186.20000000000002,0.0,186.20000000000002,2024,11,November,Sunday,4
344,8,94,2024-08-29,7,179.27,0.15,1254.89,1.8823350000000003,1253.007665,2024,8,August,Thursday,3
345,7,128,2024-07-27,9,177.81,0.0,1600.29,0.0,1600.29,2024,7,July,Saturday,3
346,7,33,2024-01-03,6,162.49,0.0,974.94,0.0,974.94,2024,1,January,Wednesday,1
347,4,148,2024-11-28,9,126.73,0.0,1140.57,0.0,1140.57,2024,11,November,Thursday,4
348,5,30,2024-11-28,11,212.07,0.0,2332.77,0.0,2332.77,2024,11,November,Thursday,4
349,3,121,2024-05-29,7,164.69,0.0,1152.83,0.0,1152.83,2024,5,May,Wednesday,2
350,10,10,2024-01-02,2,136.82,0.25,273.64,0.6840999999999999,272.9559,2024,1,January,Tuesday,1
351,4,159,2024-01-27,6,51.69,0.0,310.14,0.0,310.14,2024,1,January,Saturday,1
352,6,164,2024-11-20,7,78.92,0.25,552.44,1.3811000000000002,551.0589000000001,2024,11,November,Wednesday,4
353,4,18,2024-02-21,4,204.77,0.15,819.08,1.22862,817.8513800000001,2024,2,February,Wednesday,1
354,1,57,2024-09-01,7,75.29,0.1,527.0300000000001,0.5270300000000001,526.5029700000001,2024,9,September,Sunday,3
355,3,47,2024-03-30,12,118.87,0.15,1426.44,2.13966,1424.30034,2024,3,March,Saturday,1
356,4,68,2024-03-22,10,17.26,0.25,172.60000000000002,0.43150000000000005,172.16850000000002,2024,3,March,Friday,1
357,9,62,2024-06-18,12,11.77,0.0,141.24,0.0,141.24,2024,6,June,Tuesday,2
358,3,169,2024-02-07,11,48.02,0.0,528.22,0.0,528.22,2024,2,February,Wednesday,1
359,4,90,2024-07-24,7,98.0,0.0,686.0,0.0,686.0,2024,7,July,Wednesday,3
360,2,20,2024-08-20,10,150.34,0.0,1503.4,0.0,1503.4,2024,8,August,Tuesday,3
361,6,96,2024-03-11,4,169.6,0.05,678.4,0.3392,678.0608,2024,3,March,Monday,1
362,5,65,2024-08-31,2,65.09,0.05,130.18,0.06509000000000001,130.11491,2024,8,August,Saturday,3
363,7,126,2024-12-11,10,28.64,0.0,286.4,0.0,286.4,2024,12,December,Wednesday,4
364,4,154,2024-12-24,11,104.34,0.1,1147.74,1.14774,1146.59226,2024,12,December,Tuesday,4
365,8,90,2024-02-04,1,98.0,0.25,98.0,0.245,97.755,2024,2,February,Sunday,1
366,2,138,2024-06-23,4,98.66,0.25,394.64,0.9865999999999999,393.6534,2024,6,June,Sunday,2
367,6,106,2024-08-18,11,97.25,0.0,1069.75,0.0,1069.75,2024,8,August,Sunday,3
368,4,13,2024-08-05,3,91.64,0.0,274.92,0.0,274.92,2024,8,August,Monday,3
369,2,163,2024-10-26,8,102.16,0.15,817.28,1.22592,816.05408,2024,10,October,Saturday,4
370,1,85,2024-08-26,6,88.45,0.1,530.7,0.5307000000000001,530.1693,2024,8,August,Monday,3
371,5,44,2024-07-11,4,260.43,0.0,1041.72,0.0,1041.72,2024,7,July,Thursday,3
372,3,14,2024-07-06,9,13.97,0.15,125.73,0.188595,125.541405,2024,7,July,Saturday,3
373,9,54,2024-12-03,12,241.98,0.0,2903.7599999999998,0.0,2903.7599999999998,2024,12,December,Tuesday,4
374,4,137,2024-11-18,1,165.65,0.0,165.65,0.0,165.65,2024,11,November,Monday,4
375,6,45,2024-12-21,8,29.94,0.25,239.52,0.5988,238.9212,2024,12,December,Saturday,4
376,7,104,2024-01-19,2,246.47,0.1,492.94,0.49294000000000004,492.44706,2024,1,January,Friday,1
377,10,48,2024-08-06,4,43.06,0.15,172.24,0.25836000000000003,171.98164,2024,8,August,Tuesday,3
378,7,99,2024-11-14,9,207.07,0.0,1863.6299999999999,0.0,1863.6299999999999,2024,11,November,Thursday,4
379,8,20,2024-04-30,4,150.34,0.0,601.36,0.0,601.36,2024,4,April,Tuesday,2
380,9,60,2024-07-14,9,27.88,0.05,250.92,0.12546,250.79453999999998,2024,7,July,Sunday,3
381,7,136,2024-02-03,7,182.39,0.0,1276.73,0.0,1276.73,2024,2,February,Saturday,1
382,1,30,2024-10-22,9,212.07,0.25,1908.6299999999999,4.7715749999999995,1903.858425,2024,10,October,Tuesday,4
383,9,78,2024-09-04,1,125.42,0.0,125.42,0.0,125.42,2024,9,September,Wednesday,3
384,1,22,2024-11-22,4,28.7,0.0,114.8,0.0,114.8,2024,11,November,Friday,4
385,8,131,2024-12-24,10,141.63,0.25,1416.3,3.54075,1412.75925,2024,12,December,Tuesday,4
386,5,70,2024-02-08,6,149.07,0.0,894.42,0.0,894.42,2024,2,February,Thursday,1
387,9,155,2024-10-31,5,165.6,0.25,828.0,2.07,825.93,2024,10,October,Thursday,4
388,5,36,2024-01-15,3,31.45,0.1,94.35,0.09435,94.25564999999999,2024,1,January,Monday,1
389,6,25,2024-12-01,5,179.28,0.05,896.4,0.4482,895.9517999999999,2024,12,December,Sunday,4
390,4,39,2024-02-22,2,112.9,0.1,225.8,0.22580000000000003,225.57420000000002,2024,2,February,Thursday,1
391,5,81,2024-11-13,10,39.73,0.0,397.29999999999995,0.0,397.29999999999995,2024,11,November,Wednesday,4
392,7,44,2024-04-09,3,260.43,0.1,781.29,0.78129,780.50871,2024,4,April,Tuesday,2
393,9,56,2024-12-19,7,91.09,0.25,637.63,1.594075,636.035925,2024,12,December,Thursday,4
394,6,3,2024-01-25,4,91.88,0.0,367.52,0.0,367.52,2024,1,January,Thursday,1
395,4,65,2024-11-15,1,65.09,0.0,65.09,0.0,65.09,2024,11,November,Friday,4
396,7,136,2024-12-17,9,182.39,0.0,1641.5099999999998,0.0,1641.5099999999998,2024,12,December,Tuesday,4
397,3,132,2024-12-12,12,133.08,0.1,1596.96,1.5969600000000002,1595.36304,2024,12,December,Thursday,4
398,6,147,2024-01-03,6,159.14,0.25,954.8399999999999,2.3870999999999998,952.4528999999999,2024,1,January,Wednesday,1
399,6,5,2024-08-17,11,152.79,0.1,1680.6899999999998,1.6806899999999998,1679.00931,2024,8,August,Saturday,3
400,2,5,2024-02-04,9,152.79,0.25,1375.11,3.437775,1371.6722249999998,2024,2,February,Sunday,1
401,7,70,2024-09-03,1,149.07,0.0,149.07,0.0,149.07,2024,9,September,Tuesday,3
402,4,61,2024-02-07,8,24.26,0.0,194.08,0.0,194.08,2024,2,February,Wednesday,1
403,5,30,2024-10-27,7,212.07,0.25,1484.49,3.711225,1480.778775,2024,10,October,Sunday,4
404,1,10,2024-03-21,10,136.82,0.05,1368.1999999999998,0.6840999999999999,1367.5158999999999,2024,3,March,Thursday,1
405,7,37,2024-11-24,3,19.91,0.0,59.730000000000004,0.0,59.730000000000004,2024,11,November,Sunday,4
406,10,44,2024-04-23,10,260.43,0.0,2604.3,0.0,2604.3,2024,4,April,Tuesday,2
407,10,141,2024-03-26,9,45.08,0.15,405.71999999999997,0.6085799999999999,405.11141999999995,2024,3,March,Tuesday,1
408,8,167,2024-03-13,6,20.08,0.05,120.47999999999999,0.06024,120.41976,2024,3,March,Wednesday,1
409,6,170,2024-09-11,5,8.38,0.15,41.900000000000006,0.06285000000000002,41.83715000000001,2024,9,September,Wednesday,3
410,1,163,2024-03-22,12,102.16,0.0,1225.92,0.0,1225.92,2024,3,March,Friday,1
411,1,56,2024-04-26,11,91.09,0.0,1001.99,0.0,1001.99,2024,4,April,Friday,2
412,9,38,2024-09-24,1,27.57,0.15,27.57,0.041354999999999996,27.528645,2024,9,September,Tuesday,3
413,10,40,2024-08-24,2,21.17,0.15,42.34,0.06351,42.27649,2024,8,August,Saturday,3
414,8,67,2024-03-28,11,107.18,0.1,1178.98,1.1789800000000001,1177.80102,2024,3,March,Thursday,1
415,7,144,2024-11-14,7,72.5,0.0,507.5,0.0,507.5,2024,11,November,Thursday,4
416,5,26,2024-07-07,8,163.65,0.15,1309.2,1.9638,1307.2362,2024,7,July,Sunday,3
417,4,118,2024-02-07,4,153.88,0.0,615.52,0.0,615.52,2024,2,February,Wednesday,1
418,4,55,2024-11-20,5,120.86,0.0,604.3,0.0,604.3,2024,11,November,Wednesday,4
419,10,101,2024-11-03,5,131.65,0.1,658.25,0.65825,657.59175,2024,11,November,Sunday,4
420,3,34,2024-01-20,2,99.91,0.1,199.82,0.19982,199.62018,2024,1,January,Saturday,1
421,3,76,2024-07-23,4,150.97,0.0,603.88,0.0,603.88,2024,7,July,Tuesday,3
422,4,21,2024-08-18,2,89.09,0.1,178.18,0.17818,178.00182,2024,8,August,Sunday,3
423,9,91,2024-03-03,9,146.33,0.05,1316.97,0.658485,1316.311515,2024,3,March,Sunday,1
424,3,152,2024-12-01,11,77.49,0.0,852.39,0.0,852.39,2024,12,December,Sunday,4
425,6,98,2024-12-10,2,93.24,0.15,186.48,0.27971999999999997,186.20028,2024,12,December,Tuesday,4
426,4,54,2024-11-26,2,241.98,0.05,483.96,0.24198,483.71801999999997,2024,11,November,Tuesday,4
427,10,63,2024-08-25,4,110.07,0.0,440.28,0.0,440.28,2024,8,August,Sunday,3
428,6,24,2024-04-04,10,80.42,0.05,804.2,0.40210000000000007,803.7979,2024,4,April,Thursday,2
429,1,114,2024-06-23,2,137.91,0.0,275.82,0.0,275.82,2024,6,June,Sunday,2
430,10,142,2024-09-15,7,36.7,0.25,256.90000000000003,0.6422500000000001,256.25775000000004,2024,9,September,Sunday,3
431,5,66,2024-12-01,4,254.58,0.15,1018.32,1.52748,1016.7925200000001,2024,12,December,Sunday,4
432,5,22,2024-08-07,11,28.7,0.1,315.7,0.3157,315.3843,2024,8,August,Wednesday,3
433,10,119,2024-11-10,5,38.1,0.25,190.5,0.47625,190.02375,2024,11,November,Sunday,4
434,4,106,2024-11-20,3,97.25,0.1,291.75,0.29175,291.45825,2024,11,November,Wednesday,4
435,7,55,2024-12-23,6,120.86,0.1,725.16,0.72516,724.43484,2024,12,December,Monday,4
436,9,124,2024-07-13,7,19.68,0.0,137.76,0.0,137.76,2024,7,July,Saturday,3
437,4,146,2024-05-12,8,127.32,0.0,1018.56,0.0,1018.56,2024,5,May,Sunday,2
438,6,141,2024-06-05,4,45.08,0.0,180.32,0.0,180.32,2024,6,June,Wednesday,2
439,5,38,2024-04-21,7,27.57,0.0,192.99,0.0,192.99,2024,4,April,Sunday,2
440,4,170,2024-11-13,1,8.38,0.0,8.38,0.0,8.38,2024,11,November,Wednesday,4
441,2,148,2024-10-23,6,126.73,0.1,760.38,0.76038,759.6196199999999,2024,10,October,Wednesday,4
442,5,13,2024-02-14,9,91.64,0.1,824.76,0.8247599999999999,823.93524,2024,2,February,Wednesday,1
443,1,19,2024-11-28,8,61.27,0.1,490.16,0.49016000000000004,489.66984,2024,11,November,Thursday,4
444,4,68,2024-12-24,11,17.26,0.05,189.86,0.09493,189.76507,2024,12,December,Tuesday,4
445,9,146,2024-11-08,11,127.32,0.25,1400.52,3.5013,1397.0187,2024,11,November,Friday,4
446,3,136,2024-07-11,8,182.39,0.0,1459.12,0.0,1459.12,2024,7,July,Thursday,3
447,5,108,2024-12-22,2,151.96,0.15,303.92,0.45588,303.46412000000004,2024,12,December,Sunday,4
448,1,90,2024-09-16,7,98.0,0.0,686.0,0.0,686.0,2024,9,September,Monday,3
449,5,169,2024-12-21,6,48.02,0.0,288.12,0.0,288.12,2024,12,December,Saturday,4
450,2,94,2024-05-27,7,179.27,0.15,1254.89,1.8823350000000003,1253.007665,2024,5,May,Monday,2
451,6,37,2024-01-04,2,19.91,0.25,39.82,0.09955,39.72045,2024,1,January,Thursday,1
452,10,108,2024-11-10,8,151.96,0.15,1215.68,1.82352,1213.8564800000001,2024,11,November,Sunday,4
453,4,129,2024-09-24,11,151.03,0.0,1661.33,0.0,1661.33,2024,9,September,Tuesday,3
454,6,158,2024-03-31,7,81.38,0.0,569.66,0.0,569.66,2024,3,March,Sunday,1
455,5,158,2024-07-02,7,81.38,0.25,569.66,1.42415,568.2358499999999,2024,7,July,Tuesday,3
456,2,79,2024-06-16,2,156.97,0.0,313.94,0.0,313.94,2024,6,June,Sunday,2
457,9,96,2024-10-14,5,169.6,0.1,848.0,0.8480000000000001,847.152,2024,10,October,Monday,4
458,10,143,2024-09-11,6,233.86,0.1,1403.16,1.40316,1401.75684,2024,9,September,Wednesday,3
459,2,55,2024-07-05,6,120.86,0.1,725.16,0.72516,724.43484,2024,7,July,Friday,3
460,9,54,2024-04-24,4,241.98,0.0,967.92,0.0,967.92,2024,4,April,Wednesday,2
461,2,10,2024-09-02,1,136.82,0.0,136.82,0.0,136.82,2024,9,September,Monday,3
462,9,164,2024-05-21,12,78.92,0.0,947.04,0.0,947.04,2024,5,May,Tuesday,2
463,3,76,2024-12-22,6,150.97,0.25,905.8199999999999,2.26455,903.55545,2024,12,December,Sunday,4
464,8,168,2024-04-02,8,115.57,0.0,924.56,0.0,924.56,2024,4,April,Tuesday,2
465,7,89,2024-07-10,10,16.36,0.25,163.6,0.409,163.191,2024,7,July,Wednesday,3
466,8,33,2024-09-10,12,162.49,0.05,1949.88,0.9749400000000001,1948.90506,2024,9,September,Tuesday,3
467,6,137,2024-10-08,6,165.65,0.0,993.9000000000001,0.0,993.9000000000001,2024,10,October,Tuesday,4
468,9,14,2024-12-12,2,13.97,0.15,27.94,0.041909999999999996,27.89809,2024,12,December,Thursday,4
469,8,148,2024-08-20,7,126.73,0.0,887.11,0.0,887.11,2024,8,August,Tuesday,3
470,9,60,2024-05-01,2,27.88,0.1,55.76,0.055760000000000004,55.70424,2024,5,May,Wednesday,2
471,6,152,2024-04-15,2,77.49,0.05,154.98,0.07749,154.90250999999998,2024,4,April,Monday,2
472,5,57,2024-12-11,6,75.29,0.1,451.74,0.4517400000000001,451.28826000000004,2024,12,December,Wednesday,4
473,1,91,2024-11-05,12,146.33,0.0,1755.96,0.0,1755.96,2024,11,November,Tuesday,4
474,8,44,2024-08-10,2,260.43,0.0,520.86,0.0,520.86,2024,8,August,Saturday,3
475,10,168,2024-11-23,10,115.57,0.1,1155.6999999999998,1.1557,1154.5442999999998,2024,11,November,Saturday,4
476,1,40,2024-12-15,5,21.17,0.05,105.85000000000001,0.05292500000000001,105.797075,2024,12,December,Sunday,4
477,9,129,2024-09-20,12,151.03,0.0,1812.3600000000001,0.0,1812.3600000000001,2024,9,September,Friday,3
478,3,42,2024-12-16,4,169.87,0.0,679.48,0.0,679.48,2024,12,December,Monday,4
479,9,118,2024-12-13,6,153.88,0.25,923.28,2.3082,920.9717999999999,2024,12,December,Friday,4
480,7,60,2024-02-18,10,27.88,0.0,278.8,0.0,278.8,2024,2,February,Sunday,1
481,9,68,2024-10-10,8,17.26,0.0,138.08,0.0,138.08,2024,10,October,Thursday,4
482,3,50,2024-11-17,6,168.2,0.0,1009.1999999999999,0.0,1009.1999999999999,2024,11,November,Sunday,4
483,7,95,2024-12-01,5,244.81,0.1,1224.05,1.22405,1222.82595,2024,12,December,Sunday,4
484,3,113,2024-08-12,1,114.72,0.05,114.72,0.05736000000000001,114.66264,2024,8,August,Monday,3
485,4,114,2024-05-01,8,137.91,0.1,1103.28,1.10328,1102.17672,2024,5,May,Wednesday,2
486,7,97,2024-02-09,7,51.84,0.15,362.88,0.5443199999999999,362.33567999999997,2024,2,February,Friday,1
487,9,73,2024-05-26,4,242.79,0.0,971.16,0.0,971.16,2024,5,May,Sunday,2
488,2,95,2024-08-27,2,244.81,0.0,489.62,0.0,489.62,2024,8,August,Tuesday,3
489,8,62,2024-08-11,6,11.77,0.0,70.62,0.0,70.62,2024,8,August,Sunday,3
490,5,149,2024-11-01,3,212.9,0.0,638.7,0.0,638.7,2024,11,November,Friday,4
491,9,51,2024-07-05,11,160.16,0.05,1761.76,0.8808800000000001,1760.87912,2024,7,July,Friday,3
492,10,37,2024-05-24,12,19.91,0.1,238.92000000000002,0.23892000000000002,238.68108,2024,5,May,Friday,2
493,1,126,2024-06-18,3,28.64,0.0,85.92,0.0,85.92,2024,6,June,Tuesday,2
494,9,1,2024-03-25,2,38.35,0.0,76.7,0.0,76.7,2024,3,March,Monday,1
495,9,119,2024-04-09,1,38.1,0.15,38.1,0.05715,38.04285,2024,4,April,Tuesday,2
496,7,9,2024-06-10,8,100.29,0.0,802.32,0.0,802.32,2024,6,June,Monday,2
497,7,121,2024-05-17,7,164.69,0.0,1152.83,0.0,1152.83,2024,5,May,Friday,2
498,7,11,2024-01-22,10,117.42,0.25,1174.2,2.9355,1171.2645,2024,1,January,Monday,1
499,8,136,2024-06-30,2,182.39,0.0,364.78,0.0,364.78,2024,6,June,Sunday,2
500,6,54,2024-05-10,3,241.98,0.05,725.9399999999999,0.36296999999999996,725.5770299999999,2024,5,May,Friday,2
501,10,117,2024-03-20,1,144.39,0.1,144.39,0.14439,144.24561,2024,3,March,Wednesday,1
502,5,26,2024-01-07,5,163.65,0.0,818.25,0.0,818.25,2024,1,January,Sunday,1
503,3,134,2024-06-04,9,141.92,0.0,1277.28,0.0,1277.28,2024,6,June,Tuesday,2
504,6,153,2024-12-02,9,149.65,0.0,1346.8500000000001,0.0,1346.8500000000001,2024,12,December,Monday,4
505,6,78,2024-10-20,12,125.42,0.0,1505.04,0.0,1505.04,2024,10,October,Sunday,4
506,8,77,2024-08-26,2,68.92,0.15,137.84,0.20675999999999997,137.63324,2024,8,August,Monday,3
507,3,145,2024-01-02,6,33.88,0.0,203.28000000000003,0.0,203.28000000000003,2024,1,January,Tuesday,1
508,1,37,2024-06-21,2,19.91,0.25,39.82,0.09955,39.72045,2024,6,June,Friday,2
509,7,70,2024-03-15,4,149.07,0.05,596.28,0.29814,595.98186,2024,3,March,Friday,1
510,1,120,2024-12-22,10,234.32,0.1,2343.2,2.3432,2340.8568,2024,12,December,Sunday,4
511,6,133,2024-03-31,5,107.43,0.25,537.1500000000001,1.3428750000000003,535.807125,2024,3,March,Sunday,1
512,6,105,2024-09-05,3,136.88,0.0,410.64,0.0,410.64,2024,9,September,Thursday,3
513,3,28,2024-01-29,4,143.98,0.15,575.92,0.8638799999999999,575.05612,2024,1,January,Monday,1
514,2,122,2024-04-20,9,28.93,0.15,260.37,0.39055500000000004,259.979445,2024,4,April,Saturday,2
515,6,26,2024-10-30,1,163.65,0.05,163.65,0.08182500000000001,163.568175,2024,10,October,Wednesday,4
516,3,6,2024-11-22,7,18.62,0.0,130.34,0.0,130.34,2024,11,November,Friday,4
517,10,24,2024-06-05,9,80.42,0.0,723.78,0.0,723.78,2024,6,June,Wednesday,2
518,3,149,2024-12-10,12,212.9,0.0,2554.8,0.0,2554.8,2024,12,December,Tuesday,4
519,7,15,2024-11-10,7,149.2,0.0,1044.3999999999999,0.0,1044.3999999999999,2024,11,November,Sunday,4
520,9,6,2024-04-09,6,18.62,0.05,111.72,0.05586,111.66414,2024,4,April,Tuesday,2
521,5,70,2024-04-03,11,149.07,0.0,1639.77,0.0,1639.77,2024,4,April,Wednesday,2
522,7,77,2024-06-09,11,68.92,0.0,758.12,0.0,758.12,2024,6,June,Sunday,2
523,8,29,2024-07-25,2,128.85,0.25,257.7,0.64425,257.05575,2024,7,July,Thursday,3
524,3,147,2024-01-14,12,159.14,0.1,1909.6799999999998,1.9096799999999998,1907.7703199999999,2024,1,January,Sunday,1
525,6,100,2024-12-05,8,120.25,0.15,962.0,1.4429999999999998,960.557,2024,12,December,Thursday,4
526,2,98,2024-12-18,10,93.24,0.0,932.4,0.0,932.4,2024,12,December,Wednesday,4
527,1,46,2024-11-02,10,46.4,0.25,464.0,1.16,462.84,2024,11,November,Saturday,4
528,2,32,2024-01-01,5,195.25,0.1,976.25,0.97625,975.27375,2024,1,January,Monday,1
529,2,67,2024-06-01,9,107.18,0.1,964.6200000000001,0.9646200000000001,963.6553800000002,2024,6,June,Saturday,2
530,9,162,2024-02-25,2,125.27,0.1,250.54,0.25054000000000004,250.28946,2024,2,February,Sunday,1
531,7,87,2024-12-20,10,211.16,0.0,2111.6,0.0,2111.6,2024,12,December,Friday,4
532,1,2,2024-07-30,3,81.57,0.15,244.70999999999998,0.367065,244.34293499999998,2024,7,July,Tuesday,3
533,10,103,2024-02-10,6,143.37,0.1,860.22,0.8602200000000001,859.35978,2024,2,February,Saturday,1
534,6,70,2024-03-09,7,149.07,0.0,1043.49,0.0,1043.49,2024,3,March,Saturday,1
535,5,147,2024-06-22,3,159.14,0.25,477.41999999999996,1.1935499999999999,476.22644999999994,2024,6,June,Saturday,2
536,3,71,2024-08-22,3,11.55,0.05,34.650000000000006,0.017325000000000004,34.632675000000006,2024,8,August,Thursday,3
537,4,141,2024-07-16,11,45.08,0.0,495.88,0.0,495.88,2024,7,July,Tuesday,3
538,9,51,2024-04-02,12,160.16,0.05,1921.92,0.96096,1920.9590400000002,2024,4,April,Tuesday,2
539,2,26,2024-08-12,4,163.65,0.25,654.6,1.6365,652.9635000000001,2024,8,August,Monday,3
540,6,119,2024-11-10,11,38.1,0.1,419.1,0.41910000000000003,418.6809,2024,11,November,Sunday,4
541,10,56,2024-01-27,10,91.09,0.25,910.9000000000001,2.2772500000000004,908.6227500000001,2024,1,January,Saturday,1
542,8,76,2024-07-28,1,150.97,0.0,150.97,0.0,150.97,2024,7,July,Sunday,3
543,6,61,2024-05-28,1,24.26,0.0,24.26,0.0,24.26,2024,5,May,Tuesday,2
544,4,133,2024-08-23,5,107.43,0.15,537.1500000000001,0.805725,536.344275,2024,8,August,Friday,3
545,1,14,2024-09-09,10,13.97,0.0,139.70000000000002,0.0,139.70000000000002,2024,9,September,Monday,3
546,5,33,2024-12-11,11,162.49,0.1,1787.39,1.7873900000000003,1785.6026100000001,2024,12,December,Wednesday,4
547,8,7,2024-12-26,7,12.29,0.0,86.03,0.0,86.03,2024,12,December,Thursday,4
548,2,68,2024-11-25,6,17.26,0.05,103.56,0.05178000000000001,103.50822000000001,2024,11,November,Monday,4
549,9,71,2024-10-30,9,11.55,0.0,103.95,0.0,103.95,2024,10,October,Wednesday,4
550,6,146,2024-12-04,1,127.32,0.0,127.32,0.0,127.32,2024,12,December,Wednesday,4
551,1,154,2024-03-11,2,104.34,0.0,208.68,0.0,208.68,2024,3,March,Monday,1
552,2,25,2024-11-18,2,179.28,0.0,358.56,0.0,358.56,2024,11,November,Monday,4
553,9,152,2024-12-06,12,77.49,0.15,929.8799999999999,1.3948199999999997,928.4851799999999,2024,12,December,Friday,4
554,2,157,2024-09-09,5,147.67,0.0,738.3499999999999,0.0,738.3499999999999,2024,9,September,Monday,3
555,5,115,2024-08-29,1,212.31,0.1,212.31,0.21231000000000003,212.09769,2024,8,August,Thursday,3
556,2,90,2024-10-06,4,98.0,0.25,392.0,0.98,391.02,2024,10,October,Sunday,4
557,4,107,2024-11-01,5,9.07,0.0,45.35,0.0,45.35,2024,11,November,Friday,4
558,2,13,2024-08-20,7,91.64,0.0,641.48,0.0,641.48,2024,8,August,Tuesday,3
559,7,37,2024-08-11,8,19.91,0.0,159.28,0.0,159.28,2024,8,August,Sunday,3
560,9,106,2024-05-12,8,97.25,0.0,778.0,0.0,778.0,2024,5,May,Sunday,2
561,8,41,2024-12-17,6,157.72,0.15,946.3199999999999,1.4194799999999999,944.9005199999999,2024,12,December,Tuesday,4
562,7,170,2024-11-23,1,8.38,0.0,8.38,0.0,8.38,2024,11,November,Saturday,4
563,5,132,2024-08-23,12,133.08,0.0,1596.96,0.0,1596.96,2024,8,August,Friday,3
564,7,73,2024-02-24,4,242.79,0.1,971.16,0.97116,970.1888399999999,2024,2,February,Saturday,1
565,3,59,2024-11-09,3,30.25,0.25,90.75,0.226875,90.523125,2024,11,November,Saturday,4
566,7,58,2024-02-10,10,216.14,0.05,2161.3999999999996,1.0807,2160.3192999999997,2024,2,February,Saturday,1
567,1,25,2024-04-15,12,179.28,0.1,2151.36,2.1513600000000004,2149.2086400000003,2024,4,April,Monday,2
568,8,141,2024-01-08,7,45.08,0.1,315.56,0.31556,315.24444,2024,1,January,Monday,1
569,7,122,2024-12-28,3,28.93,0.05,86.78999999999999,0.043395,86.74660499999999,2024,12,December,Saturday,4
570,1,123,2024-10-13,6,108.4,0.0,650.4000000000001,0.0,650.4000000000001,2024,10,October,Sunday,4
571,5,52,2024-09-16,4,158.1,0.25,632.4,1.581,630.819,2024,9,September,Monday,3
572,3,119,2024-03-15,6,38.1,0.25,228.60000000000002,0.5715,228.02850000000004,2024,3,March,Friday,1
573,1,22,2024-08-14,9,28.7,0.0,258.3,0.0,258.3,2024,8,August,Wednesday,3
574,8,128,2024-04-04,4,177.81,0.0,711.24,0.0,711.24,2024,4,April,Thursday,2
575,8,87,2024-12-02,2,211.16,0.25,422.32,1.0558,421.2642,2024,12,December,Monday,4
576,10,77,2024-06-23,8,68.92,0.25,551.36,1.3784,549.9816,2024,6,June,Sunday,2
577,5,115,2024-02-16,11,212.31,0.0,2335.41,0.0,2335.41,2024,2,February,Friday,1
578,5,4,2024-05-28,6,167.47,0.0,1004.8199999999999,0.0,1004.8199999999999,2024,5,May,Tuesday,2
579,5,111,2024-04-10,6,43.1,0.1,258.6,0.25860000000000005,258.3414,2024,4,April,Wednesday,2
580,5,9,2024-02-10,3,100.29,0.0,300.87,0.0,300.87,2024,2,February,Saturday,1
581,5,146,2024-12-25,12,127.32,0.0,1527.84,0.0,1527.84,2024,12,December,Wednesday,4
582,9,110,2024-11-02,1,240.3,0.05,240.3,0.12015,240.17985000000002,2024,11,November,Saturday,4
583,10,39,2024-06-03,8,112.9,0.05,903.2,0.45160000000000006,902.7484000000001,2024,6,June,Monday,2
584,8,125,2024-12-28,4,151.37,0.15,605.48,0.90822,604.57178,2024,12,December,Saturday,4
585,1,32,2024-12-02,7,195.25,0.05,1366.75,0.6833750000000001,1366.066625,2024,12,December,Monday,4
586,1,102,2024-02-09,10,25.17,0.1,251.70000000000002,0.25170000000000003,251.44830000000002,2024,2,February,Friday,1
587,8,121,2024-12-21,3,164.69,0.0,494.07,0.0,494.07,2024,12,December,Saturday,4
588,6,7,2024-05-18,2,12.29,0.1,24.58,0.02458,24.555419999999998,2024,5,May,Saturday,2
589,2,55,2024-04-16,3,120.86,0.25,362.58,0.90645,361.67355,2024,4,April,Tuesday,2
590,2,53,2024-10-17,12,131.05,0.05,1572.6000000000001,0.7863000000000001,1571.8137000000002,2024,10,October,Thursday,4
591,9,94,2024-01-26,12,179.27,0.0,2151.2400000000002,0.0,2151.2400000000002,2024,1,January,Friday,1
592,10,125,2024-09-02,12,151.37,0.25,1816.44,4.5411,1811.8989000000001,2024,9,September,Monday,3
593,10,77,2024-12-01,5,68.92,0.25,344.6,0.8615,343.73850000000004,2024,12,December,Sunday,4
594,4,123,2024-05-16,10,108.4,0.1,1084.0,1.084,1082.916,2024,5,May,Thursday,2
595,7,60,2024-12-23,12,27.88,0.25,334.56,0.8364,333.7236,2024,12,December,Monday,4
596,7,14,2024-07-04,9,13.97,0.0,125.73,0.0,125.73,2024,7,July,Thursday,3
597,10,81,2024-08-17,1,39.73,0.15,39.73,0.059594999999999995,39.670404999999995,2024,8,August,Saturday,3
598,7,31,2024-11-28,8,110.33,0.1,882.64,0.8826400000000001,881.75736,2024,11,November,Thursday,4
599,2,51,2024-01-14,8,160.16,0.1,1281.28,1.2812800000000002,1279.99872,2024,1,January,Sunday,1
600,4,122,2024-08-14,2,28.93,0.15,57.86,0.08679,57.77321,2024,8,August,Wednesday,3
601,10,40,2024-06-02,9,21.17,0.1,190.53000000000003,0.19053000000000003,190.33947000000003,2024,6,June,Sunday,2
602,6,156,2024-12-14,5,173.78,0.0,868.9,0.0,868.9,2024,12,December,Saturday,4
603,9,11,2024-07-14,10,117.42,0.25,1174.2,2.9355,1171.2645,2024,7,July,Sunday,3
604,8,24,2024-01-16,6,80.42,0.0,482.52,0.0,482.52,2024,1,January,Tuesday,1
605,5,61,2024-03-19,10,24.26,0.0,242.60000000000002,0.0,242.60000000000002,2024,3,March,Tuesday,1
606,5,7,2024-12-14,5,12.29,0.05,61.449999999999996,0.030725,61.419275,2024,12,December,Saturday,4
607,3,80,2024-09-15,9,210.02,0.1,1890.18,1.8901800000000002,1888.28982,2024,9,September,Sunday,3
608,2,100,2024-01-28,6,120.25,0.0,721.5,0.0,721.5,2024,1,January,Sunday,1
609,6,79,2024-05-04,12,156.97,0.05,1883.6399999999999,0.94182,1882.6981799999999,2024,5,May,Saturday,2
610,1,119,2024-08-18,3,38.1,0.15,114.30000000000001,0.17145,114.12855000000002,2024,8,August,Sunday,3
611,5,36,2024-05-28,6,31.45,0.25,188.7,0.47174999999999995,188.22825,2024,5,May,Tuesday,2
612,8,121,2024-11-20,9,164.69,0.05,1482.21,0.741105,1481.468895,2024,11,November,Wednesday,4
613,9,97,2024-11-28,11,51.84,0.15,570.24,0.85536,569.38464,2024,11,November,Thursday,4
614,3,151,2024-09-16,11,22.4,0.1,246.39999999999998,0.2464,246.15359999999998,2024,9,September,Monday,3
615,10,37,2024-05-23,10,19.91,0.25,199.1,0.49774999999999997,198.60225,2024,5,May,Thursday,2
616,3,146,2024-06-26,5,127.32,0.0,636.5999999999999,0.0,636.5999999999999,2024,6,June,Wednesday,2
617,5,106,2024-11-18,12,97.25,0.1,1167.0,1.167,1165.833,2024,11,November,Monday,4
618,10,99,2024-11-11,7,207.07,0.0,1449.49,0.0,1449.49,2024,11,November,Monday,4
619,1,52,2024-07-08,2,158.1,0.05,316.2,0.15810000000000002,316.0419,2024,7,July,Monday,3
620,7,120,2024-11-27,11,234.32,0.15,2577.52,3.8662799999999997,2573.65372,2024,11,November,Wednesday,4
621,7,44,2024-09-15,3,260.43,0.1,781.29,0.78129,780.50871,2024,9,September,Sunday,3
622,7,72,2024-02-29,11,94.95,0.05,1044.45,0.522225,1043.927775,2024,2,February,Thursday,1
623,4,38,2024-06-11,2,27.57,0.05,55.14,0.02757,55.11243,2024,6,June,Tuesday,2
624,4,85,2024-01-31,1,88.45,0.15,88.45,0.132675,88.317325,2024,1,January,Wednesday,1
625,1,132,2024-12-04,4,133.08,0.1,532.32,0.53232,531.78768,2024,12,December,Wednesday,4
626,7,3,2024-07-27,11,91.88,0.25,1010.68,2.5267,1008.1533,2024,7,July,Saturday,3
627,7,120,2024-01-27,2,234.32,0.0,468.64,0.0,468.64,2024,1,January,Saturday,1
628,7,101,2024-02-29,4,131.65,0.15,526.6,0.7898999999999999,525.8101,2024,2,February,Thursday,1
629,2,161,2024-09-30,9,203.07,0.15,1827.6299999999999,2.741445,1824.8885549999998,2024,9,September,Monday,3
630,3,166,2024-01-31,1,44.53,0.05,44.53,0.022265,44.507735000000004,2024,1,January,Wednesday,1
631,1,135,2024-12-28,5,198.75,0.15,993.75,1.490625,992.259375,2024,12,December,Saturday,4
632,4,40,2024-03-23,10,21.17,0.05,211.70000000000002,0.10585000000000001,211.59415,2024,3,March,Saturday,1
633,4,133,2024-03-11,2,107.43,0.0,214.86,0.0,214.86,2024,3,March,Monday,1
634,2,20,2024-12-04,3,150.34,0.0,451.02,0.0,451.02,2024,12,December,Wednesday,4
635,5,65,2024-08-13,10,65.09,0.0,650.9000000000001,0.0,650.9000000000001,2024,8,August,Tuesday,3
636,1,31,2024-02-28,2,110.33,0.25,220.66,0.55165,220.10835,2024,2,February,Wednesday,1
637,5,126,2024-12-25,7,28.64,0.15,200.48000000000002,0.30072000000000004,200.17928,2024,12,December,Wednesday,4
638,9,157,2024-11-07,4,147.67,0.0,590.68,0.0,590.68,2024,11,November,Thursday,4
639,4,122,2024-10-18,8,28.93,0.0,231.44,0.0,231.44,2024,10,October,Friday,4
640,10,82,2024-07-20,9,111.57,0.0,1004.1299999999999,0.0,1004.1299999999999,2024,7,July,Saturday,3
641,9,59,2024-08-16,12,30.25,0.0,363.0,0.0,363.0,2024,8,August,Friday,3
642,7,101,2024-07-03,6,131.65,0.05,789.9000000000001,0.39495,789.5050500000001,2024,7,July,Wednesday,3
643,5,116,2024-12-12,6,182.63,0.0,1095.78,0.0,1095.78,2024,12,December,Thursday,4
644,6,10,2024-12-20,10,136.82,0.0,1368.1999999999998,0.0,1368.1999999999998,2024,12,December,Friday,4
645,5,132,2024-08-02,8,133.08,0.25,1064.64,2.6616000000000004,1061.9784000000002,2024,8,August,Friday,3
646,6,38,2024-12-17,7,27.57,0.0,192.99,0.0,192.99,2024,12,December,Tuesday,4
647,10,115,2024-10-17,1,212.31,0.0,212.31,0.0,212.31,2024,10,October,Thursday,4
648,6,67,2024-05-19,3,107.18,0.0,321.54,0.0,321.54,2024,5,May,Sunday,2
649,5,108,2024-10-29,7,151.96,0.1,1063.72,1.0637200000000002,1062.65628,2024,10,October,Tuesday,4
650,10,47,2024-08-06,8,118.87,0.0,950.96,0.0,950.96,2024,8,August,Tuesday,3
651,3,5,2024-02-03,10,152.79,0.15,1527.8999999999999,2.2918499999999997,1525.6081499999998,2024,2,February,Saturday,1
652,8,24,2024-12-07,2,80.42,0.0,160.84,0.0,160.84,2024,12,December,Saturday,4
653,3,43,2024-09-09,1,88.26,0.1,88.26,0.08826,88.17174,2024,9,September,Monday,3
654,7,22,2024-05-05,12,28.7,0.25,344.4,0.861,343.539,2024,5,May,Sunday,2
655,1,31,2024-12-18,12,110.33,0.0,1323.96,0.0,1323.96,2024,12,December,Wednesday,4
656,3,133,2024-07-07,3,107.43,0.0,322.29,0.0,322.29,2024,7,July,Sunday,3
657,3,168,2024-01-20,2,115.57,0.15,231.14,0.34671,230.79328999999998,2024,1,January,Saturday,1
658,2,168,2024-12-10,9,115.57,0.15,1040.1299999999999,1.5601949999999996,1038.5698049999999,2024,12,December,Tuesday,4
659,7,41,2024-03-09,8,157.72,0.0,1261.76,0.0,1261.76,2024,3,March,Saturday,1
660,5,91,2024-04-20,4,146.33,0.05,585.32,0.29266000000000003,585.0273400000001,2024,4,April,Saturday,2
661,5,129,2024-05-27,11,151.03,0.0,1661.33,0.0,1661.33,2024,5,May,Monday,2
662,5,40,2024-05-14,2,21.17,0.05,42.34,0.021170000000000005,42.318830000000005,2024,5,May,Tuesday,2
663,8,1,2024-04-21,3,38.35,0.15,115.05000000000001,0.172575,114.87742500000002,2024,4,April,Sunday,2
664,9,156,2024-10-21,1,173.78,0.05,173.78,0.08689,173.69311,2024,10,October,Monday,4
665,9,29,2024-04-07,10,128.85,0.0,1288.5,0.0,1288.5,2024,4,April,Sunday,2
666,3,134,2024-02-16,12,141.92,0.05,1703.04,0.85152,1702.18848,2024,2,February,Friday,1
667,2,70,2024-12-27,5,149.07,0.0,745.3499999999999,0.0,745.3499999999999,2024,12,December,Friday,4
668,5,77,2024-07-24,3,68.92,0.0,206.76,0.0,206.76,2024,7,July,Wednesday,3
669,9,158,2024-11-08,3,81.38,0.0,244.14,0.0,244.14,2024,11,November,Friday,4
670,6,67,2024-02-25,10,107.18,0.0,1071.8000000000002,0.0,1071.8000000000002,2024,2,February,Sunday,1
671,1,18,2024-07-07,10,204.77,0.05,2047.7,1.0238500000000001,2046.67615,2024,7,July,Sunday,3
672,4,113,2024-04-19,11,114.72,0.0,1261.92,0.0,1261.92,2024,4,April,Friday,2
673,9,152,2024-05-28,6,77.49,0.0,464.93999999999994,0.0,464.93999999999994,2024,5,May,Tuesday,2
674,5,47,2024-11-02,3,118.87,0.25,356.61,0.891525,355.718475,2024,11,November,Saturday,4
675,6,17,2024-03-08,3,92.08,0.0,276.24,0.0,276.24,2024,3,March,Friday,1
676,4,51,2024-08-08,6,160.16,0.0,960.96,0.0,960.96,2024,8,August,Thursday,3
677,8,156,2024-03-15,6,173.78,0.05,1042.68,0.52134,1042.15866,2024,3,March,Friday,1
678,2,112,2024-02-05,11,58.1,0.0,639.1,0.0,639.1,2024,2,February,Monday,1
679,4,7,2024-09-28,1,12.29,0.0,12.29,0.0,12.29,2024,9,September,Saturday,3
680,8,30,2024-11-18,2,212.07,0.15,424.14,0.6362099999999999,423.50379,2024,11,November,Monday,4
681,4,24,2024-11-06,10,80.42,0.25,804.2,2.0105,802.1895000000001,2024,11,November,Wednesday,4
682,1,78,2024-08-14,1,125.42,0.0,125.42,0.0,125.42,2024,8,August,Wednesday,3
683,6,78,2024-10-04,7,125.42,0.05,877.94,0.4389700000000001,877.50103,2024,10,October,Friday,4
684,1,128,2024-02-27,11,177.81,0.0,1955.91,0.0,1955.91,2024,2,February,Tuesday,1
685,8,128,2024-03-04,5,177.81,0.0,889.05,0.0,889.05,2024,3,March,Monday,1
686,10,163,2024-09-10,2,102.16,0.1,204.32,0.20432000000000003,204.11568,2024,9,September,Tuesday,3
687,9,15,2024-01-12,5,149.2,0.05,746.0,0.37300000000000005,745.627,2024,1,January,Friday,1
688,7,143,2024-06-06,12,233.86,0.15,2806.32,4.20948,2802.11052,2024,6,June,Thursday,2
689,2,100,2024-03-13,2,120.25,0.05,240.5,0.12025000000000001,240.37975,2024,3,March,Wednesday,1
690,3,163,2024-09-20,4,102.16,0.1,408.64,0.40864000000000006,408.23136,2024,9,September,Friday,3
691,9,170,2024-07-03,12,8.38,0.0,100.56,0.0,100.56,2024,7,July,Wednesday,3
692,4,66,2024-02-01,7,254.58,0.0,1782.0600000000002,0.0,1782.0600000000002,2024,2,February,Thursday,1
693,7,18,2024-09-04,7,204.77,0.15,1433.39,2.150085,1431.239915,2024,9,September,Wednesday,3
694,9,39,2024-02-16,3,112.9,0.05,338.70000000000005,0.16935000000000003,338.53065000000004,2024,2,February,Friday,1
695,5,104,2024-05-18,11,246.47,0.0,2711.17,0.0,2711.17,2024,5,May,Saturday,2
696,4,97,2024-04-26,7,51.84,0.1,362.88,0.36288000000000004,362.51712,2024,4,April,Friday,2
697,3,6,2024-11-03,1,18.62,0.1,18.62,0.01862,18.601380000000002,2024,11,November,Sunday,4
698,8,45,2024-01-04,2,29.94,0.05,59.88,0.02994,59.85006,2024,1,January,Thursday,1
699,3,113,2024-09-05,6,114.72,0.15,688.3199999999999,1.0324799999999998,687.28752,2024,9,September,Thursday,3
700,9,170,2024-09-20,10,8.38,0.0,83.80000000000001,0.0,83.80000000000001,2024,9,September,Friday,3
701,2,104,2024-03-26,9,246.47,0.0,2218.23,0.0,2218.23,2024,3,March,Tuesday,1
702,7,98,2024-05-12,2,93.24,0.0,186.48,0.0,186.48,2024,5,May,Sunday,2
703,6,107,2024-10-01,3,9.07,0.0,27.21,0.0,27.21,2024,10,October,Tuesday,4
704,5,36,2024-03-12,1,31.45,0.0,31.45,0.0,31.45,2024,3,March,Tuesday,1
705,7,108,2024-11-28,3,151.96,0.05,455.88,0.22794,455.65206,2024,11,November,Thursday,4
706,10,51,2024-01-17,8,160.16,0.0,1281.28,0.0,1281.28,2024,1,January,Wednesday,1
707,1,66,2024-10-04,6,254.58,0.0,1527.48,0.0,1527.48,2024,10,October,Friday,4
708,9,93,2024-11-15,8,187.19,0.0,1497.52,0.0,1497.52,2024,11,November,Friday,4
709,9,78,2024-12-02,10,125.42,0.1,1254.2,1.2542000000000002,1252.9458,2024,12,December,Monday,4
710,7,147,2024-11-24,3,159.14,0.05,477.41999999999996,0.23870999999999998,477.18128999999993,2024,11,November,Sunday,4
711,8,61,2024-02-15,10,24.26,0.15,242.60000000000002,0.3639,242.23610000000002,2024,2,February,Thursday,1
712,4,77,2024-06-13,12,68.92,0.25,827.04,2.0676,824.9724,2024,6,June,Thursday,2
713,4,23,2024-03-13,4,135.4,0.0,541.6,0.0,541.6,2024,3,March,Wednesday,1
714,6,52,2024-09-11,11,158.1,0.0,1739.1,0.0,1739.1,2024,9,September,Wednesday,3
715,2,163,2024-04-04,3,102.16,0.0,306.48,0.0,306.48,2024,4,April,Thursday,2
716,8,97,2024-02-22,8,51.84,0.0,414.72,0.0,414.72,2024,2,February,Thursday,1
717,8,48,2024-03-25,12,43.06,0.0,516.72,0.0,516.72,2024,3,March,Monday,1
718,5,32,2024-11-29,6,195.25,0.25,1171.5,2.92875,1168.57125,2024,11,November,Friday,4
719,5,45,2024-10-25,9,29.94,0.25,269.46000000000004,0.6736500000000001,268.78635,2024,10,October,Friday,4
720,6,14,2024-07-30,12,13.97,0.15,167.64000000000001,0.25146,167.38854,2024,7,July,Tuesday,3
721,7,121,2024-02-16,10,164.69,0.0,1646.9,0.0,1646.9,2024,2,February,Friday,1
722,10,77,2024-08-30,2,68.92,0.15,137.84,0.20675999999999997,137.63324,2024,8,August,Friday,3
723,3,158,2024-07-11,4,81.38,0.05,325.52,0.16276,325.35724,2024,7,July,Thursday,3
724,7,145,2024-11-06,7,33.88,0.1,237.16000000000003,0.23716000000000004,236.92284000000004,2024,11,November,Wednesday,4
725,3,151,2024-11-30,11,22.4,0.1,246.39999999999998,0.2464,246.15359999999998,2024,11,November,Saturday,4
726,8,105,2024-01-19,7,136.88,0.0,958.16,0.0,958.16,2024,1,January,Friday,1
727,3,24,2024-06-25,11,80.42,0.1,884.62,0.8846200000000001,883.73538,2024,6,June,Tuesday,2
728,10,5,2024-05-17,5,152.79,0.05,763.9499999999999,0.38197499999999995,763.5680249999999,2024,5,May,Friday,2
729,1,48,2024-01-26,1,43.06,0.25,43.06,0.10765000000000001,42.95235,2024,1,January,Friday,1
730,8,83,2024-02-01,3,48.4,0.0,145.2,0.0,145.2,2024,2,February,Thursday,1
731,5,138,2024-12-12,3,98.66,0.0,295.98,0.0,295.98,2024,12,December,Thursday,4
732,8,102,2024-12-02,11,25.17,0.0,276.87,0.0,276.87,2024,12,December,Monday,4
733,3,45,2024-01-31,12,29.94,0.15,359.28000000000003,0.5389200000000001,358.74108,2024,1,January,Wednesday,1
734,7,153,2024-01-31,1,149.65,0.0,149.65,0.0,149.65,2024,1,January,Wednesday,1
735,5,61,2024-07-09,7,24.26,0.0,169.82000000000002,0.0,169.82000000000002,2024,7,July,Tuesday,3
736,3,123,2024-08-30,11,108.4,0.05,1192.4,0.5962000000000001,1191.8038000000001,2024,8,August,Friday,3
737,5,47,2024-10-26,4,118.87,0.0,475.48,0.0,475.48,2024,10,October,Saturday,4
738,8,36,2024-07-25,5,31.45,0.0,157.25,0.0,157.25,2024,7,July,Thursday,3
739,9,17,2024-08-21,7,92.08,0.1,644.56,0.64456,643.91544,2024,8,August,Wednesday,3
740,10,47,2024-12-25,8,118.87,0.0,950.96,0.0,950.96,2024,12,December,Wednesday,4
741,8,102,2024-11-07,6,25.17,0.15,151.02,0.22653,150.79347,2024,11,November,Thursday,4
742,10,86,2024-02-24,3,125.76,0.0,377.28000000000003,0.0,377.28000000000003,2024,2,February,Saturday,1
743,10,159,2024-10-17,8,51.69,0.0,413.52,0.0,413.52,2024,10,October,Thursday,4
744,4,122,2024-08-29,12,28.93,0.05,347.15999999999997,0.17358,346.98641999999995,2024,8,August,Thursday,3
745,3,10,2024-01-06,5,136.82,0.0,684.0999999999999,0.0,684.0999999999999,2024,1,January,Saturday,1
746,6,25,2024-12-06,12,179.28,0.15,2151.36,3.22704,2148.13296,2024,12,December,Friday,4
747,3,152,2024-11-11,12,77.49,0.0,929.8799999999999,0.0,929.8799999999999,2024,11,November,Monday,4
748,8,21,2024-12-11,1,89.09,0.25,89.09,0.222725,88.867275,2024,12,December,Wednesday,4
749,7,112,2024-11-05,4,58.1,0.0,232.4,0.0,232.4,2024,11,November,Tuesday,4
750,7,47,2024-10-31,10,118.87,0.1,1188.7,1.1887,1187.5113000000001,2024,10,October,Thursday,4
751,3,163,2024-10-11,10,102.16,0.25,1021.5999999999999,2.554,1019.0459999999999,2024,10,October,Friday,4
752,3,76,2024-01-21,9,150.97,0.05,1358.73,0.6793650000000001,1358.050635,2024,1,January,Sunday,1
753,3,81,2024-03-16,5,39.73,0.1,198.64999999999998,0.19865,198.45135,2024,3,March,Saturday,1
754,3,56,2024-08-01,1,91.09,0.0,91.09,0.0,91.09,2024,8,August,Thursday,3
755,8,115,2024-08-18,1,212.31,0.0,212.31,0.0,212.31,2024,8,August,Sunday,3
756,1,119,2024-11-13,1,38.1,0.15,38.1,0.05715,38.04285,2024,11,November,Wednesday,4
757,10,64,2024-03-28,9,54.54,0.05,490.86,0.24543000000000004,490.61457,2024,3,March,Thursday,1
758,8,56,2024-12-18,11,91.09,0.1,1001.99,1.0019900000000002,1000.98801,2024,12,December,Wednesday,4
759,3,162,2024-05-30,5,125.27,0.1,626.35,0.6263500000000001,625.72365,2024,5,May,Thursday,2
760,2,104,2024-12-19,2,246.47,0.0,492.94,0.0,492.94,2024,12,December,Thursday,4
761,3,20,2024-11-28,6,150.34,0.15,902.04,1.35306,900.6869399999999,2024,11,November,Thursday,4
762,3,89,2024-03-22,11,16.36,0.05,179.95999999999998,0.08997999999999999,179.87001999999998,2024,3,March,Friday,1
763,7,87,2024-12-17,12,211.16,0.0,2533.92,0.0,2533.92,2024,12,December,Tuesday,4
764,5,143,2024-04-08,9,233.86,0.25,2104.7400000000002,5.261850000000001,2099.4781500000004,2024,4,April,Monday,2
765,6,114,2024-02-17,9,137.91,0.0,1241.19,0.0,1241.19,2024,2,February,Saturday,1
766,2,4,2024-07-21,4,167.47,0.0,669.88,0.0,669.88,2024,7,July,Sunday,3
767,4,161,2024-03-14,5,203.07,0.0,1015.3499999999999,0.0,1015.3499999999999,2024,3,March,Thursday,1
768,6,134,2024-03-30,9,141.92,0.1,1277.28,1.2772800000000002,1276.00272,2024,3,March,Saturday,1
769,1,36,2024-06-09,8,31.45,0.05,251.6,0.1258,251.4742,2024,6,June,Sunday,2
770,9,103,2024-09-06,8,143.37,0.1,1146.96,1.1469600000000002,1145.81304,2024,9,September,Friday,3
771,4,107,2024-08-02,2,9.07,0.0,18.14,0.0,18.14,2024,8,August,Friday,3
772,5,10,2024-08-17,10,136.82,0.0,1368.1999999999998,0.0,1368.1999999999998,2024,8,August,Saturday,3
773,4,88,2024-03-05,11,106.78,0.15,1174.58,1.7618699999999998,1172.8181299999999,2024,3,March,Tuesday,1
774,4,120,2024-09-26,12,234.32,0.0,2811.84,0.0,2811.84,2024,9,September,Thursday,3
775,1,143,2024-04-05,3,233.86,0.0,701.58,0.0,701.58,2024,4,April,Friday,2
776,5,148,2024-11-11,9,126.73,0.05,1140.57,0.570285,1139.999715,2024,11,November,Monday,4
777,9,105,2024-08-20,9,136.88,0.0,1231.92,0.0,1231.92,2024,8,August,Tuesday,3
778,7,113,2024-12-09,11,114.72,0.0,1261.92,0.0,1261.92,2024,12,December,Monday,4
779,1,103,2024-06-12,4,143.37,0.0,573.48,0.0,573.48,2024,6,June,Wednesday,2
780,8,108,2024-01-02,1,151.96,0.0,151.96,0.0,151.96,2024,1,January,Tuesday,1
781,5,12,2024-11-15,10,105.87,0.0,1058.7,0.0,1058.7,2024,11,November,Friday,4
782,7,157,2024-04-08,11,147.67,0.1,1624.37,1.62437,1622.74563,2024,4,April,Monday,2
783,10,137,2024-10-01,7,165.65,0.1,1159.55,1.15955,1158.3904499999999,2024,10,October,Tuesday,4
784,3,40,2024-12-06,3,21.17,0.0,63.510000000000005,0.0,63.510000000000005,2024,12,December,Friday,4
785,6,107,2024-03-06,11,9.07,0.15,99.77000000000001,0.149655,99.62034500000001,2024,3,March,Wednesday,1
786,7,40,2024-10-22,2,21.17,0.25,42.34,0.10585000000000001,42.23415000000001,2024,10,October,Tuesday,4
787,9,18,2024-11-05,4,204.77,0.0,819.08,0.0,819.08,2024,11,November,Tuesday,4
788,10,7,2024-03-23,9,12.29,0.1,110.60999999999999,0.11061,110.49938999999999,2024,3,March,Saturday,1
789,6,23,2024-06-16,6,135.4,0.25,812.4000000000001,2.031,810.3690000000001,2024,6,June,Sunday,2
790,3,47,2024-05-15,1,118.87,0.15,118.87,0.17830500000000002,118.69169500000001,2024,5,May,Wednesday,2
791,2,77,2024-07-11,7,68.92,0.05,482.44,0.24122,482.19878,2024,7,July,Thursday,3
792,5,27,2024-10-30,3,83.28,0.0,249.84,0.0,249.84,2024,10,October,Wednesday,4
793,6,108,2024-08-07,7,151.96,0.25,1063.72,2.6593,1061.0607,2024,8,August,Wednesday,3
794,2,97,2024-09-10,12,51.84,0.15,622.08,0.93312,621.14688,2024,9,September,Tuesday,3
795,7,156,2024-04-19,6,173.78,0.25,1042.68,2.6067,1040.0733,2024,4,April,Friday,2
796,4,78,2024-07-12,2,125.42,0.25,250.84,0.6271,250.2129,2024,7,July,Friday,3
797,6,146,2024-10-12,12,127.32,0.0,1527.84,0.0,1527.84,2024,10,October,Saturday,4
798,10,17,2024-01-14,5,92.08,0.0,460.4,0.0,460.4,2024,1,January,Sunday,1
799,7,133,2024-04-14,10,107.43,0.15,1074.3000000000002,1.61145,1072.68855,2024,4,April,Sunday,2
800,6,58,2024-09-27,10,216.14,0.05,2161.3999999999996,1.0807,2160.3192999999997,2024,9,September,Friday,3
801,6,143,2024-03-14,3,233.86,0.15,701.58,1.05237,700.52763,2024,3,March,Thursday,1
802,6,152,2024-11-21,10,77.49,0.15,774.9,1.1623499999999998,773.73765,2024,11,November,Thursday,4
803,8,37,2024-12-24,9,19.91,0.0,179.19,0.0,179.19,2024,12,December,Tuesday,4
804,3,162,2024-02-25,11,125.27,0.25,1377.97,3.444925,1374.525075,2024,2,February,Sunday,1
805,1,1,2024-10-26,5,38.35,0.0,191.75,0.0,191.75,2024,10,October,Saturday,4
806,1,74,2024-08-19,7,77.0,0.1,539.0,0.539,538.461,2024,8,August,Monday,3
807,6,58,2024-03-15,8,216.14,0.0,1729.12,0.0,1729.12,2024,3,March,Friday,1
808,7,37,2024-09-16,3,19.91,0.0,59.730000000000004,0.0,59.730000000000004,2024,9,September,Monday,3
809,1,13,2024-11-22,5,91.64,0.25,458.2,1.1455,457.05449999999996,2024,11,November,Friday,4
810,8,65,2024-03-12,6,65.09,0.0,390.54,0.0,390.54,2024,3,March,Tuesday,1
811,2,129,2024-04-09,6,151.03,0.0,906.1800000000001,0.0,906.1800000000001,2024,4,April,Tuesday,2
812,8,74,2024-02-29,6,77.0,0.0,462.0,0.0,462.0,2024,2,February,Thursday,1
813,2,119,2024-02-21,2,38.1,0.0,76.2,0.0,76.2,2024,2,February,Wednesday,1
814,3,72,2024-09-07,5,94.95,0.0,474.75,0.0,474.75,2024,9,September,Saturday,3
815,9,129,2024-04-03,11,151.03,0.1,1661.33,1.6613300000000002,1659.66867,2024,4,April,Wednesday,2
816,7,59,2024-11-08,6,30.25,0.05,181.5,0.09075000000000001,181.40925,2024,11,November,Friday,4
817,9,7,2024-12-08,2,12.29,0.0,24.58,0.0,24.58,2024,12,December,Sunday,4
818,2,7,2024-04-28,4,12.29,0.0,49.16,0.0,49.16,2024,4,April,Sunday,2
819,1,126,2024-06-13,2,28.64,0.05,57.28,0.028640000000000002,57.25136,2024,6,June,Thursday,2
820,7,21,2024-10-18,3,89.09,0.05,267.27,0.133635,267.13636499999996,2024,10,October,Friday,4
821,9,33,2024-10-19,6,162.49,0.15,974.94,1.4624100000000002,973.4775900000001,2024,10,October,Saturday,4
822,8,163,2024-08-05,7,102.16,0.1,715.12,0.71512,714.40488,2024,8,August,Monday,3
823,10,41,2024-08-14,4,157.72,0.15,630.88,0.9463199999999999,629.93368,2024,8,August,Wednesday,3
824,6,21,2024-03-11,7,89.09,0.1,623.63,0.62363,623.00637,2024,3,March,Monday,1
825,3,101,2024-12-19,9,131.65,0.0,1184.8500000000001,0.0,1184.8500000000001,2024,12,December,Thursday,4
826,5,36,2024-10-25,8,31.45,0.0,251.6,0.0,251.6,2024,10,October,Friday,4
827,5,71,2024-08-15,11,11.55,0.0,127.05000000000001,0.0,127.05000000000001,2024,8,August,Thursday,3
828,9,93,2024-07-01,5,187.19,0.0,935.95,0.0,935.95,2024,7,July,Monday,3
829,9,71,2024-10-27,11,11.55,0.0,127.05000000000001,0.0,127.05000000000001,2024,10,October,Sunday,4
830,10,132,2024-11-20,4,133.08,0.05,532.32,0.26616,532.05384,2024,11,November,Wednesday,4
831,6,113,2024-11-28,2,114.72,0.1,229.44,0.22944000000000003,229.21056,2024,11,November,Thursday,4
832,10,75,2024-11-28,11,29.49,0.05,324.39,0.162195,324.227805,2024,11,November,Thursday,4
833,6,52,2024-07-05,2,158.1,0.0,316.2,0.0,316.2,2024,7,July,Friday,3
834,8,26,2024-01-01,9,163.65,0.0,1472.8500000000001,0.0,1472.8500000000001,2024,1,January,Monday,1
835,5,104,2024-12-16,5,246.47,0.0,1232.35,0.0,1232.35,2024,12,December,Monday,4
836,2,140,2024-05-27,8,147.3,0.0,1178.4,0.0,1178.4,2024,5,May,Monday,2
837,6,153,2024-05-09,1,149.65,0.1,149.65,0.14965,149.50035,2024,5,May,Thursday,2
838,4,111,2024-01-22,8,43.1,0.0,344.8,0.0,344.8,2024,1,January,Monday,1
839,6,68,2024-12-03,8,17.26,0.0,138.08,0.0,138.08,2024,12,December,Tuesday,4
840,2,60,2024-08-26,1,27.88,0.0,27.88,0.0,27.88,2024,8,August,Monday,3
841,6,134,2024-06-10,9,141.92,0.0,1277.28,0.0,1277.28,2024,6,June,Monday,2
842,6,7,2024-11-11,10,12.29,0.0,122.89999999999999,0.0,122.89999999999999,2024,11,November,Monday,4
843,7,133,2024-11-12,7,107.43,0.25,752.01,1.880025,750.129975,2024,11,November,Tuesday,4
844,8,110,2024-03-18,5,240.3,0.25,1201.5,3.00375,1198.49625,2024,3,March,Monday,1
845,6,120,2024-12-18,6,234.32,0.0,1405.92,0.0,1405.92,2024,12,December,Wednesday,4
846,7,116,2024-08-14,5,182.63,0.0,913.15,0.0,913.15,2024,8,August,Wednesday,3
847,9,59,2024-05-13,7,30.25,0.15,211.75,0.317625,211.432375,2024,5,May,Monday,2
848,7,19,2024-12-06,4,61.27,0.0,245.08,0.0,245.08,2024,12,December,Friday,4
849,9,44,2024-10-27,12,260.43,0.0,3125.16,0.0,3125.16,2024,10,October,Sunday,4
850,4,111,2024-11-14,11,43.1,0.1,474.1,0.4741,473.6259,2024,11,November,Thursday,4
851,8,66,2024-11-06,10,254.58,0.15,2545.8,3.8187,2541.9813000000004,2024,11,November,Wednesday,4
852,10,72,2024-10-22,8,94.95,0.25,759.6,1.899,757.701,2024,10,October,Tuesday,4
853,7,128,2024-12-17,1,177.81,0.25,177.81,0.444525,177.365475,2024,12,December,Tuesday,4
854,3,25,2024-09-20,3,179.28,0.05,537.84,0.26892000000000005,537.57108,2024,9,September,Friday,3
855,10,4,2024-09-18,12,167.47,0.25,2009.6399999999999,5.0241,2004.6158999999998,2024,9,September,Wednesday,3
856,9,102,2024-11-03,5,25.17,0.15,125.85000000000001,0.18877500000000003,125.661225,2024,11,November,Sunday,4
857,3,115,2024-12-27,8,212.31,0.05,1698.48,0.8492400000000001,1697.63076,2024,12,December,Friday,4
858,3,12,2024-01-16,6,105.87,0.15,635.22,0.9528300000000001,634.2671700000001,2024,1,January,Tuesday,1
859,9,58,2024-10-16,10,216.14,0.05,2161.3999999999996,1.0807,2160.3192999999997,2024,10,October,Wednesday,4
860,6,140,2024-12-06,1,147.3,0.25,147.3,0.36825,146.93175000000002,2024,12,December,Friday,4
861,8,150,2024-04-02,2,89.35,0.0,178.7,0.0,178.7,2024,4,April,Tuesday,2
862,8,147,2024-11-18,3,159.14,0.05,477.41999999999996,0.23870999999999998,477.18128999999993,2024,11,November,Monday,4
863,3,106,2024-10-02,7,97.25,0.0,680.75,0.0,680.75,2024,10,October,Wednesday,4
864,3,13,2024-08-27,5,91.64,0.1,458.2,0.4582,457.7418,2024,8,August,Tuesday,3
865,10,122,2024-11-02,8,28.93,0.0,231.44,0.0,231.44,2024,11,November,Saturday,4
866,7,104,2024-12-07,5,246.47,0.0,1232.35,0.0,1232.35,2024,12,December,Saturday,4
867,4,138,2024-11-06,4,98.66,0.15,394.64,0.5919599999999999,394.04804,2024,11,November,Wednesday,4
868,1,11,2024-11-24,10,117.42,0.1,1174.2,1.1742000000000001,1173.0258000000001,2024,11,November,Sunday,4
869,7,16,2024-11-02,8,78.24,0.0,625.92,0.0,625.92,2024,11,November,Saturday,4
870,9,162,2024-11-05,8,125.27,0.25,1002.16,2.5054,999.6546,2024,11,November,Tuesday,4
871,4,42,2024-10-10,9,169.87,0.0,1528.83,0.0,1528.83,2024,10,October,Thursday,4
872,3,1,2024-01-16,4,38.35,0.15,153.4,0.23010000000000003,153.1699,2024,1,January,Tuesday,1
873,8,154,2024-12-12,2,104.34,0.15,208.68,0.31302,208.36698,2024,12,December,Thursday,4
874,2,122,2024-03-18,3,28.93,0.25,86.78999999999999,0.21697499999999997,86.57302499999999,2024,3,March,Monday,1
875,8,33,2024-03-06,4,162.49,0.05,649.96,0.32498000000000005,649.63502,2024,3,March,Wednesday,1
876,8,53,2024-11-19,6,131.05,0.15,786.3000000000001,1.17945,785.1205500000001,2024,11,November,Tuesday,4
877,2,52,2024-03-11,3,158.1,0.15,474.29999999999995,0.7114499999999999,473.58854999999994,2024,3,March,Monday,1
878,8,65,2024-04-05,6,65.09,0.1,390.54,0.39054,390.14946000000003,2024,4,April,Friday,2
879,8,81,2024-07-31,1,39.73,0.0,39.73,0.0,39.73,2024,7,July,Wednesday,3
880,3,118,2024-08-08,2,153.88,0.1,307.76,0.30776,307.45224,2024,8,August,Thursday,3
881,6,52,2024-06-21,7,158.1,0.25,1106.7,2.76675,1103.93325,2024,6,June,Friday,2
882,3,112,2024-12-04,5,58.1,0.0,290.5,0.0,290.5,2024,12,December,Wednesday,4
883,4,1,2024-06-18,4,38.35,0.0,153.4,0.0,153.4,2024,6,June,Tuesday,2
884,2,85,2024-11-14,6,88.45,0.0,530.7,0.0,530.7,2024,11,November,Thursday,4
885,10,24,2024-12-22,1,80.42,0.05,80.42,0.040209999999999996,80.37979,2024,12,December,Sunday,4
886,7,162,2024-05-22,1,125.27,0.05,125.27,0.06263500000000001,125.207365,2024,5,May,Wednesday,2
887,1,112,2024-08-07,11,58.1,0.05,639.1,0.31955,638.78045,2024,8,August,Wednesday,3
888,5,42,2024-07-03,6,169.87,0.1,1019.22,1.01922,1018.20078,2024,7,July,Wednesday,3
889,5,25,2024-08-19,9,179.28,0.25,1613.52,4.0338,1609.4862,2024,8,August,Monday,3
890,2,130,2024-09-20,5,200.9,0.0,1004.5,0.0,1004.5,2024,9,September,Friday,3
891,6,111,2024-05-21,6,43.1,0.0,258.6,0.0,258.6,2024,5,May,Tuesday,2
892,8,61,2024-06-07,6,24.26,0.0,145.56,0.0,145.56,2024,6,June,Friday,2
893,4,153,2024-03-31,7,149.65,0.15,1047.55,1.5713249999999999,1045.978675,2024,3,March,Sunday,1
894,6,76,2024-08-12,1,150.97,0.15,150.97,0.226455,150.743545,2024,8,August,Monday,3
895,7,117,2024-11-12,6,144.39,0.0,866.3399999999999,0.0,866.3399999999999,2024,11,November,Tuesday,4
896,8,130,2024-01-06,5,200.9,0.0,1004.5,0.0,1004.5,2024,1,January,Saturday,1
897,9,62,2024-01-03,8,11.77,0.0,94.16,0.0,94.16,2024,1,January,Wednesday,1
898,6,115,2024-12-19,8,212.31,0.05,1698.48,0.8492400000000001,1697.63076,2024,12,December,Thursday,4
899,8,42,2024-09-04,11,169.87,0.25,1868.5700000000002,4.671425,1863.8985750000002,2024,9,September,Wednesday,3
900,4,59,2024-11-26,6,30.25,0.0,181.5,0.0,181.5,2024,11,November,Tuesday,4
901,10,73,2024-07-10,12,242.79,0.05,2913.48,1.4567400000000001,2912.02326,2024,7,July,Wednesday,3
902,3,166,2024-06-23,8,44.53,0.0,356.24,0.0,356.24,2024,6,June,Sunday,2
903,9,26,2024-09-25,2,163.65,0.0,327.3,0.0,327.3,2024,9,September,Wednesday,3
904,10,46,2024-07-23,1,46.4,0.15,46.4,0.0696,46.3304,2024,7,July,Tuesday,3
905,9,127,2024-04-15,6,51.12,0.0,306.71999999999997,0.0,306.71999999999997,2024,4,April,Monday,2
906,2,85,2024-07-09,4,88.45,0.0,353.8,0.0,353.8,2024,7,July,Tuesday,3
907,5,60,2024-10-10,12,27.88,0.05,334.56,0.16728,334.39272,2024,10,October,Thursday,4
908,2,161,2024-07-13,10,203.07,0.25,2030.6999999999998,5.07675,2025.6232499999999,2024,7,July,Saturday,3
909,4,168,2024-02-28,9,115.57,0.0,1040.1299999999999,0.0,1040.1299999999999,2024,2,February,Wednesday,1
910,9,68,2024-11-08,1,17.26,0.1,17.26,0.01726,17.24274,2024,11,November,Friday,4
911,8,106,2024-03-31,2,97.25,0.15,194.5,0.29174999999999995,194.20825,2024,3,March,Sunday,1
912,6,15,2024-12-23,10,149.2,0.0,1492.0,0.0,1492.0,2024,12,December,Monday,4
913,6,151,2024-12-28,6,22.4,0.0,134.39999999999998,0.0,134.39999999999998,2024,12,December,Saturday,4
914,1,27,2024-11-27,9,83.28,0.0,749.52,0.0,749.52,2024,11,November,Wednesday,4
915,6,14,2024-05-27,5,13.97,0.0,69.85000000000001,0.0,69.85000000000001,2024,5,May,Monday,2
916,7,65,2024-02-21,1,65.09,0.0,65.09,0.0,65.09,2024,2,February,Wednesday,1
917,3,71,2024-01-25,9,11.55,0.15,103.95,0.15592499999999998,103.794075,2024,1,January,Thursday,1
918,8,19,2024-04-04,8,61.27,0.15,490.16,0.73524,489.42476000000005,2024,4,April,Thursday,2
919,3,167,2024-07-02,11,20.08,0.15,220.88,0.33132,220.54868,2024,7,July,Tuesday,3
920,3,118,2024-01-05,5,153.88,0.15,769.4,1.1541,768.2459,2024,1,January,Friday,1
921,1,10,2024-03-27,5,136.82,0.0,684.0999999999999,0.0,684.0999999999999,2024,3,March,Wednesday,1
922,10,155,2024-07-10,2,165.6,0.0,331.2,0.0,331.2,2024,7,July,Wednesday,3
923,5,143,2024-05-23,8,233.86,0.0,1870.88,0.0,1870.88,2024,5,May,Thursday,2
924,5,117,2024-12-28,9,144.39,0.0,1299.5099999999998,0.0,1299.5099999999998,2024,12,December,Saturday,4
925,5,138,2024-12-08,10,98.66,0.1,986.5999999999999,0.9865999999999999,985.6134,2024,12,December,Sunday,4
926,6,51,2024-01-09,4,160.16,0.25,640.64,1.6016,639.0384,2024,1,January,Tuesday,1
927,6,28,2024-07-19,5,143.98,0.05,719.9,0.35995,719.54005,2024,7,July,Friday,3
928,3,162,2024-10-16,11,125.27,0.15,1377.97,2.066955,1375.903045,2024,10,October,Wednesday,4
929,5,70,2024-04-30,1,149.07,0.0,149.07,0.0,149.07,2024,4,April,Tuesday,2
930,5,146,2024-01-04,10,127.32,0.25,1273.1999999999998,3.1829999999999994,1270.0169999999998,2024,1,January,Thursday,1
931,9,149,2024-11-04,7,212.9,0.0,1490.3,0.0,1490.3,2024,11,November,Monday,4
932,1,143,2024-08-02,8,233.86,0.15,1870.88,2.80632,1868.0736800000002,2024,8,August,Friday,3
933,9,96,2024-05-12,9,169.6,0.25,1526.3999999999999,3.816,1522.5839999999998,2024,5,May,Sunday,2
934,7,124,2024-12-07,4,19.68,0.0,78.72,0.0,78.72,2024,12,December,Saturday,4
935,6,51,2024-07-31,1,160.16,0.15,160.16,0.24023999999999998,159.91976,2024,7,July,Wednesday,3
936,3,72,2024-12-05,5,94.95,0.05,474.75,0.237375,474.512625,2024,12,December,Thursday,4
937,8,21,2024-07-02,7,89.09,0.15,623.63,0.935445,622.694555,2024,7,July,Tuesday,3
938,10,146,2024-12-16,2,127.32,0.0,254.64,0.0,254.64,2024,12,December,Monday,4
939,4,169,2024-10-09,6,48.02,0.0,288.12,0.0,288.12,2024,10,October,Wednesday,4
940,8,40,2024-12-28,5,21.17,0.25,105.85000000000001,0.264625,105.58537500000001,2024,12,December,Saturday,4
941,4,65,2024-04-03,12,65.09,0.1,781.08,0.78108,780.2989200000001,2024,4,April,Wednesday,2
942,8,46,2024-08-13,11,46.4,0.0,510.4,0.0,510.4,2024,8,August,Tuesday,3
943,8,146,2024-10-12,2,127.32,0.1,254.64,0.25464,254.38536,2024,10,October,Saturday,4
944,2,82,2024-11-02,10,111.57,0.0,1115.6999999999998,0.0,1115.6999999999998,2024,11,November,Saturday,4
945,2,11,2024-10-29,12,117.42,0.0,1409.04,0.0,1409.04,2024,10,October,Tuesday,4
946,8,106,2024-03-13,8,97.25,0.05,778.0,0.38900000000000007,777.611,2024,3,March,Wednesday,1
947,7,84,2024-05-07,2,219.55,0.0,439.1,0.0,439.1,2024,5,May,Tuesday,2
948,9,121,2024-12-14,4,164.69,0.05,658.76,0.32938,658.43062,2024,12,December,Saturday,4
949,10,106,2024-12-09,6,97.25,0.0,583.5,0.0,583.5,2024,12,December,Monday,4
950,4,78,2024-03-05,7,125.42,0.0,877.94,0.0,877.94,2024,3,March,Tuesday,1
951,2,15,2024-05-16,5,149.2,0.1,746.0,0.7460000000000001,745.254,2024,5,May,Thursday,2
952,2,52,2024-06-09,8,158.1,0.1,1264.8,1.2648000000000001,1263.5352,2024,6,June,Sunday,2
953,9,164,2024-10-10,8,78.92,0.0,631.36,0.0,631.36,2024,10,October,Thursday,4
954,4,45,2024-03-14,1,29.94,0.15,29.94,0.04491,29.89509,2024,3,March,Thursday,1
955,4,52,2024-09-11,7,158.1,0.1,1106.7,1.1067000000000002,1105.5933,2024,9,September,Wednesday,3
956,9,128,2024-03-22,8,177.81,0.0,1422.48,0.0,1422.48,2024,3,March,Friday,1
957,9,126,2024-07-12,12,28.64,0.05,343.68,0.17184000000000002,343.50816000000003,2024,7,July,Friday,3
958,6,121,2024-01-09,4,164.69,0.0,658.76,0.0,658.76,2024,1,January,Tuesday,1
959,8,97,2024-11-04,9,51.84,0.1,466.56000000000006,0.4665600000000001,466.09344000000004,2024,11,November,Monday,4
960,1,150,2024-11-16,8,89.35,0.25,714.8,1.787,713.0129999999999,2024,11,November,Saturday,4
961,6,72,2024-02-25,3,94.95,0.0,284.85,0.0,284.85,2024,2,February,Sunday,1
962,3,134,2024-07-03,3,141.92,0.15,425.76,0.63864,425.12136,2024,7,July,Wednesday,3
963,2,13,2024-12-07,2,91.64,0.0,183.28,0.0,183.28,2024,12,December,Saturday,4
964,9,118,2024-05-05,8,153.88,0.0,1231.04,0.0,1231.04,2024,5,May,Sunday,2
965,4,47,2024-12-24,1,118.87,0.15,118.87,0.17830500000000002,118.69169500000001,2024,12,December,Tuesday,4
966,4,18,2024-01-05,5,204.77,0.15,1023.85,1.535775,1022.3142250000001,2024,1,January,Friday,1
967,1,152,2024-12-27,5,77.49,0.0,387.45,0.0,387.45,2024,12,December,Friday,4
968,5,76,2024-12-07,1,150.97,0.25,150.97,0.377425,150.592575,2024,12,December,Saturday,4
969,7,113,2024-05-19,12,114.72,0.25,1376.6399999999999,3.4415999999999998,1373.1983999999998,2024,5,May,Sunday,2
970,7,151,2024-08-02,10,22.4,0.0,224.0,0.0,224.0,2024,8,August,Friday,3
971,10,24,2024-05-16,5,80.42,0.15,402.1,0.60315,401.49685,2024,5,May,Thursday,2
972,5,62,2024-04-18,3,11.77,0.0,35.31,0.0,35.31,2024,4,April,Thursday,2
973,3,108,2024-09-30,7,151.96,0.0,1063.72,0.0,1063.72,2024,9,September,Monday,3
974,4,20,2024-02-11,5,150.34,0.0,751.7,0.0,751.7,2024,2,February,Sunday,1
975,3,169,2024-10-10,5,48.02,0.05,240.10000000000002,0.12005000000000003,239.97995000000003,2024,10,October,Thursday,4
976,3,116,2024-08-21,8,182.63,0.15,1461.04,2.19156,1458.84844,2024,8,August,Wednesday,3
977,9,84,2024-04-16,12,219.55,0.05,2634.6000000000004,1.3173000000000001,2633.2827,2024,4,April,Tuesday,2
978,7,92,2024-07-06,1,96.38,0.0,96.38,0.0,96.38,2024,7,July,Saturday,3
979,9,52,2024-03-15,4,158.1,0.05,632.4,0.31620000000000004,632.0838,2024,3,March,Friday,1
980,8,62,2024-10-24,9,11.77,0.1,105.92999999999999,0.10593,105.82406999999999,2024,10,October,Thursday,4
981,10,39,2024-01-30,1,112.9,0.0,112.9,0.0,112.9,2024,1,January,Tuesday,1
982,2,71,2024-09-06,12,11.55,0.0,138.60000000000002,0.0,138.60000000000002,2024,9,September,Friday,3
983,9,24,2024-03-02,2,80.42,0.0,160.84,0.0,160.84,2024,3,March,Saturday,1
984,4,88,2024-04-05,6,106.78,0.15,640.6800000000001,0.96102,639.7189800000001,2024,4,April,Friday,2
985,10,147,2024-07-12,10,159.14,0.0,1591.3999999999999,0.0,1591.3999999999999,2024,7,July,Friday,3
986,10,35,2024-12-25,8,8.64,0.0,69.12,0.0,69.12,2024,12,December,Wednesday,4
987,5,61,2024-07-26,7,24.26,0.1,169.82000000000002,0.16982000000000003,169.65018000000003,2024,7,July,Friday,3
988,2,59,2024-11-16,2,30.25,0.0,60.5,0.0,60.5,2024,11,November,Saturday,4
989,3,5,2024-02-08,6,152.79,0.15,916.74,1.37511,915.3648900000001,2024,2,February,Thursday,1
990,7,40,2024-11-28,4,21.17,0.0,84.68,0.0,84.68,2024,11,November,Thursday,4
991,9,44,2024-07-12,4,260.43,0.1,1041.72,1.0417200000000002,1040.67828,2024,7,July,Friday,3
992,7,20,2024-11-27,1,150.34,0.0,150.34,0.0,150.34,2024,11,November,Wednesday,4
993,9,157,2024-06-26,5,147.67,0.0,738.3499999999999,0.0,738.3499999999999,2024,6,June,Wednesday,2
994,6,130,2024-11-28,7,200.9,0.0,1406.3,0.0,1406.3,2024,11,November,Thursday,4
995,2,16,2024-12-30,9,78.24,0.25,704.16,1.7604,702.3996,2024,12,December,Monday,4
996,3,120,2024-07-05,11,234.32,0.15,2577.52,3.8662799999999997,2573.65372,2024,7,July,Friday,3
997,10,165,2024-11-05,2,56.11,0.0,112.22,0.0,112.22,2024,11,November,Tuesday,4
998,9,128,2024-10-21,6,177.81,0.0,1066.8600000000001,0.0,1066.8600000000001,2024,10,October,Monday,4
999,7,118,2024-09-21,2,153.88,0.0,307.76,0.0,307.76,2024,9,September,Saturday,3
1000,6,20,2024-08-19,8,150.34,0.25,1202.72,3.0068,1199.7132,2024,8,August,Monday,3
1001,5,106,2024-10-13,6,97.25,0.05,583.5,0.29175,583.20825,2024,10,October,Sunday,4
1002,9,100,2024-03-31,6,120.25,0.05,721.5,0.36075,721.13925,2024,3,March,Sunday,1
1003,10,45,2024-08-23,5,29.94,0.05,149.70000000000002,0.07485000000000001,149.62515000000002,2024,8,August,Friday,3
1004,1,157,2024-01-25,7,147.67,0.25,1033.6899999999998,2.5842249999999996,1031.1057749999998,2024,1,January,Thursday,1
1005,4,46,2024-04-07,2,46.4,0.0,92.8,0.0,92.8,2024,4,April,Sunday,2
1006,3,157,2024-06-02,8,147.67,0.0,1181.36,0.0,1181.36,2024,6,June,Sunday,2
1007,9,55,2024-07-29,11,120.86,0.05,1329.46,0.66473,1328.79527,2024,7,July,Monday,3
1008,4,103,2024-12-23,6,143.37,0.05,860.22,0.43011000000000005,859.78989,2024,12,December,Monday,4
1009,9,33,2024-05-22,10,162.49,0.15,1624.9,2.4373500000000003,1622.4626500000002,2024,5,May,Wednesday,2
1010,6,170,2024-06-30,5,8.38,0.05,41.900000000000006,0.020950000000000003,41.87905000000001,2024,6,June,Sunday,2
1011,3,56,2024-09-17,12,91.09,0.0,1093.08,0.0,1093.08,2024,9,September,Tuesday,3
1012,7,68,2024-12-15,6,17.26,0.0,103.56,0.0,103.56,2024,12,December,Sunday,4
1013,1,73,2024-03-15,4,242.79,0.05,971.16,0.48558,970.6744199999999,2024,3,March,Friday,1
1014,2,102,2024-03-31,9,25.17,0.1,226.53000000000003,0.22653000000000006,226.30347000000003,2024,3,March,Sunday,1
1015,5,42,2024-05-02,6,169.87,0.15,1019.22,1.5288300000000001,1017.69117,2024,5,May,Thursday,2
1016,8,106,2024-11-07,12,97.25,0.0,1167.0,0.0,1167.0,2024,11,November,Thursday,4
1017,5,109,2024-02-20,3,204.21,0.25,612.63,1.531575,611.098425,2024,2,February,Tuesday,1
1018,3,96,2024-12-22,8,169.6,0.1,1356.8,1.3568,1355.4432,2024,12,December,Sunday,4
1019,1,65,2024-03-06,2,65.09,0.05,130.18,0.06509000000000001,130.11491,2024,3,March,Wednesday,1
1020,2,158,2024-12-12,9,81.38,0.1,732.42,0.7324200000000001,731.6875799999999,2024,12,December,Thursday,4
1021,8,34,2024-03-04,3,99.91,0.0,299.73,0.0,299.73,2024,3,March,Monday,1
1022,8,47,2024-11-10,4,118.87,0.0,475.48,0.0,475.48,2024,11,November,Sunday,4
1023,3,60,2024-09-22,4,27.88,0.05,111.52,0.055760000000000004,111.46423999999999,2024,9,September,Sunday,3
1024,1,157,2024-10-23,12,147.67,0.0,1772.04,0.0,1772.04,2024,10,October,Wednesday,4
1025,7,119,2024-03-27,9,38.1,0.15,342.90000000000003,0.51435,342.38565000000006,2024,3,March,Wednesday,1
1026,1,13,2024-10-02,12,91.64,0.05,1099.68,0.5498400000000001,1099.1301600000002,2024,10,October,Wednesday,4
1027,1,113,2024-12-12,10,114.72,0.15,1147.2,1.7208,1145.4792,2024,12,December,Thursday,4
1028,6,11,2024-11-21,6,117.42,0.05,704.52,0.35226,704.16774,2024,11,November,Thursday,4
1029,7,61,2024-12-21,12,24.26,0.0,291.12,0.0,291.12,2024,12,December,Saturday,4
1030,6,99,2024-04-12,5,207.07,0.0,1035.35,0.0,1035.35,2024,4,April,Friday,2
1031,7,113,2024-07-07,2,114.72,0.05,229.44,0.11472000000000002,229.32528,2024,7,July,Sunday,3
1032,6,164,2024-04-05,2,78.92,0.0,157.84,0.0,157.84,2024,4,April,Friday,2
1033,2,90,2024-03-07,1,98.0,0.0,98.0,0.0,98.0,2024,3,March,Thursday,1
1034,4,123,2024-12-22,8,108.4,0.0,867.2,0.0,867.2,2024,12,December,Sunday,4
1035,9,89,2024-09-28,8,16.36,0.25,130.88,0.3272,130.5528,2024,9,September,Saturday,3
1036,6,67,2024-11-16,7,107.18,0.0,750.26,0.0,750.26,2024,11,November,Saturday,4
1037,1,149,2024-01-10,4,212.9,0.15,851.6,1.2773999999999999,850.3226000000001,2024,1,January,Wednesday,1
1038,2,40,2024-02-20,3,21.17,0.0,63.510000000000005,0.0,63.510000000000005,2024,2,February,Tuesday,1
1039,10,5,2024-03-29,5,152.79,0.0,763.9499999999999,0.0,763.9499999999999,2024,3,March,Friday,1
1040,2,17,2024-09-28,2,92.08,0.15,184.16,0.27624,183.88376,2024,9,September,Saturday,3
1041,10,20,2024-11-23,2,150.34,0.0,300.68,0.0,300.68,2024,11,November,Saturday,4
1042,2,28,2024-02-20,10,143.98,0.1,1439.8,1.4398,1438.3601999999998,2024,2,February,Tuesday,1
1043,10,5,2024-09-02,1,152.79,0.15,152.79,0.22918499999999997,152.560815,2024,9,September,Monday,3
1044,6,57,2024-11-24,12,75.29,0.1,903.48,0.9034800000000002,902.5765200000001,2024,11,November,Sunday,4
1045,8,101,2024-12-19,10,131.65,0.1,1316.5,1.3165,1315.1835,2024,12,December,Thursday,4
1046,2,36,2024-03-21,6,31.45,0.0,188.7,0.0,188.7,2024,3,March,Thursday,1
1047,4,167,2024-06-07,10,20.08,0.0,200.79999999999998,0.0,200.79999999999998,2024,6,June,Friday,2
1048,1,137,2024-05-06,7,165.65,0.0,1159.55,0.0,1159.55,2024,5,May,Monday,2
1049,10,55,2024-03-09,5,120.86,0.25,604.3,1.5107499999999998,602.7892499999999,2024,3,March,Saturday,1
1050,7,93,2024-11-15,2,187.19,0.0,374.38,0.0,374.38,2024,11,November,Friday,4
1051,6,28,2024-12-22,9,143.98,0.0,1295.82,0.0,1295.82,2024,12,December,Sunday,4
1052,8,112,2024-12-17,5,58.1,0.25,290.5,0.72625,289.77375,2024,12,December,Tuesday,4
1053,8,128,2024-12-25,4,177.81,0.25,711.24,1.7781,709.4619,2024,12,December,Wednesday,4
1054,3,130,2024-08-26,1,200.9,0.25,200.9,0.50225,200.39775,2024,8,August,Monday,3
1055,7,13,2024-02-21,5,91.64,0.0,458.2,0.0,458.2,2024,2,February,Wednesday,1
1056,4,79,2024-03-18,2,156.97,0.15,313.94,0.47091,313.46909,2024,3,March,Monday,1
1057,6,113,2024-11-23,4,114.72,0.1,458.88,0.45888000000000007,458.42112,2024,11,November,Saturday,4
1058,8,113,2024-08-01,1,114.72,0.0,114.72,0.0,114.72,2024,8,August,Thursday,3
1059,2,38,2024-02-17,11,27.57,0.25,303.27,0.7581749999999999,302.511825,2024,2,February,Saturday,1
1060,3,62,2024-05-09,2,11.77,0.0,23.54,0.0,23.54,2024,5,May,Thursday,2
1061,1,137,2024-04-12,12,165.65,0.0,1987.8000000000002,0.0,1987.8000000000002,2024,4,April,Friday,2
1062,2,50,2024-01-30,6,168.2,0.15,1009.1999999999999,1.5138,1007.6862,2024,1,January,Tuesday,1
1063,10,6,2024-07-15,2,18.62,0.1,37.24,0.03724,37.202760000000005,2024,7,July,Monday,3
1064,2,11,2024-06-07,11,117.42,0.1,1291.6200000000001,1.29162,1290.3283800000002,2024,6,June,Friday,2
1065,9,137,2024-07-17,10,165.65,0.15,1656.5,2.48475,1654.01525,2024,7,July,Wednesday,3
1066,7,96,2024-04-14,8,169.6,0.0,1356.8,0.0,1356.8,2024,4,April,Sunday,2
1067,4,35,2024-12-19,3,8.64,0.0,25.92,0.0,25.92,2024,12,December,Thursday,4
1068,10,140,2024-02-01,5,147.3,0.05,736.5,0.36825,736.13175,2024,2,February,Thursday,1
1069,4,100,2024-12-15,11,120.25,0.25,1322.75,3.306875,1319.443125,2024,12,December,Sunday,4
1070,10,116,2024-12-08,4,182.63,0.25,730.52,1.8263,728.6937,2024,12,December,Sunday,4
1071,8,67,2024-11-28,11,107.18,0.0,1178.98,0.0,1178.98,2024,11,November,Thursday,4
1072,1,62,2024-05-30,1,11.77,0.25,11.77,0.029425,11.740575,2024,5,May,Thursday,2
1073,2,62,2024-04-13,9,11.77,0.05,105.92999999999999,0.052965,105.87703499999999,2024,4,April,Saturday,2
1074,9,64,2024-04-06,11,54.54,0.1,599.9399999999999,0.59994,599.34006,2024,4,April,Saturday,2
1076,6,46,2024-06-06,8,46.4,0.0,371.2,0.0,371.2,2024,6,June,Thursday,2
1077,6,82,2024-11-03,11,111.57,0.0,1227.27,0.0,1227.27,2024,11,November,Sunday,4
1078,10,122,2024-06-29,4,28.93,0.25,115.72,0.2893,115.4307,2024,6,June,Saturday,2
1079,6,133,2024-11-18,10,107.43,0.0,1074.3000000000002,0.0,1074.3000000000002,2024,11,November,Monday,4
1080,10,32,2024-12-01,7,195.25,0.25,1366.75,3.416875,1363.333125,2024,12,December,Sunday,4
1081,2,128,2024-11-28,1,177.81,0.05,177.81,0.08890500000000001,177.721095,2024,11,November,Thursday,4
1082,2,6,2024-01-04,8,18.62,0.05,148.96,0.07448,148.88552,2024,1,January,Thursday,1
1083,2,94,2024-10-07,2,179.27,0.1,358.54,0.3585400000000001,358.18146,2024,10,October,Monday,4
1084,8,54,2024-04-21,3,241.98,0.05,725.9399999999999,0.36296999999999996,725.5770299999999,2024,4,April,Sunday,2
1085,6,61,2024-07-24,7,24.26,0.0,169.82000000000002,0.0,169.82000000000002,2024,7,July,Wednesday,3
1086,1,23,2024-11-10,4,135.4,0.1,541.6,0.5416000000000001,541.0584,2024,11,November,Sunday,4
1087,2,69,2024-06-30,12,68.64,0.0,823.6800000000001,0.0,823.6800000000001,2024,6,June,Sunday,2
1088,9,2,2024-11-16,10,81.57,0.0,815.6999999999999,0.0,815.6999999999999,2024,11,November,Saturday,4
1089,7,129,2024-12-15,3,151.03,0.25,453.09000000000003,1.132725,451.95727500000004,2024,12,December,Sunday,4
1090,9,103,2024-09-19,1,143.37,0.1,143.37,0.14337000000000003,143.22663,2024,9,September,Thursday,3
1091,4,134,2024-05-13,4,141.92,0.25,567.68,1.4191999999999998,566.2607999999999,2024,5,May,Monday,2
1092,3,150,2024-12-11,1,89.35,0.25,89.35,0.223375,89.12662499999999,2024,12,December,Wednesday,4
1093,6,125,2024-11-20,8,151.37,0.05,1210.96,0.60548,1210.35452,2024,11,November,Wednesday,4
1094,7,45,2024-05-13,12,29.94,0.15,359.28000000000003,0.5389200000000001,358.74108,2024,5,May,Monday,2
1095,10,81,2024-12-03,9,39.73,0.0,357.57,0.0,357.57,2024,12,December,Tuesday,4
1096,9,89,2024-02-07,1,16.36,0.05,16.36,0.00818,16.35182,2024,2,February,Wednesday,1
1097,5,31,2024-12-13,11,110.33,0.25,1213.6299999999999,3.0340749999999996,1210.5959249999999,2024,12,December,Friday,4
1098,3,37,2024-07-20,11,19.91,0.0,219.01,0.0,219.01,2024,7,July,Saturday,3
1099,1,12,2024-12-17,4,105.87,0.1,423.48,0.4234800000000001,423.05652000000003,2024,12,December,Tuesday,4
1100,5,11,2024-04-03,7,117.42,0.15,821.94,1.23291,820.7070900000001,2024,4,April,Wednesday,2
1101,1,8,2024-01-22,6,98.81,0.05,592.86,0.29643,592.56357,2024,1,January,Monday,1
1102,1,69,2024-05-20,9,68.64,0.05,617.76,0.30888000000000004,617.45112,2024,5,May,Monday,2
1103,10,35,2024-08-03,9,8.64,0.05,77.76,0.038880000000000005,77.72112,2024,8,August,Saturday,3
1104,2,88,2024-02-26,8,106.78,0.15,854.24,1.28136,852.9586400000001,2024,2,February,Monday,1
1105,8,1,2024-09-20,2,38.35,0.15,76.7,0.11505000000000001,76.58495,2024,9,September,Friday,3
1106,6,108,2024-09-26,11,151.96,0.0,1671.5600000000002,0.0,1671.5600000000002,2024,9,September,Thursday,3
1107,4,103,2024-09-05,3,143.37,0.1,430.11,0.43011000000000005,429.67989,2024,9,September,Thursday,3
1108,1,149,2024-02-04,10,212.9,0.15,2129.0,3.1935,2125.8065,2024,2,February,Sunday,1
1109,9,84,2024-02-23,6,219.55,0.0,1317.3000000000002,0.0,1317.3000000000002,2024,2,February,Friday,1
1110,8,166,2024-03-24,5,44.53,0.05,222.65,0.11132500000000001,222.538675,2024,3,March,Sunday,1
1111,5,144,2024-07-29,1,72.5,0.15,72.5,0.10875,72.39125,2024,7,July,Monday,3
1112,1,31,2024-03-09,5,110.33,0.05,551.65,0.275825,551.3741749999999,2024,3,March,Saturday,1
1113,7,142,2024-10-14,1,36.7,0.15,36.7,0.05505,36.64495,2024,10,October,Monday,4
1114,10,100,2024-01-03,2,120.25,0.15,240.5,0.36074999999999996,240.13925,2024,1,January,Wednesday,1
1115,8,27,2024-02-09,9,83.28,0.0,749.52,0.0,749.52,2024,2,February,Friday,1
1116,5,162,2024-02-14,10,125.27,0.15,1252.7,1.87905,1250.82095,2024,2,February,Wednesday,1
1117,5,167,2024-06-15,3,20.08,0.0,60.239999999999995,0.0,60.239999999999995,2024,6,June,Saturday,2
1118,6,149,2024-05-09,10,212.9,0.15,2129.0,3.1935,2125.8065,2024,5,May,Thursday,2
1119,10,68,2024-12-13,8,17.26,0.25,138.08,0.3452,137.7348,2024,12,December,Friday,4
1120,5,1,2024-12-13,6,38.35,0.0,230.10000000000002,0.0,230.10000000000002,2024,12,December,Friday,4
1121,1,168,2024-11-19,4,115.57,0.0,462.28,0.0,462.28,2024,11,November,Tuesday,4
1122,4,34,2024-10-29,4,99.91,0.25,399.64,0.9991,398.6409,2024,10,October,Tuesday,4
1123,8,13,2024-12-14,9,91.64,0.15,824.76,1.23714,823.52286,2024,12,December,Saturday,4
1124,3,93,2024-07-07,9,187.19,0.0,1684.71,0.0,1684.71,2024,7,July,Sunday,3
1125,7,134,2024-08-21,6,141.92,0.15,851.52,1.27728,850.24272,2024,8,August,Wednesday,3
1126,3,122,2024-02-11,8,28.93,0.1,231.44,0.23144,231.20856,2024,2,February,Sunday,1
1127,8,98,2024-07-21,12,93.24,0.05,1118.8799999999999,0.5594399999999999,1118.32056,2024,7,July,Sunday,3
1128,5,136,2024-09-11,1,182.39,0.0,182.39,0.0,182.39,2024,9,September,Wednesday,3
1129,8,145,2024-05-25,1,33.88,0.15,33.88,0.05082,33.82918,2024,5,May,Saturday,2
1130,8,88,2024-06-16,4,106.78,0.1,427.12,0.42712000000000006,426.69288,2024,6,June,Sunday,2
1131,6,7,2024-03-25,11,12.29,0.0,135.19,0.0,135.19,2024,3,March,Monday,1
1132,2,164,2024-11-27,10,78.92,0.1,789.2,0.7892000000000001,788.4108,2024,11,November,Wednesday,4
1133,4,43,2024-09-24,11,88.26,0.0,970.86,0.0,970.86,2024,9,September,Tuesday,3
1134,1,76,2024-11-28,8,150.97,0.05,1207.76,0.6038800000000001,1207.15612,2024,11,November,Thursday,4
1135,2,111,2024-11-15,8,43.1,0.05,344.8,0.17240000000000003,344.62760000000003,2024,11,November,Friday,4
1136,2,130,2024-05-17,3,200.9,0.0,602.7,0.0,602.7,2024,5,May,Friday,2
1137,1,29,2024-10-05,6,128.85,0.0,773.0999999999999,0.0,773.0999999999999,2024,10,October,Saturday,4
1138,4,147,2024-06-16,1,159.14,0.15,159.14,0.23870999999999998,158.90129,2024,6,June,Sunday,2
1139,8,127,2024-12-23,1,51.12,0.15,51.12,0.07668,51.043319999999994,2024,12,December,Monday,4
1140,2,113,2024-02-25,6,114.72,0.1,688.3199999999999,0.6883199999999999,687.63168,2024,2,February,Sunday,1
1141,9,165,2024-06-17,6,56.11,0.25,336.65999999999997,0.8416499999999999,335.81834999999995,2024,6,June,Monday,2
1142,8,140,2024-08-30,6,147.3,0.15,883.8000000000001,1.3256999999999999,882.4743000000001,2024,8,August,Friday,3
1143,1,15,2024-12-23,3,149.2,0.0,447.59999999999997,0.0,447.59999999999997,2024,12,December,Monday,4
1144,4,168,2024-09-30,4,115.57,0.15,462.28,0.69342,461.58657999999997,2024,9,September,Monday,3
1145,5,151,2024-04-12,12,22.4,0.1,268.79999999999995,0.26879999999999993,268.53119999999996,2024,4,April,Friday,2
1146,2,30,2024-02-22,11,212.07,0.25,2332.77,5.831925,2326.938075,2024,2,February,Thursday,1
1147,6,97,2024-11-26,5,51.84,0.0,259.20000000000005,0.0,259.20000000000005,2024,11,November,Tuesday,4
1148,9,88,2024-08-18,6,106.78,0.05,640.6800000000001,0.32034000000000007,640.3596600000001,2024,8,August,Sunday,3
1149,4,116,2024-06-03,7,182.63,0.0,1278.4099999999999,0.0,1278.4099999999999,2024,6,June,Monday,2
1150,4,146,2024-12-14,6,127.32,0.0,763.92,0.0,763.92,2024,12,December,Saturday,4
1151,4,168,2024-01-18,7,115.57,0.05,808.99,0.404495,808.585505,2024,1,January,Thursday,1
1152,1,91,2024-02-22,11,146.33,0.0,1609.63,0.0,1609.63,2024,2,February,Thursday,1
1153,2,8,2024-01-26,9,98.81,0.0,889.29,0.0,889.29,2024,1,January,Friday,1
1154,7,113,2024-10-07,2,114.72,0.25,229.44,0.5736,228.8664,2024,10,October,Monday,4
1155,10,29,2024-07-03,5,128.85,0.0,644.25,0.0,644.25,2024,7,July,Wednesday,3
1156,2,136,2024-01-14,2,182.39,0.25,364.78,0.9119499999999999,363.86805,2024,1,January,Sunday,1
1157,10,164,2024-11-04,7,78.92,0.1,552.44,0.55244,551.88756,2024,11,November,Monday,4
1158,7,79,2024-11-19,9,156.97,0.15,1412.73,2.119095,1410.610905,2024,11,November,Tuesday,4
1159,10,43,2024-12-28,7,88.26,0.0,617.82,0.0,617.82,2024,12,December,Saturday,4
1160,4,86,2024-05-02,1,125.76,0.25,125.76,0.3144,125.4456,2024,5,May,Thursday,2
1161,5,169,2024-02-13,12,48.02,0.0,576.24,0.0,576.24,2024,2,February,Tuesday,1
1162,7,66,2024-08-02,12,254.58,0.05,3054.96,1.5274800000000002,3053.43252,2024,8,August,Friday,3
1163,4,38,2024-09-20,12,27.57,0.0,330.84000000000003,0.0,330.84000000000003,2024,9,September,Friday,3
1164,9,15,2024-02-26,8,149.2,0.25,1193.6,2.984,1190.616,2024,2,February,Monday,1
1165,4,85,2024-10-30,11,88.45,0.15,972.95,1.459425,971.490575,2024,10,October,Wednesday,4
1166,8,32,2024-05-16,10,195.25,0.15,1952.5,2.92875,1949.57125,2024,5,May,Thursday,2
1167,9,162,2024-08-23,3,125.27,0.1,375.81,0.37581000000000003,375.43419,2024,8,August,Friday,3
1168,5,14,2024-12-17,6,13.97,0.1,83.82000000000001,0.08382000000000002,83.73618,2024,12,December,Tuesday,4
1169,6,45,2024-09-05,6,29.94,0.0,179.64000000000001,0.0,179.64000000000001,2024,9,September,Thursday,3
1170,10,4,2024-03-20,5,167.47,0.0,837.35,0.0,837.35,2024,3,March,Wednesday,1
1171,1,97,2024-10-25,1,51.84,0.25,51.84,0.12960000000000002,51.7104,2024,10,October,Friday,4
1172,10,33,2024-11-04,3,162.49,0.05,487.47,0.24373500000000003,487.226265,2024,11,November,Monday,4
1173,4,146,2024-12-08,6,127.32,0.15,763.92,1.14588,762.7741199999999,2024,12,December,Sunday,4
1174,4,90,2024-04-26,2,98.0,0.0,196.0,0.0,196.0,2024,4,April,Friday,2
1175,6,3,2024-05-26,4,91.88,0.15,367.52,0.5512799999999999,366.96871999999996,2024,5,May,Sunday,2
1176,10,35,2024-06-18,3,8.64,0.0,25.92,0.0,25.92,2024,6,June,Tuesday,2
1177,4,4,2024-05-16,11,167.47,0.1,1842.17,1.84217,1840.3278300000002,2024,5,May,Thursday,2
1178,4,79,2024-12-23,9,156.97,0.15,1412.73,2.119095,1410.610905,2024,12,December,Monday,4
1179,4,81,2024-05-11,9,39.73,0.0,357.57,0.0,357.57,2024,5,May,Saturday,2
1180,10,20,2024-06-12,3,150.34,0.1,451.02,0.45102000000000003,450.56897999999995,2024,6,June,Wednesday,2
1181,2,155,2024-10-31,12,165.6,0.25,1987.1999999999998,4.968,1982.2319999999997,2024,10,October,Thursday,4
1182,4,4,2024-07-15,7,167.47,0.25,1172.29,2.930725,1169.359275,2024,7,July,Monday,3
1183,1,107,2024-06-09,2,9.07,0.05,18.14,0.00907,18.13093,2024,6,June,Sunday,2
1184,5,2,2024-11-14,12,81.57,0.25,978.8399999999999,2.4471,976.3928999999999,2024,11,November,Thursday,4
1185,2,78,2024-01-16,1,125.42,0.1,125.42,0.12542,125.29458,2024,1,January,Tuesday,1
1186,4,55,2024-03-28,5,120.86,0.0,604.3,0.0,604.3,2024,3,March,Thursday,1
1187,1,139,2024-09-18,9,81.1,0.15,729.9,1.09485,728.80515,2024,9,September,Wednesday,3
1188,5,56,2024-09-23,11,91.09,0.0,1001.99,0.0,1001.99,2024,9,September,Monday,3
1189,7,100,2024-04-01,7,120.25,0.0,841.75,0.0,841.75,2024,4,April,Monday,2
1190,2,77,2024-08-24,1,68.92,0.1,68.92,0.06892000000000001,68.85108,2024,8,August,Saturday,3
1191,7,69,2024-05-21,6,68.64,0.0,411.84000000000003,0.0,411.84000000000003,2024,5,May,Tuesday,2
1192,5,65,2024-06-03,2,65.09,0.0,130.18,0.0,130.18,2024,6,June,Monday,2
1193,3,29,2024-04-13,3,128.85,0.25,386.54999999999995,0.9663749999999999,385.5836249999999,2024,4,April,Saturday,2
1194,10,114,2024-11-19,1,137.91,0.05,137.91,0.068955,137.841045,2024,11,November,Tuesday,4
1195,2,160,2024-11-19,10,215.87,0.0,2158.7,0.0,2158.7,2024,11,November,Tuesday,4
1196,3,165,2024-03-05,7,56.11,0.0,392.77,0.0,392.77,2024,3,March,Tuesday,1
1197,6,118,2024-12-07,11,153.88,0.25,1692.6799999999998,4.2317,1688.4482999999998,2024,12,December,Saturday,4
1198,6,80,2024-12-14,11,210.02,0.1,2310.2200000000003,2.3102200000000006,2307.9097800000004,2024,12,December,Saturday,4
1199,7,24,2024-05-08,2,80.42,0.15,160.84,0.24126,160.59874,2024,5,May,Wednesday,2
1200,10,110,2024-05-28,12,240.3,0.0,2883.6000000000004,0.0,2883.6000000000004,2024,5,May,Tuesday,2
1201,2,115,2024-10-18,3,212.31,0.0,636.9300000000001,0.0,636.9300000000001,2024,10,October,Friday,4
1202,1,10,2024-08-11,5,136.82,0.1,684.0999999999999,0.6840999999999999,683.4159,2024,8,August,Sunday,3
1203,10,108,2024-12-26,10,151.96,0.0,1519.6000000000001,0.0,1519.6000000000001,2024,12,December,Thursday,4
1204,4,130,2024-04-22,9,200.9,0.0,1808.1000000000001,0.0,1808.1000000000001,2024,4,April,Monday,2
1205,7,22,2024-04-26,12,28.7,0.0,344.4,0.0,344.4,2024,4,April,Friday,2
1206,1,6,2024-08-13,2,18.62,0.05,37.24,0.01862,37.22138,2024,8,August,Tuesday,3
1207,5,102,2024-10-11,12,25.17,0.0,302.04,0.0,302.04,2024,10,October,Friday,4
1208,9,78,2024-12-09,10,125.42,0.05,1254.2,0.6271000000000001,1253.5729000000001,2024,12,December,Monday,4
1209,8,51,2024-05-08,3,160.16,0.15,480.48,0.72072,479.75928,2024,5,May,Wednesday,2
1210,6,122,2024-09-01,12,28.93,0.15,347.15999999999997,0.5207399999999999,346.63926,2024,9,September,Sunday,3
1211,5,8,2024-02-05,9,98.81,0.0,889.29,0.0,889.29,2024,2,February,Monday,1
1212,2,99,2024-04-03,1,207.07,0.0,207.07,0.0,207.07,2024,4,April,Wednesday,2
1213,10,61,2024-03-18,5,24.26,0.25,121.30000000000001,0.30325,120.99675,2024,3,March,Monday,1
1214,3,77,2024-02-18,3,68.92,0.0,206.76,0.0,206.76,2024,2,February,Sunday,1
1215,2,1,2024-11-03,5,38.35,0.05,191.75,0.095875,191.654125,2024,11,November,Sunday,4
1216,3,61,2024-12-02,5,24.26,0.1,121.30000000000001,0.12130000000000002,121.1787,2024,12,December,Monday,4
1217,9,54,2024-02-14,10,241.98,0.0,2419.7999999999997,0.0,2419.7999999999997,2024,2,February,Wednesday,1
1218,9,147,2024-12-24,7,159.14,0.1,1113.98,1.1139800000000002,1112.86602,2024,12,December,Tuesday,4
1219,9,75,2024-12-28,7,29.49,0.05,206.42999999999998,0.103215,206.32678499999997,2024,12,December,Saturday,4
1220,2,58,2024-12-23,4,216.14,0.1,864.56,0.86456,863.69544,2024,12,December,Monday,4
1221,3,151,2024-10-13,7,22.4,0.1,156.79999999999998,0.1568,156.64319999999998,2024,10,October,Sunday,4
1222,10,116,2024-11-18,3,182.63,0.0,547.89,0.0,547.89,2024,11,November,Monday,4
1223,2,141,2024-08-26,7,45.08,0.05,315.56,0.15778,315.40222,2024,8,August,Monday,3
1224,2,104,2024-11-20,11,246.47,0.15,2711.17,4.066755,2707.1032450000002,2024,11,November,Wednesday,4
1225,7,158,2024-11-24,4,81.38,0.05,325.52,0.16276,325.35724,2024,11,November,Sunday,4
1226,2,92,2024-03-26,8,96.38,0.05,771.04,0.38552,770.6544799999999,2024,3,March,Tuesday,1
1227,10,6,2024-07-21,3,18.62,0.0,55.86,0.0,55.86,2024,7,July,Sunday,3
1228,1,140,2024-11-02,5,147.3,0.15,736.5,1.10475,735.39525,2024,11,November,Saturday,4
1229,4,145,2024-12-10,8,33.88,0.15,271.04,0.40656,270.63344,2024,12,December,Tuesday,4
1230,3,141,2024-11-04,7,45.08,0.0,315.56,0.0,315.56,2024,11,November,Monday,4
1231,9,26,2024-07-26,2,163.65,0.15,327.3,0.49095,326.80905,2024,7,July,Friday,3
1232,1,142,2024-02-18,11,36.7,0.0,403.70000000000005,0.0,403.70000000000005,2024,2,February,Sunday,1
1233,5,168,2024-11-12,12,115.57,0.25,1386.84,3.4671,1383.3728999999998,2024,11,November,Tuesday,4
1234,10,101,2024-11-05,4,131.65,0.05,526.6,0.26330000000000003,526.3367000000001,2024,11,November,Tuesday,4
1236,10,2,2024-10-13,5,81.57,0.25,407.84999999999997,1.019625,406.83037499999995,2024,10,October,Sunday,4
1237,2,155,2024-12-11,4,165.6,0.0,662.4,0.0,662.4,2024,12,December,Wednesday,4
1238,4,149,2024-09-24,6,212.9,0.1,1277.4,1.2774,1276.1226000000001,2024,9,September,Tuesday,3
1239,1,24,2024-02-23,1,80.42,0.25,80.42,0.20105,80.21895,2024,2,February,Friday,1
1240,2,129,2024-11-03,12,151.03,0.0,1812.3600000000001,0.0,1812.3600000000001,2024,11,November,Sunday,4
1241,6,19,2024-01-20,7,61.27,0.15,428.89000000000004,0.643335,428.24666500000006,2024,1,January,Saturday,1
1242,4,23,2024-03-18,4,135.4,0.0,541.6,0.0,541.6,2024,3,March,Monday,1
1243,9,111,2024-07-03,8,43.1,0.25,344.8,0.862,343.938,2024,7,July,Wednesday,3
1244,2,141,2024-12-05,2,45.08,0.0,90.16,0.0,90.16,2024,12,December,Thursday,4
1245,5,117,2024-06-07,11,144.39,0.0,1588.29,0.0,1588.29,2024,6,June,Friday,2
1246,2,162,2024-06-10,4,125.27,0.1,501.08,0.5010800000000001,500.57892,2024,6,June,Monday,2
1247,5,165,2024-11-11,8,56.11,0.05,448.88,0.22444000000000003,448.65556,2024,11,November,Monday,4
1248,4,21,2024-08-29,11,89.09,0.1,979.99,0.9799900000000001,979.01001,2024,8,August,Thursday,3
1249,8,71,2024-06-03,4,11.55,0.0,46.2,0.0,46.2,2024,6,June,Monday,2
1250,1,126,2024-02-11,5,28.64,0.0,143.2,0.0,143.2,2024,2,February,Sunday,1
1251,9,27,2024-10-19,11,83.28,0.05,916.08,0.45804,915.6219600000001,2024,10,October,Saturday,4
1252,7,83,2024-05-03,6,48.4,0.0,290.4,0.0,290.4,2024,5,May,Friday,2
1253,10,169,2024-01-31,3,48.02,0.1,144.06,0.14406,143.91594,2024,1,January,Wednesday,1
1254,2,117,2024-11-20,7,144.39,0.05,1010.7299999999999,0.505365,1010.2246349999999,2024,11,November,Wednesday,4
1255,8,81,2024-09-01,9,39.73,0.0,357.57,0.0,357.57,2024,9,September,Sunday,3
1256,4,128,2024-09-30,7,177.81,0.0,1244.67,0.0,1244.67,2024,9,September,Monday,3
1257,7,118,2024-03-06,4,153.88,0.0,615.52,0.0,615.52,2024,3,March,Wednesday,1
1258,10,126,2024-12-27,8,28.64,0.0,229.12,0.0,229.12,2024,12,December,Friday,4
1259,6,25,2024-08-17,11,179.28,0.0,1972.08,0.0,1972.08,2024,8,August,Saturday,3
1260,7,38,2024-08-04,4,27.57,0.1,110.28,0.11028,110.16972,2024,8,August,Sunday,3
1261,2,131,2024-05-02,1,141.63,0.15,141.63,0.212445,141.417555,2024,5,May,Thursday,2
1262,7,115,2024-08-01,5,212.31,0.25,1061.55,2.6538749999999998,1058.896125,2024,8,August,Thursday,3
1263,2,148,2024-04-23,11,126.73,0.0,1394.03,0.0,1394.03,2024,4,April,Tuesday,2
1264,5,149,2024-12-23,12,212.9,0.15,2554.8,3.8322000000000003,2550.9678000000004,2024,12,December,Monday,4
1265,5,138,2024-12-04,2,98.66,0.05,197.32,0.09866,197.22134,2024,12,December,Wednesday,4
1266,9,94,2024-11-02,11,179.27,0.25,1971.97,4.929925,1967.0400750000001,2024,11,November,Saturday,4
1267,5,132,2024-03-02,8,133.08,0.0,1064.64,0.0,1064.64,2024,3,March,Saturday,1
1268,3,100,2024-07-02,11,120.25,0.0,1322.75,0.0,1322.75,2024,7,July,Tuesday,3
1269,1,4,2024-11-11,4,167.47,0.0,669.88,0.0,669.88,2024,11,November,Monday,4
1270,3,9,2024-11-13,6,100.29,0.15,601.74,0.9026099999999999,600.83739,2024,11,November,Wednesday,4
1271,8,52,2024-04-19,9,158.1,0.15,1422.8999999999999,2.1343499999999995,1420.7656499999998,2024,4,April,Friday,2
1272,2,149,2024-12-12,5,212.9,0.1,1064.5,1.0645,1063.4355,2024,12,December,Thursday,4
1273,9,77,2024-08-21,11,68.92,0.1,758.12,0.75812,757.36188,2024,8,August,Wednesday,3
1274,10,86,2024-01-23,11,125.76,0.25,1383.3600000000001,3.4584,1379.9016000000001,2024,1,January,Tuesday,1
1275,8,18,2024-08-31,1,204.77,0.1,204.77,0.20477000000000004,204.56523,2024,8,August,Saturday,3
1276,8,63,2024-03-22,4,110.07,0.05,440.28,0.22014,440.05985999999996,2024,3,March,Friday,1
1277,10,144,2024-09-14,4,72.5,0.0,290.0,0.0,290.0,2024,9,September,Saturday,3
1278,10,108,2024-05-26,8,151.96,0.0,1215.68,0.0,1215.68,2024,5,May,Sunday,2
1279,10,89,2024-11-14,3,16.36,0.15,49.08,0.07361999999999999,49.00638,2024,11,November,Thursday,4
1280,7,19,2024-02-03,10,61.27,0.25,612.7,1.5317500000000002,611.1682500000001,2024,2,February,Saturday,1
1281,7,4,2024-10-31,10,167.47,0.1,1674.7,1.6747000000000003,1673.0253,2024,10,October,Thursday,4
1282,8,87,2024-12-15,2,211.16,0.0,422.32,0.0,422.32,2024,12,December,Sunday,4
1283,10,121,2024-01-13,2,164.69,0.25,329.38,0.82345,328.55655,2024,1,January,Saturday,1
1284,8,81,2024-07-06,5,39.73,0.0,198.64999999999998,0.0,198.64999999999998,2024,7,July,Saturday,3
1285,3,9,2024-11-11,12,100.29,0.15,1203.48,1.8052199999999998,1201.67478,2024,11,November,Monday,4
1286,6,148,2024-11-15,12,126.73,0.0,1520.76,0.0,1520.76,2024,11,November,Friday,4
1287,5,74,2024-07-26,11,77.0,0.0,847.0,0.0,847.0,2024,7,July,Friday,3
1288,5,146,2024-11-18,8,127.32,0.15,1018.56,1.5278399999999999,1017.03216,2024,11,November,Monday,4
1289,9,95,2024-05-07,2,244.81,0.05,489.62,0.24481000000000003,489.37519000000003,2024,5,May,Tuesday,2
1290,10,166,2024-10-08,2,44.53,0.0,89.06,0.0,89.06,2024,10,October,Tuesday,4
1291,3,22,2024-03-18,11,28.7,0.1,315.7,0.3157,315.3843,2024,3,March,Monday,1
1292,4,145,2024-10-21,3,33.88,0.0,101.64000000000001,0.0,101.64000000000001,2024,10,October,Monday,4
1293,10,23,2024-11-21,9,135.4,0.0,1218.6000000000001,0.0,1218.6000000000001,2024,11,November,Thursday,4
1294,6,111,2024-06-27,3,43.1,0.0,129.3,0.0,129.3,2024,6,June,Thursday,2
1295,10,72,2024-10-19,1,94.95,0.1,94.95,0.09495,94.85505,2024,10,October,Saturday,4
1296,5,111,2024-06-25,5,43.1,0.25,215.5,0.53875,214.96125,2024,6,June,Tuesday,2
1297,6,8,2024-08-24,12,98.81,0.0,1185.72,0.0,1185.72,2024,8,August,Saturday,3
1298,8,61,2024-03-21,11,24.26,0.15,266.86,0.40029000000000003,266.45971000000003,2024,3,March,Thursday,1
1299,7,87,2024-04-03,1,211.16,0.0,211.16,0.0,211.16,2024,4,April,Wednesday,2
1300,1,119,2024-09-04,1,38.1,0.1,38.1,0.0381,38.0619,2024,9,September,Wednesday,3
1301,5,90,2024-09-10,2,98.0,0.0,196.0,0.0,196.0,2024,9,September,Tuesday,3
1302,7,31,2024-11-29,9,110.33,0.0,992.97,0.0,992.97,2024,11,November,Friday,4
1303,8,139,2024-08-22,6,81.1,0.0,486.59999999999997,0.0,486.59999999999997,2024,8,August,Thursday,3
1304,4,159,2024-06-03,1,51.69,0.0,51.69,0.0,51.69,2024,6,June,Monday,2
1305,3,160,2024-11-21,11,215.87,0.0,2374.57,0.0,2374.57,2024,11,November,Thursday,4
1306,8,25,2024-12-01,8,179.28,0.1,1434.24,1.43424,1432.80576,2024,12,December,Sunday,4
1307,5,137,2024-12-04,2,165.65,0.05,331.3,0.16565000000000002,331.13435,2024,12,December,Wednesday,4
1308,10,53,2024-09-06,6,131.05,0.15,786.3000000000001,1.17945,785.1205500000001,2024,9,September,Friday,3
1309,4,100,2024-12-29,5,120.25,0.25,601.25,1.503125,599.746875,2024,12,December,Sunday,4
1310,10,66,2024-05-05,2,254.58,0.1,509.16,0.5091600000000001,508.65084,2024,5,May,Sunday,2
1311,3,113,2024-01-07,2,114.72,0.25,229.44,0.5736,228.8664,2024,1,January,Sunday,1
1312,4,166,2024-02-03,2,44.53,0.0,89.06,0.0,89.06,2024,2,February,Saturday,1
1313,9,76,2024-05-16,9,150.97,0.05,1358.73,0.6793650000000001,1358.050635,2024,5,May,Thursday,2
1314,1,135,2024-01-17,11,198.75,0.25,2186.25,5.465625,2180.784375,2024,1,January,Wednesday,1
1315,4,140,2024-10-12,8,147.3,0.25,1178.4,2.946,1175.4540000000002,2024,10,October,Saturday,4
1316,1,101,2024-06-07,1,131.65,0.0,131.65,0.0,131.65,2024,6,June,Friday,2
1317,7,27,2024-11-14,10,83.28,0.0,832.8,0.0,832.8,2024,11,November,Thursday,4
1318,7,54,2024-04-25,6,241.98,0.25,1451.8799999999999,3.6296999999999997,1448.2503,2024,4,April,Thursday,2
1319,2,82,2024-01-02,5,111.57,0.25,557.8499999999999,1.3946249999999998,556.4553749999999,2024,1,January,Tuesday,1
1320,4,140,2024-03-08,10,147.3,0.15,1473.0,2.2095,1470.7905,2024,3,March,Friday,1
1321,3,41,2024-07-03,4,157.72,0.0,630.88,0.0,630.88,2024,7,July,Wednesday,3
1322,1,21,2024-12-19,2,89.09,0.0,178.18,0.0,178.18,2024,12,December,Thursday,4
1323,3,65,2024-05-30,11,65.09,0.25,715.99,1.789975,714.200025,2024,5,May,Thursday,2
1324,8,2,2024-11-04,8,81.57,0.25,652.56,1.6314,650.9286,2024,11,November,Monday,4
1325,9,9,2024-11-06,2,100.29,0.1,200.58,0.20058000000000004,200.37942,2024,11,November,Wednesday,4
1326,4,63,2024-11-07,7,110.07,0.05,770.49,0.38524500000000006,770.104755,2024,11,November,Thursday,4
1327,8,150,2024-02-02,11,89.35,0.25,982.8499999999999,2.4571249999999996,980.3928749999999,2024,2,February,Friday,1
1328,7,121,2024-05-16,8,164.69,0.15,1317.52,1.9762799999999998,1315.54372,2024,5,May,Thursday,2
1329,3,167,2024-07-12,7,20.08,0.15,140.56,0.21084,140.34916,2024,7,July,Friday,3
1330,6,106,2024-02-06,1,97.25,0.0,97.25,0.0,97.25,2024,2,February,Tuesday,1
1331,3,100,2024-09-07,10,120.25,0.1,1202.5,1.2025,1201.2975,2024,9,September,Saturday,3
1332,9,165,2024-02-18,2,56.11,0.0,112.22,0.0,112.22,2024,2,February,Sunday,1
1333,2,134,2024-11-14,8,141.92,0.15,1135.36,1.7030399999999997,1133.6569599999998,2024,11,November,Thursday,4
1334,5,59,2024-08-20,12,30.25,0.25,363.0,0.9075,362.0925,2024,8,August,Tuesday,3
1335,5,113,2024-10-22,3,114.72,0.0,344.15999999999997,0.0,344.15999999999997,2024,10,October,Tuesday,4
1336,1,131,2024-12-27,1,141.63,0.1,141.63,0.14163,141.48837,2024,12,December,Friday,4
1337,9,78,2024-12-18,12,125.42,0.0,1505.04,0.0,1505.04,2024,12,December,Wednesday,4
1338,9,149,2024-06-04,6,212.9,0.05,1277.4,0.6387,1276.7613000000001,2024,6,June,Tuesday,2
1339,2,62,2024-04-29,12,11.77,0.0,141.24,0.0,141.24,2024,4,April,Monday,2
1340,1,99,2024-03-03,10,207.07,0.0,2070.7,0.0,2070.7,2024,3,March,Sunday,1
1341,2,43,2024-01-09,3,88.26,0.25,264.78000000000003,0.66195,264.11805000000004,2024,1,January,Tuesday,1
1342,3,83,2024-09-06,11,48.4,0.0,532.4,0.0,532.4,2024,9,September,Friday,3
1343,10,137,2024-09-08,1,165.65,0.0,165.65,0.0,165.65,2024,9,September,Sunday,3
1344,3,38,2024-05-29,12,27.57,0.0,330.84000000000003,0.0,330.84000000000003,2024,5,May,Wednesday,2
1345,5,27,2024-04-23,1,83.28,0.0,83.28,0.0,83.28,2024,4,April,Tuesday,2
1346,3,118,2024-05-20,4,153.88,0.0,615.52,0.0,615.52,2024,5,May,Monday,2
1347,1,23,2024-03-15,9,135.4,0.1,1218.6000000000001,1.2186000000000001,1217.3814000000002,2024,3,March,Friday,1
1348,8,23,2024-11-22,3,135.4,0.0,406.20000000000005,0.0,406.20000000000005,2024,11,November,Friday,4
1349,3,165,2024-07-23,11,56.11,0.0,617.21,0.0,617.21,2024,7,July,Tuesday,3
1350,6,82,2024-02-09,5,111.57,0.0,557.8499999999999,0.0,557.8499999999999,2024,2,February,Friday,1
1351,1,15,2024-10-10,5,149.2,0.25,746.0,1.865,744.135,2024,10,October,Thursday,4
1352,4,76,2024-03-22,12,150.97,0.15,1811.6399999999999,2.71746,1808.9225399999998,2024,3,March,Friday,1
1353,4,153,2024-12-27,11,149.65,0.0,1646.15,0.0,1646.15,2024,12,December,Friday,4
1354,2,35,2024-05-03,6,8.64,0.25,51.84,0.12960000000000002,51.7104,2024,5,May,Friday,2
1355,10,17,2024-03-16,5,92.08,0.15,460.4,0.6905999999999999,459.70939999999996,2024,3,March,Saturday,1
1356,2,68,2024-02-28,3,17.26,0.05,51.78,0.025890000000000003,51.754110000000004,2024,2,February,Wednesday,1
1357,3,85,2024-07-22,11,88.45,0.15,972.95,1.459425,971.490575,2024,7,July,Monday,3
1358,6,169,2024-03-29,12,48.02,0.0,576.24,0.0,576.24,2024,3,March,Friday,1
1359,3,94,2024-03-23,2,179.27,0.0,358.54,0.0,358.54,2024,3,March,Saturday,1
1360,3,136,2024-11-24,5,182.39,0.25,911.9499999999999,2.2798749999999997,909.670125,2024,11,November,Sunday,4
1361,4,31,2024-03-30,12,110.33,0.25,1323.96,3.3099000000000003,1320.6501,2024,3,March,Saturday,1
1362,2,53,2024-07-20,2,131.05,0.0,262.1,0.0,262.1,2024,7,July,Saturday,3
1363,5,122,2024-11-15,6,28.93,0.15,173.57999999999998,0.26036999999999993,173.31963,2024,11,November,Friday,4
1364,9,52,2024-06-21,6,158.1,0.15,948.5999999999999,1.4228999999999998,947.1770999999999,2024,6,June,Friday,2
1365,3,61,2024-01-05,7,24.26,0.0,169.82000000000002,0.0,169.82000000000002,2024,1,January,Friday,1
1366,8,61,2024-11-27,7,24.26,0.25,169.82000000000002,0.42455000000000004,169.39545,2024,11,November,Wednesday,4
1367,2,113,2024-12-18,6,114.72,0.0,688.3199999999999,0.0,688.3199999999999,2024,12,December,Wednesday,4
1368,1,62,2024-06-10,2,11.77,0.15,23.54,0.035309999999999994,23.50469,2024,6,June,Monday,2
1369,10,86,2024-08-17,4,125.76,0.15,503.04,0.75456,502.28544,2024,8,August,Saturday,3
1370,1,25,2024-06-20,6,179.28,0.0,1075.68,0.0,1075.68,2024,6,June,Thursday,2
1371,2,148,2024-08-19,4,126.73,0.15,506.92,0.76038,506.15962,2024,8,August,Monday,3
1372,9,16,2024-01-02,3,78.24,0.15,234.71999999999997,0.3520799999999999,234.36791999999997,2024,1,January,Tuesday,1
1373,8,93,2024-02-25,2,187.19,0.0,374.38,0.0,374.38,2024,2,February,Sunday,1
1374,10,12,2024-05-20,10,105.87,0.1,1058.7,1.0587,1057.6413,2024,5,May,Monday,2
1375,3,102,2024-09-13,2,25.17,0.05,50.34,0.025170000000000005,50.31483,2024,9,September,Friday,3
1376,5,46,2024-01-07,12,46.4,0.1,556.8,0.5568,556.2432,2024,1,January,Sunday,1
1377,5,18,2024-10-21,8,204.77,0.15,1638.16,2.45724,1635.7027600000001,2024,10,October,Monday,4
1378,5,118,2024-03-13,11,153.88,0.0,1692.6799999999998,0.0,1692.6799999999998,2024,3,March,Wednesday,1
1379,3,49,2024-08-27,8,89.67,0.0,717.36,0.0,717.36,2024,8,August,Tuesday,3
1380,9,41,2024-11-25,7,157.72,0.15,1104.04,1.6560599999999999,1102.38394,2024,11,November,Monday,4
1381,8,88,2024-03-26,6,106.78,0.25,640.6800000000001,1.6017000000000001,639.0783,2024,3,March,Tuesday,1
1382,2,34,2024-08-19,9,99.91,0.15,899.1899999999999,1.3487849999999997,897.8412149999999,2024,8,August,Monday,3
1383,9,110,2024-12-05,6,240.3,0.1,1441.8000000000002,1.4418000000000004,1440.3582000000001,2024,12,December,Thursday,4
1384,10,53,2024-11-04,10,131.05,0.25,1310.5,3.27625,1307.22375,2024,11,November,Monday,4
1385,1,166,2024-05-23,6,44.53,0.1,267.18,0.26718000000000003,266.91282,2024,5,May,Thursday,2
1386,7,153,2024-12-12,4,149.65,0.05,598.6,0.2993,598.3007,2024,12,December,Thursday,4
1387,5,89,2024-11-18,7,16.36,0.05,114.52,0.05726,114.46274,2024,11,November,Monday,4
1388,7,135,2024-04-07,10,198.75,0.25,1987.5,4.96875,1982.53125,2024,4,April,Sunday,2
1389,2,40,2024-04-19,1,21.17,0.05,21.17,0.010585000000000002,21.159415000000003,2024,4,April,Friday,2
1390,5,31,2024-01-03,10,110.33,0.15,1103.3,1.6549499999999997,1101.6450499999999,2024,1,January,Wednesday,1
1391,6,13,2024-02-11,6,91.64,0.1,549.84,0.5498400000000001,549.29016,2024,2,February,Sunday,1
1392,9,111,2024-06-09,10,43.1,0.1,431.0,0.431,430.569,2024,6,June,Sunday,2
1393,5,43,2024-11-11,2,88.26,0.05,176.52,0.08826,176.43174000000002,2024,11,November,Monday,4
1394,8,134,2024-07-17,10,141.92,0.15,1419.1999999999998,2.1287999999999996,1417.0711999999999,2024,7,July,Wednesday,3
1395,3,158,2024-11-13,6,81.38,0.05,488.28,0.24414000000000002,488.03585999999996,2024,11,November,Wednesday,4
1396,7,12,2024-07-20,5,105.87,0.0,529.35,0.0,529.35,2024,7,July,Saturday,3
1397,10,104,2024-11-02,7,246.47,0.0,1725.29,0.0,1725.29,2024,11,November,Saturday,4
1398,7,56,2024-04-01,3,91.09,0.0,273.27,0.0,273.27,2024,4,April,Monday,2
1399,8,168,2024-09-03,11,115.57,0.05,1271.27,0.6356350000000001,1270.634365,2024,9,September,Tuesday,3
1400,5,156,2024-02-17,6,173.78,0.1,1042.68,1.04268,1041.63732,2024,2,February,Saturday,1
1401,6,6,2024-10-28,1,18.62,0.1,18.62,0.01862,18.601380000000002,2024,10,October,Monday,4
1402,2,33,2024-11-11,3,162.49,0.0,487.47,0.0,487.47,2024,11,November,Monday,4
1403,8,55,2024-09-22,4,120.86,0.0,483.44,0.0,483.44,2024,9,September,Sunday,3
1404,3,53,2024-02-24,7,131.05,0.0,917.3500000000001,0.0,917.3500000000001,2024,2,February,Saturday,1
1405,10,157,2024-05-18,12,147.67,0.0,1772.04,0.0,1772.04,2024,5,May,Saturday,2
1406,3,105,2024-02-29,3,136.88,0.1,410.64,0.41064,410.22936,2024,2,February,Thursday,1
1407,6,55,2024-12-23,3,120.86,0.0,362.58,0.0,362.58,2024,12,December,Monday,4
1408,2,56,2024-07-18,6,91.09,0.0,546.54,0.0,546.54,2024,7,July,Thursday,3
1409,8,38,2024-11-04,11,27.57,0.0,303.27,0.0,303.27,2024,11,November,Monday,4
1410,1,89,2024-07-04,7,16.36,0.1,114.52,0.11452,114.40548,2024,7,July,Thursday,3
1411,8,117,2024-09-04,3,144.39,0.0,433.16999999999996,0.0,433.16999999999996,2024,9,September,Wednesday,3
1412,9,45,2024-11-21,6,29.94,0.0,179.64000000000001,0.0,179.64000000000001,2024,11,November,Thursday,4
1413,2,67,2024-06-07,9,107.18,0.05,964.6200000000001,0.48231000000000007,964.1376900000001,2024,6,June,Friday,2
1414,5,53,2024-10-20,12,131.05,0.1,1572.6000000000001,1.5726000000000002,1571.0274000000002,2024,10,October,Sunday,4
1415,4,92,2024-02-21,4,96.38,0.25,385.52,0.9638,384.5562,2024,2,February,Wednesday,1
1416,1,78,2024-11-30,1,125.42,0.0,125.42,0.0,125.42,2024,11,November,Saturday,4
1417,6,32,2024-12-10,5,195.25,0.15,976.25,1.464375,974.785625,2024,12,December,Tuesday,4
1418,1,169,2024-08-26,3,48.02,0.15,144.06,0.21608999999999998,143.84391,2024,8,August,Monday,3
1419,3,19,2024-05-01,9,61.27,0.05,551.4300000000001,0.27571500000000004,551.1542850000001,2024,5,May,Wednesday,2
1420,3,35,2024-11-14,2,8.64,0.0,17.28,0.0,17.28,2024,11,November,Thursday,4
1421,1,66,2024-01-30,3,254.58,0.1,763.74,0.7637400000000001,762.97626,2024,1,January,Tuesday,1
1422,6,41,2024-04-27,4,157.72,0.05,630.88,0.31544,630.56456,2024,4,April,Saturday,2
1423,5,117,2024-09-01,8,144.39,0.0,1155.12,0.0,1155.12,2024,9,September,Sunday,3
1424,10,150,2024-04-22,10,89.35,0.25,893.5,2.23375,891.26625,2024,4,April,Monday,2
1425,2,94,2024-11-18,1,179.27,0.05,179.27,0.08963500000000002,179.18036500000002,2024,11,November,Monday,4
1426,9,104,2024-11-19,4,246.47,0.25,985.88,2.4647,983.4153,2024,11,November,Tuesday,4
1427,3,27,2024-03-11,4,83.28,0.0,333.12,0.0,333.12,2024,3,March,Monday,1
1428,2,120,2024-01-19,11,234.32,0.25,2577.52,6.4437999999999995,2571.0762,2024,1,January,Friday,1
1429,6,141,2024-01-24,4,45.08,0.15,180.32,0.27048,180.04952,2024,1,January,Wednesday,1
1430,4,162,2024-03-22,5,125.27,0.0,626.35,0.0,626.35,2024,3,March,Friday,1
1431,7,170,2024-12-17,4,8.38,0.0,33.52,0.0,33.52,2024,12,December,Tuesday,4
1432,2,16,2024-06-14,11,78.24,0.05,860.64,0.43032000000000004,860.2096799999999,2024,6,June,Friday,2
1433,6,65,2024-08-13,12,65.09,0.15,781.08,1.17162,779.9083800000001,2024,8,August,Tuesday,3
1434,8,82,2024-06-07,5,111.57,0.0,557.8499999999999,0.0,557.8499999999999,2024,6,June,Friday,2
1435,4,149,2024-05-15,2,212.9,0.0,425.8,0.0,425.8,2024,5,May,Wednesday,2
1436,6,72,2024-10-12,2,94.95,0.05,189.9,0.09495,189.80505,2024,10,October,Saturday,4
1437,4,107,2024-12-17,4,9.07,0.05,36.28,0.01814,36.26186,2024,12,December,Tuesday,4
1438,4,153,2024-05-29,8,149.65,0.05,1197.2,0.5986,1196.6014,2024,5,May,Wednesday,2
1439,5,77,2024-12-05,11,68.92,0.0,758.12,0.0,758.12,2024,12,December,Thursday,4
1440,9,127,2024-12-04,3,51.12,0.15,153.35999999999999,0.23003999999999997,153.12995999999998,2024,12,December,Wednesday,4
1441,9,81,2024-11-20,2,39.73,0.0,79.46,0.0,79.46,2024,11,November,Wednesday,4
1442,2,62,2024-08-15,8,11.77,0.1,94.16,0.09416000000000001,94.06584,2024,8,August,Thursday,3
1443,3,137,2024-03-13,9,165.65,0.25,1490.8500000000001,3.7271250000000005,1487.1228750000002,2024,3,March,Wednesday,1
1444,1,14,2024-12-22,6,13.97,0.25,83.82000000000001,0.20955000000000001,83.61045000000001,2024,12,December,Sunday,4
1445,4,11,2024-07-23,12,117.42,0.15,1409.04,2.11356,1406.92644,2024,7,July,Tuesday,3
1446,5,7,2024-07-16,2,12.29,0.25,24.58,0.06145,24.518549999999998,2024,7,July,Tuesday,3
1447,4,151,2024-12-20,9,22.4,0.05,201.6,0.1008,201.4992,2024,12,December,Friday,4
1448,5,74,2024-07-08,5,77.0,0.15,385.0,0.5775,384.4225,2024,7,July,Monday,3
1449,1,154,2024-09-03,6,104.34,0.0,626.04,0.0,626.04,2024,9,September,Tuesday,3
1450,10,64,2024-09-29,8,54.54,0.0,436.32,0.0,436.32,2024,9,September,Sunday,3
1451,8,72,2024-05-10,10,94.95,0.15,949.5,1.4242499999999998,948.07575,2024,5,May,Friday,2
1452,10,165,2024-11-27,2,56.11,0.0,112.22,0.0,112.22,2024,11,November,Wednesday,4
1453,2,41,2024-10-23,9,157.72,0.05,1419.48,0.70974,1418.77026,2024,10,October,Wednesday,4
1454,10,43,2024-07-07,12,88.26,0.0,1059.1200000000001,0.0,1059.1200000000001,2024,7,July,Sunday,3
1455,1,78,2024-12-20,10,125.42,0.25,1254.2,3.1355,1251.0645,2024,12,December,Friday,4
1456,6,1,2024-02-28,2,38.35,0.25,76.7,0.19175,76.50825,2024,2,February,Wednesday,1
1457,6,67,2024-07-28,5,107.18,0.05,535.9000000000001,0.2679500000000001,535.63205,2024,7,July,Sunday,3
1458,8,16,2024-02-07,1,78.24,0.0,78.24,0.0,78.24,2024,2,February,Wednesday,1
1459,3,84,2024-12-05,6,219.55,0.05,1317.3000000000002,0.6586500000000001,1316.64135,2024,12,December,Thursday,4
1460,6,33,2024-05-14,5,162.49,0.25,812.45,2.0311250000000003,810.4188750000001,2024,5,May,Tuesday,2
1461,8,81,2024-11-06,9,39.73,0.0,357.57,0.0,357.57,2024,11,November,Wednesday,4
1462,10,87,2024-11-14,9,211.16,0.15,1900.44,2.8506599999999995,1897.58934,2024,11,November,Thursday,4
1463,2,145,2024-12-20,1,33.88,0.05,33.88,0.01694,33.863060000000004,2024,12,December,Friday,4
1464,7,128,2024-11-14,3,177.81,0.25,533.4300000000001,1.3335750000000002,532.0964250000001,2024,11,November,Thursday,4
1465,4,24,2024-05-12,5,80.42,0.0,402.1,0.0,402.1,2024,5,May,Sunday,2
1466,6,161,2024-12-08,2,203.07,0.25,406.14,1.01535,405.12465,2024,12,December,Sunday,4
1467,8,64,2024-03-11,2,54.54,0.0,109.08,0.0,109.08,2024,3,March,Monday,1
1468,3,56,2024-09-22,4,91.09,0.0,364.36,0.0,364.36,2024,9,September,Sunday,3
1469,1,57,2024-05-03,10,75.29,0.15,752.9000000000001,1.12935,751.77065,2024,5,May,Friday,2
1470,7,98,2024-12-07,5,93.24,0.0,466.2,0.0,466.2,2024,12,December,Saturday,4
1471,2,128,2024-11-21,7,177.81,0.25,1244.67,3.111675,1241.558325,2024,11,November,Thursday,4
1472,3,78,2024-10-09,2,125.42,0.25,250.84,0.6271,250.2129,2024,10,October,Wednesday,4
1473,4,50,2024-12-16,4,168.2,0.0,672.8,0.0,672.8,2024,12,December,Monday,4
1474,1,61,2024-12-06,3,24.26,0.05,72.78,0.036390000000000006,72.74361,2024,12,December,Friday,4
1475,10,68,2024-12-04,12,17.26,0.0,207.12,0.0,207.12,2024,12,December,Wednesday,4
1476,10,39,2024-07-09,8,112.9,0.0,903.2,0.0,903.2,2024,7,July,Tuesday,3
1477,5,92,2024-10-21,12,96.38,0.0,1156.56,0.0,1156.56,2024,10,October,Monday,4
1478,4,74,2024-07-10,7,77.0,0.0,539.0,0.0,539.0,2024,7,July,Wednesday,3
1479,1,148,2024-07-31,6,126.73,0.25,760.38,1.90095,758.47905,2024,7,July,Wednesday,3
1480,6,110,2024-04-27,8,240.3,0.0,1922.4,0.0,1922.4,2024,4,April,Saturday,2
1481,10,90,2024-01-11,9,98.0,0.25,882.0,2.205,879.795,2024,1,January,Thursday,1
1482,5,113,2024-01-25,7,114.72,0.0,803.04,0.0,803.04,2024,1,January,Thursday,1
1483,1,120,2024-10-29,9,234.32,0.1,2108.88,2.1088800000000005,2106.77112,2024,10,October,Tuesday,4
1484,6,170,2024-11-24,8,8.38,0.0,67.04,0.0,67.04,2024,11,November,Sunday,4
1485,4,95,2024-04-12,11,244.81,0.1,2692.91,2.69291,2690.2170899999996,2024,4,April,Friday,2
1486,10,94,2024-06-21,7,179.27,0.0,1254.89,0.0,1254.89,2024,6,June,Friday,2
1487,9,73,2024-12-28,1,242.79,0.15,242.79,0.3641849999999999,242.425815,2024,12,December,Saturday,4
1488,7,166,2024-11-22,5,44.53,0.25,222.65,0.556625,222.093375,2024,11,November,Friday,4
1489,3,3,2024-02-17,7,91.88,0.0,643.16,0.0,643.16,2024,2,February,Saturday,1
1490,1,124,2024-12-24,9,19.68,0.25,177.12,0.4428,176.6772,2024,12,December,Tuesday,4
1491,7,33,2024-07-21,9,162.49,0.0,1462.41,0.0,1462.41,2024,7,July,Sunday,3
1492,6,58,2024-12-11,10,216.14,0.15,2161.3999999999996,3.2420999999999993,2158.1578999999997,2024,12,December,Wednesday,4
1493,9,61,2024-06-17,7,24.26,0.0,169.82000000000002,0.0,169.82000000000002,2024,6,June,Monday,2
1494,2,161,2024-12-09,2,203.07,0.05,406.14,0.20307000000000003,405.93692999999996,2024,12,December,Monday,4
1495,8,91,2024-07-18,8,146.33,0.1,1170.64,1.1706400000000001,1169.46936,2024,7,July,Thursday,3
1496,9,166,2024-06-04,12,44.53,0.25,534.36,1.3359,533.0241,2024,6,June,Tuesday,2
1497,6,63,2024-11-18,6,110.07,0.15,660.42,0.9906299999999999,659.42937,2024,11,November,Monday,4
1498,4,77,2024-07-23,11,68.92,0.0,758.12,0.0,758.12,2024,7,July,Tuesday,3
1499,3,58,2024-04-16,12,216.14,0.0,2593.68,0.0,2593.68,2024,4,April,Tuesday,2
1500,1,43,2024-05-21,2,88.26,0.25,176.52,0.4413,176.0787,2024,5,May,Tuesday,2
1501,5,92,2024-06-14,9,96.38,0.25,867.42,2.1685499999999998,865.25145,2024,6,June,Friday,2
1502,3,120,2024-12-28,4,234.32,0.0,937.28,0.0,937.28,2024,12,December,Saturday,4
1503,2,62,2024-10-22,11,11.77,0.0,129.47,0.0,129.47,2024,10,October,Tuesday,4
1504,6,27,2024-04-01,9,83.28,0.0,749.52,0.0,749.52,2024,4,April,Monday,2
1505,8,110,2024-12-22,9,240.3,0.15,2162.7000000000003,3.24405,2159.4559500000005,2024,12,December,Sunday,4
1506,9,136,2024-02-22,8,182.39,0.15,1459.12,2.1886799999999997,1456.93132,2024,2,February,Thursday,1
1507,6,66,2024-12-28,7,254.58,0.15,1782.0600000000002,2.67309,1779.3869100000002,2024,12,December,Saturday,4
1508,9,19,2024-12-15,2,61.27,0.0,122.54,0.0,122.54,2024,12,December,Sunday,4
1509,9,67,2024-01-25,4,107.18,0.15,428.72,0.6430800000000001,428.07692000000003,2024,1,January,Thursday,1
1510,7,61,2024-05-14,11,24.26,0.25,266.86,0.66715,266.19285,2024,5,May,Tuesday,2
1511,5,138,2024-11-29,12,98.66,0.1,1183.92,1.18392,1182.7360800000001,2024,11,November,Friday,4
1512,8,135,2024-03-14,3,198.75,0.25,596.25,1.490625,594.759375,2024,3,March,Thursday,1
1513,6,28,2024-12-07,11,143.98,0.0,1583.78,0.0,1583.78,2024,12,December,Saturday,4
1514,10,43,2024-01-31,8,88.26,0.15,706.08,1.05912,705.02088,2024,1,January,Wednesday,1
1515,5,85,2024-12-10,11,88.45,0.0,972.95,0.0,972.95,2024,12,December,Tuesday,4
1516,5,100,2024-02-15,7,120.25,0.0,841.75,0.0,841.75,2024,2,February,Thursday,1
1517,5,74,2024-01-03,1,77.0,0.15,77.0,0.11549999999999999,76.8845,2024,1,January,Wednesday,1
1518,5,101,2024-11-08,7,131.65,0.1,921.5500000000001,0.9215500000000002,920.62845,2024,11,November,Friday,4
1519,1,130,2024-04-29,2,200.9,0.0,401.8,0.0,401.8,2024,4,April,Monday,2
1520,7,140,2024-03-06,3,147.3,0.1,441.90000000000003,0.44190000000000007,441.45810000000006,2024,3,March,Wednesday,1
1521,7,77,2024-12-27,5,68.92,0.1,344.6,0.3446,344.2554,2024,12,December,Friday,4
1522,3,44,2024-07-26,3,260.43,0.1,781.29,0.78129,780.50871,2024,7,July,Friday,3
1523,3,165,2024-08-20,6,56.11,0.1,336.65999999999997,0.33665999999999996,336.32334,2024,8,August,Tuesday,3
1524,5,54,2024-06-09,9,241.98,0.1,2177.8199999999997,2.1778199999999996,2175.64218,2024,6,June,Sunday,2
1525,8,63,2024-12-16,11,110.07,0.15,1210.77,1.816155,1208.953845,2024,12,December,Monday,4
1526,9,78,2024-06-20,10,125.42,0.05,1254.2,0.6271000000000001,1253.5729000000001,2024,6,June,Thursday,2
1527,9,100,2024-05-30,12,120.25,0.15,1443.0,2.1645,1440.8355,2024,5,May,Thursday,2
1528,4,22,2024-10-23,9,28.7,0.15,258.3,0.38744999999999996,257.91255,2024,10,October,Wednesday,4
1529,6,79,2024-11-01,9,156.97,0.05,1412.73,0.706365,1412.023635,2024,11,November,Friday,4
1530,1,68,2024-11-18,8,17.26,0.0,138.08,0.0,138.08,2024,11,November,Monday,4
1531,9,111,2024-10-11,12,43.1,0.25,517.2,1.2930000000000001,515.907,2024,10,October,Friday,4
1532,2,74,2024-03-08,10,77.0,0.1,770.0,0.77,769.23,2024,3,March,Friday,1
1533,10,49,2024-12-26,9,89.67,0.05,807.03,0.403515,806.626485,2024,12,December,Thursday,4
1534,6,41,2024-05-06,5,157.72,0.0,788.6,0.0,788.6,2024,5,May,Monday,2
1535,1,77,2024-02-16,3,68.92,0.0,206.76,0.0,206.76,2024,2,February,Friday,1
1536,9,52,2024-12-27,3,158.1,0.25,474.29999999999995,1.1857499999999999,473.11424999999997,2024,12,December,Friday,4
1537,6,38,2024-06-11,9,27.57,0.0,248.13,0.0,248.13,2024,6,June,Tuesday,2
1538,6,38,2024-01-31,12,27.57,0.15,330.84000000000003,0.49626000000000003,330.34374,2024,1,January,Wednesday,1
1539,2,88,2024-08-21,8,106.78,0.25,854.24,2.1356,852.1044,2024,8,August,Wednesday,3
1540,6,73,2024-05-10,2,242.79,0.1,485.58,0.48558,485.09441999999996,2024,5,May,Friday,2
1541,5,137,2024-10-21,11,165.65,0.25,1822.15,4.555375000000001,1817.5946250000002,2024,10,October,Monday,4
1542,6,98,2024-12-11,5,93.24,0.25,466.2,1.1655,465.0345,2024,12,December,Wednesday,4
1543,1,42,2024-10-30,9,169.87,0.1,1528.83,1.5288300000000001,1527.30117,2024,10,October,Wednesday,4
1544,5,45,2024-08-13,8,29.94,0.05,239.52,0.11976,239.40024,2024,8,August,Tuesday,3
1545,5,44,2024-04-17,10,260.43,0.0,2604.3,0.0,2604.3,2024,4,April,Wednesday,2
1546,5,61,2024-06-02,8,24.26,0.0,194.08,0.0,194.08,2024,6,June,Sunday,2
1547,5,149,2024-12-15,3,212.9,0.0,638.7,0.0,638.7,2024,12,December,Sunday,4
1548,2,55,2024-06-01,5,120.86,0.1,604.3,0.6043,603.6957,2024,6,June,Saturday,2
1549,9,32,2024-01-21,9,195.25,0.05,1757.25,0.8786250000000001,1756.371375,2024,1,January,Sunday,1
1550,6,101,2024-11-26,5,131.65,0.05,658.25,0.329125,657.920875,2024,11,November,Tuesday,4
1551,1,91,2024-07-19,5,146.33,0.0,731.6500000000001,0.0,731.6500000000001,2024,7,July,Friday,3
1552,4,144,2024-09-23,12,72.5,0.0,870.0,0.0,870.0,2024,9,September,Monday,3
1553,10,12,2024-12-17,5,105.87,0.0,529.35,0.0,529.35,2024,12,December,Tuesday,4
1554,6,113,2024-11-18,3,114.72,0.15,344.15999999999997,0.5162399999999999,343.64376,2024,11,November,Monday,4
1555,1,152,2024-05-28,11,77.49,0.0,852.39,0.0,852.39,2024,5,May,Tuesday,2
1556,5,146,2024-01-02,10,127.32,0.05,1273.1999999999998,0.6365999999999999,1272.5633999999998,2024,1,January,Tuesday,1
1557,4,39,2024-07-18,9,112.9,0.1,1016.1,1.0161000000000002,1015.0839,2024,7,July,Thursday,3
1558,6,79,2024-12-12,5,156.97,0.0,784.85,0.0,784.85,2024,12,December,Thursday,4
1559,9,161,2024-03-31,6,203.07,0.25,1218.42,3.04605,1215.3739500000001,2024,3,March,Sunday,1
1560,9,153,2024-01-31,10,149.65,0.05,1496.5,0.7482500000000001,1495.75175,2024,1,January,Wednesday,1
1561,3,8,2024-05-12,12,98.81,0.1,1185.72,1.18572,1184.53428,2024,5,May,Sunday,2
1562,3,129,2024-02-11,7,151.03,0.1,1057.21,1.05721,1056.15279,2024,2,February,Sunday,1
1563,10,87,2024-03-23,3,211.16,0.15,633.48,0.9502200000000001,632.5297800000001,2024,3,March,Saturday,1
1564,2,88,2024-09-23,9,106.78,0.0,961.02,0.0,961.02,2024,9,September,Monday,3
1565,8,123,2024-10-01,7,108.4,0.0,758.8000000000001,0.0,758.8000000000001,2024,10,October,Tuesday,4
1566,1,109,2024-12-21,2,204.21,0.0,408.42,0.0,408.42,2024,12,December,Saturday,4
1567,1,147,2024-01-05,5,159.14,0.0,795.6999999999999,0.0,795.6999999999999,2024,1,January,Friday,1
1568,2,51,2024-10-10,11,160.16,0.05,1761.76,0.8808800000000001,1760.87912,2024,10,October,Thursday,4
1569,6,170,2024-03-26,4,8.38,0.15,33.52,0.050280000000000005,33.46972,2024,3,March,Tuesday,1
1570,8,12,2024-02-28,2,105.87,0.0,211.74,0.0,211.74,2024,2,February,Wednesday,1
1571,8,167,2024-11-13,3,20.08,0.0,60.239999999999995,0.0,60.239999999999995,2024,11,November,Wednesday,4
1572,9,132,2024-12-18,8,133.08,0.1,1064.64,1.06464,1063.57536,2024,12,December,Wednesday,4
1573,1,44,2024-12-28,2,260.43,0.0,520.86,0.0,520.86,2024,12,December,Saturday,4
1574,5,109,2024-05-22,4,204.21,0.0,816.84,0.0,816.84,2024,5,May,Wednesday,2
1575,5,117,2024-11-01,9,144.39,0.25,1299.5099999999998,3.2487749999999993,1296.2612249999997,2024,11,November,Friday,4
1576,9,105,2024-08-14,2,136.88,0.0,273.76,0.0,273.76,2024,8,August,Wednesday,3
1577,3,150,2024-07-31,3,89.35,0.1,268.04999999999995,0.26804999999999995,267.78194999999994,2024,7,July,Wednesday,3
1578,3,41,2024-08-31,3,157.72,0.0,473.15999999999997,0.0,473.15999999999997,2024,8,August,Saturday,3
1579,5,69,2024-04-16,4,68.64,0.05,274.56,0.13728,274.42272,2024,4,April,Tuesday,2
1580,3,31,2024-11-28,6,110.33,0.0,661.98,0.0,661.98,2024,11,November,Thursday,4
1581,1,77,2024-07-20,3,68.92,0.05,206.76,0.10338000000000001,206.65662,2024,7,July,Saturday,3
1582,3,21,2024-07-28,8,89.09,0.0,712.72,0.0,712.72,2024,7,July,Sunday,3
1583,3,8,2024-12-07,7,98.81,0.15,691.6700000000001,1.0375050000000001,690.6324950000001,2024,12,December,Saturday,4
1584,1,165,2024-08-25,5,56.11,0.0,280.55,0.0,280.55,2024,8,August,Sunday,3
1585,6,49,2024-11-19,9,89.67,0.0,807.03,0.0,807.03,2024,11,November,Tuesday,4
1586,4,53,2024-02-08,12,131.05,0.05,1572.6000000000001,0.7863000000000001,1571.8137000000002,2024,2,February,Thursday,1
1587,3,153,2024-02-11,10,149.65,0.0,1496.5,0.0,1496.5,2024,2,February,Sunday,1
1588,7,69,2024-12-25,3,68.64,0.05,205.92000000000002,0.10296000000000001,205.81704000000002,2024,12,December,Wednesday,4
1589,10,110,2024-04-27,11,240.3,0.1,2643.3,2.6433000000000004,2640.6567,2024,4,April,Saturday,2
1590,2,44,2024-12-07,6,260.43,0.05,1562.58,0.78129,1561.79871,2024,12,December,Saturday,4
1591,9,153,2024-10-25,4,149.65,0.0,598.6,0.0,598.6,2024,10,October,Friday,4
1592,3,157,2024-12-13,12,147.67,0.25,1772.04,4.4300999999999995,1767.6099,2024,12,December,Friday,4
1593,9,108,2024-05-10,11,151.96,0.25,1671.5600000000002,4.1789000000000005,1667.3811,2024,5,May,Friday,2
1594,5,105,2024-10-22,9,136.88,0.25,1231.92,3.0798,1228.8402,2024,10,October,Tuesday,4
1595,7,107,2024-11-13,11,9.07,0.0,99.77000000000001,0.0,99.77000000000001,2024,11,November,Wednesday,4
1596,2,30,2024-08-23,9,212.07,0.25,1908.6299999999999,4.7715749999999995,1903.858425,2024,8,August,Friday,3
1597,6,113,2024-03-10,2,114.72,0.1,229.44,0.22944000000000003,229.21056,2024,3,March,Sunday,1
1598,3,58,2024-01-04,11,216.14,0.1,2377.54,2.37754,2375.16246,2024,1,January,Thursday,1
1599,3,130,2024-04-16,2,200.9,0.0,401.8,0.0,401.8,2024,4,April,Tuesday,2
1600,4,116,2024-04-06,3,182.63,0.0,547.89,0.0,547.89,2024,4,April,Saturday,2
1601,8,27,2024-09-30,2,83.28,0.0,166.56,0.0,166.56,2024,9,September,Monday,3
1602,2,146,2024-04-11,12,127.32,0.1,1527.84,1.5278399999999999,1526.31216,2024,4,April,Thursday,2
1603,5,135,2024-10-27,2,198.75,0.15,397.5,0.59625,396.90375,2024,10,October,Sunday,4
1604,9,168,2024-03-24,7,115.57,0.1,808.99,0.80899,808.18101,2024,3,March,Sunday,1
1605,9,161,2024-05-30,4,203.07,0.0,812.28,0.0,812.28,2024,5,May,Thursday,2
1606,3,42,2024-07-31,10,169.87,0.0,1698.7,0.0,1698.7,2024,7,July,Wednesday,3
1607,1,125,2024-12-11,5,151.37,0.0,756.85,0.0,756.85,2024,12,December,Wednesday,4
1608,6,136,2024-12-16,4,182.39,0.25,729.56,1.8238999999999999,727.7361,2024,12,December,Monday,4
1609,5,32,2024-10-29,5,195.25,0.0,976.25,0.0,976.25,2024,10,October,Tuesday,4
1610,1,89,2024-09-08,1,16.36,0.0,16.36,0.0,16.36,2024,9,September,Sunday,3
1611,8,124,2024-10-15,3,19.68,0.0,59.04,0.0,59.04,2024,10,October,Tuesday,4
1612,2,145,2024-01-21,12,33.88,0.0,406.56000000000006,0.0,406.56000000000006,2024,1,January,Sunday,1
1613,1,38,2024-11-06,11,27.57,0.0,303.27,0.0,303.27,2024,11,November,Wednesday,4
1614,6,46,2024-05-12,2,46.4,0.05,92.8,0.0464,92.75359999999999,2024,5,May,Sunday,2
1615,3,134,2024-06-28,4,141.92,0.25,567.68,1.4191999999999998,566.2607999999999,2024,6,June,Friday,2
1616,9,137,2024-12-12,10,165.65,0.0,1656.5,0.0,1656.5,2024,12,December,Thursday,4
1617,3,132,2024-11-16,6,133.08,0.0,798.48,0.0,798.48,2024,11,November,Saturday,4
1618,4,145,2024-12-26,11,33.88,0.1,372.68,0.37268,372.30732,2024,12,December,Thursday,4
1619,9,57,2024-02-01,2,75.29,0.0,150.58,0.0,150.58,2024,2,February,Thursday,1
1620,2,31,2024-12-28,2,110.33,0.1,220.66,0.22066000000000002,220.43934,2024,12,December,Saturday,4
1621,2,31,2024-01-27,1,110.33,0.0,110.33,0.0,110.33,2024,1,January,Saturday,1
1622,1,97,2024-04-20,1,51.84,0.05,51.84,0.025920000000000006,51.814080000000004,2024,4,April,Saturday,2
1623,4,110,2024-08-02,4,240.3,0.0,961.2,0.0,961.2,2024,8,August,Friday,3
1624,6,89,2024-04-05,4,16.36,0.0,65.44,0.0,65.44,2024,4,April,Friday,2
1625,5,99,2024-10-02,8,207.07,0.0,1656.56,0.0,1656.56,2024,10,October,Wednesday,4
1626,6,136,2024-08-19,11,182.39,0.0,2006.29,0.0,2006.29,2024,8,August,Monday,3
1627,2,163,2024-11-11,2,102.16,0.1,204.32,0.20432000000000003,204.11568,2024,11,November,Monday,4
1628,9,28,2024-11-24,10,143.98,0.0,1439.8,0.0,1439.8,2024,11,November,Sunday,4
1629,10,42,2024-11-20,12,169.87,0.0,2038.44,0.0,2038.44,2024,11,November,Wednesday,4
1630,9,87,2024-07-16,2,211.16,0.0,422.32,0.0,422.32,2024,7,July,Tuesday,3
1631,8,57,2024-12-28,2,75.29,0.1,150.58,0.15058000000000002,150.42942000000002,2024,12,December,Saturday,4
1632,1,113,2024-12-05,2,114.72,0.15,229.44,0.34415999999999997,229.09584,2024,12,December,Thursday,4
1633,2,83,2024-07-15,4,48.4,0.1,193.6,0.1936,193.4064,2024,7,July,Monday,3
1634,5,15,2024-08-19,8,149.2,0.0,1193.6,0.0,1193.6,2024,8,August,Monday,3
1635,1,149,2024-02-11,10,212.9,0.15,2129.0,3.1935,2125.8065,2024,2,February,Sunday,1
1636,9,64,2024-02-27,6,54.54,0.15,327.24,0.49085999999999996,326.74914,2024,2,February,Tuesday,1
1637,5,22,2024-03-22,6,28.7,0.25,172.2,0.4305,171.7695,2024,3,March,Friday,1
1638,6,75,2024-09-01,9,29.49,0.25,265.40999999999997,0.6635249999999999,264.746475,2024,9,September,Sunday,3
1640,2,113,2024-07-01,9,114.72,0.25,1032.48,2.5812,1029.8988,2024,7,July,Monday,3
1641,4,89,2024-05-11,7,16.36,0.0,114.52,0.0,114.52,2024,5,May,Saturday,2
1642,3,23,2024-12-08,3,135.4,0.0,406.20000000000005,0.0,406.20000000000005,2024,12,December,Sunday,4
1643,10,81,2024-04-11,1,39.73,0.0,39.73,0.0,39.73,2024,4,April,Thursday,2
1644,7,20,2024-05-19,7,150.34,0.0,1052.38,0.0,1052.38,2024,5,May,Sunday,2
1645,6,3,2024-12-19,6,91.88,0.1,551.28,0.55128,550.72872,2024,12,December,Thursday,4
1646,5,8,2024-02-24,8,98.81,0.1,790.48,0.7904800000000001,789.68952,2024,2,February,Saturday,1
1647,2,124,2024-11-14,4,19.68,0.25,78.72,0.1968,78.5232,2024,11,November,Thursday,4
1648,9,52,2024-06-28,1,158.1,0.0,158.1,0.0,158.1,2024,6,June,Friday,2
1649,6,156,2024-12-28,9,173.78,0.15,1564.02,2.34603,1561.67397,2024,12,December,Saturday,4
1650,5,157,2024-05-23,9,147.67,0.15,1329.03,1.9935450000000001,1327.036455,2024,5,May,Thursday,2
1651,6,31,2024-08-07,7,110.33,0.05,772.31,0.38615499999999997,771.9238449999999,2024,8,August,Wednesday,3
1652,6,25,2024-03-17,3,179.28,0.15,537.84,0.80676,537.03324,2024,3,March,Sunday,1
1653,1,79,2024-05-18,12,156.97,0.25,1883.6399999999999,4.709099999999999,1878.9308999999998,2024,5,May,Saturday,2
1654,4,10,2024-07-25,1,136.82,0.0,136.82,0.0,136.82,2024,7,July,Thursday,3
1655,10,82,2024-12-11,1,111.57,0.0,111.57,0.0,111.57,2024,12,December,Wednesday,4
1656,5,14,2024-12-14,5,13.97,0.05,69.85000000000001,0.034925000000000005,69.81507500000001,2024,12,December,Saturday,4
1657,9,64,2024-11-05,10,54.54,0.15,545.4,0.8180999999999998,544.5819,2024,11,November,Tuesday,4
1658,9,147,2024-01-19,10,159.14,0.25,1591.3999999999999,3.9784999999999995,1587.4215,2024,1,January,Friday,1
1659,4,93,2024-11-30,6,187.19,0.25,1123.1399999999999,2.8078499999999997,1120.33215,2024,11,November,Saturday,4
1660,9,114,2024-09-28,5,137.91,0.0,689.55,0.0,689.55,2024,9,September,Saturday,3
1661,4,32,2024-09-16,6,195.25,0.0,1171.5,0.0,1171.5,2024,9,September,Monday,3
1662,9,35,2024-02-26,10,8.64,0.25,86.4,0.21600000000000003,86.18400000000001,2024,2,February,Monday,1
1663,3,81,2024-04-28,7,39.73,0.1,278.10999999999996,0.27810999999999997,277.83188999999993,2024,4,April,Sunday,2
1664,8,136,2024-04-06,8,182.39,0.15,1459.12,2.1886799999999997,1456.93132,2024,4,April,Saturday,2
1665,8,81,2024-03-09,3,39.73,0.0,119.19,0.0,119.19,2024,3,March,Saturday,1
1666,6,69,2024-08-28,11,68.64,0.25,755.04,1.8876,753.1524,2024,8,August,Wednesday,3
1667,3,120,2024-06-04,7,234.32,0.0,1640.24,0.0,1640.24,2024,6,June,Tuesday,2
1668,4,36,2024-04-07,11,31.45,0.0,345.95,0.0,345.95,2024,4,April,Sunday,2
1669,1,114,2024-01-02,11,137.91,0.0,1517.01,0.0,1517.01,2024,1,January,Tuesday,1
1670,7,68,2024-09-18,12,17.26,0.1,207.12,0.20712000000000003,206.91288,2024,9,September,Wednesday,3
1671,10,49,2024-12-25,9,89.67,0.1,807.03,0.80703,806.2229699999999,2024,12,December,Wednesday,4
1672,6,101,2024-02-12,4,131.65,0.25,526.6,1.3165,525.2835,2024,2,February,Monday,1
1673,5,97,2024-08-02,2,51.84,0.15,103.68,0.15552,103.52448000000001,2024,8,August,Friday,3
1674,7,27,2024-02-29,4,83.28,0.25,333.12,0.8328,332.2872,2024,2,February,Thursday,1
1675,3,94,2024-01-02,4,179.27,0.15,717.08,1.07562,716.0043800000001,2024,1,January,Tuesday,1
1676,3,148,2024-08-06,4,126.73,0.05,506.92,0.25346,506.66654,2024,8,August,Tuesday,3
1677,10,98,2024-02-14,6,93.24,0.0,559.4399999999999,0.0,559.4399999999999,2024,2,February,Wednesday,1
1678,6,54,2024-06-09,3,241.98,0.1,725.9399999999999,0.7259399999999999,725.2140599999999,2024,6,June,Sunday,2
1679,4,24,2024-06-12,3,80.42,0.0,241.26,0.0,241.26,2024,6,June,Wednesday,2
1680,7,149,2024-11-04,9,212.9,0.05,1916.1000000000001,0.9580500000000001,1915.1419500000002,2024,11,November,Monday,4
1681,8,156,2024-01-18,12,173.78,0.0,2085.36,0.0,2085.36,2024,1,January,Thursday,1
1682,4,17,2024-03-07,2,92.08,0.1,184.16,0.18416,183.97584,2024,3,March,Thursday,1
1683,1,95,2024-05-28,3,244.81,0.15,734.4300000000001,1.101645,733.3283550000001,2024,5,May,Tuesday,2
1684,7,104,2024-12-19,4,246.47,0.1,985.88,0.9858800000000001,984.89412,2024,12,December,Thursday,4
1685,7,55,2024-07-13,3,120.86,0.05,362.58,0.18129,362.39871,2024,7,July,Saturday,3
1686,9,68,2024-11-06,4,17.26,0.1,69.04,0.06904,68.97096,2024,11,November,Wednesday,4
1687,4,41,2024-12-15,9,157.72,0.05,1419.48,0.70974,1418.77026,2024,12,December,Sunday,4
1688,6,41,2024-08-18,10,157.72,0.05,1577.2,0.7886000000000002,1576.4114,2024,8,August,Sunday,3
1689,7,170,2024-12-09,11,8.38,0.05,92.18,0.046090000000000006,92.13391,2024,12,December,Monday,4
1690,7,120,2024-04-01,7,234.32,0.05,1640.24,0.82012,1639.41988,2024,4,April,Monday,2
1692,4,160,2024-11-09,5,215.87,0.05,1079.35,0.539675,1078.810325,2024,11,November,Saturday,4
1693,5,26,2024-10-09,11,163.65,0.0,1800.15,0.0,1800.15,2024,10,October,Wednesday,4
1694,3,165,2024-02-16,7,56.11,0.25,392.77,0.9819249999999999,391.788075,2024,2,February,Friday,1
1695,8,63,2024-05-15,3,110.07,0.25,330.21,0.825525,329.38447499999995,2024,5,May,Wednesday,2
1696,5,94,2024-05-03,3,179.27,0.15,537.8100000000001,0.8067150000000001,537.003285,2024,5,May,Friday,2
1697,6,137,2024-04-19,2,165.65,0.0,331.3,0.0,331.3,2024,4,April,Friday,2
1698,1,129,2024-10-05,8,151.03,0.1,1208.24,1.2082400000000002,1207.03176,2024,10,October,Saturday,4
1699,3,8,2024-01-17,1,98.81,0.0,98.81,0.0,98.81,2024,1,January,Wednesday,1
1700,2,43,2024-03-04,1,88.26,0.0,88.26,0.0,88.26,2024,3,March,Monday,1
1701,2,56,2024-12-17,10,91.09,0.1,910.9000000000001,0.9109000000000002,909.9891000000001,2024,12,December,Tuesday,4
1702,2,74,2024-05-08,8,77.0,0.0,616.0,0.0,616.0,2024,5,May,Wednesday,2
1703,3,11,2024-04-02,2,117.42,0.0,234.84,0.0,234.84,2024,4,April,Tuesday,2
1704,10,25,2024-07-09,10,179.28,0.15,1792.8,2.6891999999999996,1790.1108,2024,7,July,Tuesday,3
1705,8,25,2024-11-22,3,179.28,0.0,537.84,0.0,537.84,2024,11,November,Friday,4
1706,5,126,2024-05-12,1,28.64,0.05,28.64,0.014320000000000001,28.62568,2024,5,May,Sunday,2
1707,9,75,2024-06-15,3,29.49,0.05,88.47,0.044235,88.425765,2024,6,June,Saturday,2
1708,8,49,2024-10-27,5,89.67,0.05,448.35,0.22417500000000004,448.125825,2024,10,October,Sunday,4
1709,3,103,2024-12-11,6,143.37,0.25,860.22,2.15055,858.0694500000001,2024,12,December,Wednesday,4
1710,6,32,2024-05-10,1,195.25,0.15,195.25,0.292875,194.957125,2024,5,May,Friday,2
1711,10,130,2024-08-19,5,200.9,0.0,1004.5,0.0,1004.5,2024,8,August,Monday,3
1712,2,30,2024-10-20,12,212.07,0.05,2544.84,1.27242,2543.5675800000004,2024,10,October,Sunday,4
1713,5,36,2024-04-19,1,31.45,0.25,31.45,0.078625,31.371375,2024,4,April,Friday,2
1714,10,43,2024-08-20,1,88.26,0.25,88.26,0.22065,88.03935,2024,8,August,Tuesday,3
1715,10,109,2024-08-11,7,204.21,0.0,1429.47,0.0,1429.47,2024,8,August,Sunday,3
1716,10,115,2024-12-20,4,212.31,0.1,849.24,0.8492400000000001,848.39076,2024,12,December,Friday,4
1717,10,138,2024-11-17,11,98.66,0.0,1085.26,0.0,1085.26,2024,11,November,Sunday,4
1718,2,93,2024-11-04,11,187.19,0.0,2059.09,0.0,2059.09,2024,11,November,Monday,4
1719,3,141,2024-11-06,2,45.08,0.25,90.16,0.2254,89.9346,2024,11,November,Wednesday,4
1720,3,92,2024-09-27,2,96.38,0.0,192.76,0.0,192.76,2024,9,September,Friday,3
1721,8,5,2024-02-06,11,152.79,0.0,1680.6899999999998,0.0,1680.6899999999998,2024,2,February,Tuesday,1
1722,7,78,2024-08-29,8,125.42,0.0,1003.36,0.0,1003.36,2024,8,August,Thursday,3
1723,4,170,2024-08-01,7,8.38,0.0,58.660000000000004,0.0,58.660000000000004,2024,8,August,Thursday,3
1724,2,17,2024-05-02,10,92.08,0.15,920.8,1.3811999999999998,919.4187999999999,2024,5,May,Thursday,2
1725,8,138,2024-09-18,1,98.66,0.05,98.66,0.04933,98.61067,2024,9,September,Wednesday,3
1726,10,55,2024-03-27,6,120.86,0.0,725.16,0.0,725.16,2024,3,March,Wednesday,1
1727,1,62,2024-04-03,11,11.77,0.0,129.47,0.0,129.47,2024,4,April,Wednesday,2
1728,3,49,2024-05-14,12,89.67,0.05,1076.04,0.5380199999999999,1075.50198,2024,5,May,Tuesday,2
1729,9,154,2024-06-01,1,104.34,0.25,104.34,0.26085,104.07915,2024,6,June,Saturday,2
1730,10,7,2024-06-26,8,12.29,0.05,98.32,0.04916,98.27083999999999,2024,6,June,Wednesday,2
1731,6,82,2024-08-08,3,111.57,0.15,334.71,0.502065,334.20793499999996,2024,8,August,Thursday,3
1732,5,51,2024-10-26,7,160.16,0.0,1121.12,0.0,1121.12,2024,10,October,Saturday,4
1733,1,107,2024-10-23,10,9.07,0.0,90.7,0.0,90.7,2024,10,October,Wednesday,4
1734,4,63,2024-08-03,12,110.07,0.05,1320.84,0.66042,1320.17958,2024,8,August,Saturday,3
1735,8,68,2024-06-29,1,17.26,0.1,17.26,0.01726,17.24274,2024,6,June,Saturday,2
1736,2,6,2024-12-19,12,18.62,0.15,223.44,0.33515999999999996,223.10484,2024,12,December,Thursday,4
1737,2,122,2024-12-25,4,28.93,0.0,115.72,0.0,115.72,2024,12,December,Wednesday,4
1738,6,33,2024-06-21,8,162.49,0.05,1299.92,0.6499600000000001,1299.27004,2024,6,June,Friday,2
1739,6,45,2024-05-25,3,29.94,0.0,89.82000000000001,0.0,89.82000000000001,2024,5,May,Saturday,2
1740,10,149,2024-09-09,7,212.9,0.15,1490.3,2.2354499999999997,1488.06455,2024,9,September,Monday,3
1741,8,9,2024-01-03,1,100.29,0.1,100.29,0.10029000000000002,100.18971,2024,1,January,Wednesday,1
1742,9,118,2024-01-09,6,153.88,0.15,923.28,1.38492,921.89508,2024,1,January,Tuesday,1
1743,3,158,2024-07-03,10,81.38,0.0,813.8,0.0,813.8,2024,7,July,Wednesday,3
1744,3,165,2024-04-17,9,56.11,0.0,504.99,0.0,504.99,2024,4,April,Wednesday,2
1745,8,90,2024-02-01,9,98.0,0.1,882.0,0.882,881.118,2024,2,February,Thursday,1
1746,7,48,2024-03-28,8,43.06,0.25,344.48,0.8612000000000001,343.6188,2024,3,March,Thursday,1
1747,1,10,2024-06-18,7,136.82,0.15,957.74,1.43661,956.30339,2024,6,June,Tuesday,2
1748,4,123,2024-05-27,3,108.4,0.25,325.20000000000005,0.8130000000000002,324.38700000000006,2024,5,May,Monday,2
1749,4,127,2024-07-22,10,51.12,0.05,511.2,0.25560000000000005,510.9444,2024,7,July,Monday,3
1750,1,76,2024-06-04,6,150.97,0.15,905.8199999999999,1.35873,904.4612699999999,2024,6,June,Tuesday,2
1751,8,84,2024-01-20,2,219.55,0.0,439.1,0.0,439.1,2024,1,January,Saturday,1
1752,10,59,2024-10-18,7,30.25,0.0,211.75,0.0,211.75,2024,10,October,Friday,4
1753,5,135,2024-04-08,11,198.75,0.0,2186.25,0.0,2186.25,2024,4,April,Monday,2
1754,4,135,2024-10-14,9,198.75,0.0,1788.75,0.0,1788.75,2024,10,October,Monday,4
1755,2,94,2024-11-10,6,179.27,0.0,1075.6200000000001,0.0,1075.6200000000001,2024,11,November,Sunday,4
1756,5,60,2024-05-29,3,27.88,0.15,83.64,0.12546,83.51454,2024,5,May,Wednesday,2
1757,4,55,2024-12-13,8,120.86,0.0,966.88,0.0,966.88,2024,12,December,Friday,4
1758,9,107,2024-10-19,6,9.07,0.0,54.42,0.0,54.42,2024,10,October,Saturday,4
1759,7,83,2024-12-17,7,48.4,0.05,338.8,0.16940000000000002,338.6306,2024,12,December,Tuesday,4
1760,3,147,2024-01-27,5,159.14,0.05,795.6999999999999,0.39785,795.30215,2024,1,January,Saturday,1
1761,8,76,2024-07-23,3,150.97,0.0,452.90999999999997,0.0,452.90999999999997,2024,7,July,Tuesday,3
1762,4,13,2024-11-18,4,91.64,0.0,366.56,0.0,366.56,2024,11,November,Monday,4
1763,7,168,2024-05-14,4,115.57,0.0,462.28,0.0,462.28,2024,5,May,Tuesday,2
1764,2,158,2024-12-03,7,81.38,0.0,569.66,0.0,569.66,2024,12,December,Tuesday,4
1765,5,85,2024-06-11,3,88.45,0.1,265.35,0.26535000000000003,265.08465,2024,6,June,Tuesday,2
1766,7,106,2024-03-10,3,97.25,0.0,291.75,0.0,291.75,2024,3,March,Sunday,1
1767,10,74,2024-12-09,9,77.0,0.1,693.0,0.693,692.307,2024,12,December,Monday,4
1768,8,91,2024-09-24,2,146.33,0.0,292.66,0.0,292.66,2024,9,September,Tuesday,3
1769,2,102,2024-11-22,8,25.17,0.0,201.36,0.0,201.36,2024,11,November,Friday,4
1770,4,23,2024-01-20,11,135.4,0.0,1489.4,0.0,1489.4,2024,1,January,Saturday,1
1771,4,16,2024-03-21,1,78.24,0.0,78.24,0.0,78.24,2024,3,March,Thursday,1
1772,8,50,2024-11-13,3,168.2,0.05,504.59999999999997,0.2523,504.3477,2024,11,November,Wednesday,4
1773,1,24,2024-04-13,7,80.42,0.0,562.94,0.0,562.94,2024,4,April,Saturday,2
1774,10,152,2024-05-04,1,77.49,0.0,77.49,0.0,77.49,2024,5,May,Saturday,2
1775,10,57,2024-04-11,9,75.29,0.0,677.61,0.0,677.61,2024,4,April,Thursday,2
1776,7,10,2024-01-06,6,136.82,0.1,820.92,0.82092,820.09908,2024,1,January,Saturday,1
1777,6,103,2024-03-04,12,143.37,0.25,1720.44,4.3011,1716.1389000000001,2024,3,March,Monday,1
1778,4,19,2024-06-22,11,61.27,0.25,673.97,1.684925,672.285075,2024,6,June,Saturday,2
1779,9,168,2024-09-14,10,115.57,0.0,1155.6999999999998,0.0,1155.6999999999998,2024,9,September,Saturday,3
1780,2,85,2024-06-11,11,88.45,0.05,972.95,0.4864750000000001,972.463525,2024,6,June,Tuesday,2
1781,10,78,2024-11-02,4,125.42,0.05,501.68,0.25084,501.42916,2024,11,November,Saturday,4
1782,10,138,2024-07-04,1,98.66,0.0,98.66,0.0,98.66,2024,7,July,Thursday,3
1783,9,144,2024-03-14,12,72.5,0.0,870.0,0.0,870.0,2024,3,March,Thursday,1
1784,5,3,2024-12-09,11,91.88,0.1,1010.68,1.01068,1009.66932,2024,12,December,Monday,4
1785,3,51,2024-10-03,9,160.16,0.1,1441.44,1.44144,1439.99856,2024,10,October,Thursday,4
1786,7,112,2024-01-24,9,58.1,0.0,522.9,0.0,522.9,2024,1,January,Wednesday,1
1787,9,74,2024-11-02,10,77.0,0.0,770.0,0.0,770.0,2024,11,November,Saturday,4
1788,4,131,2024-07-05,9,141.63,0.0,1274.67,0.0,1274.67,2024,7,July,Friday,3
1789,3,3,2024-10-26,12,91.88,0.0,1102.56,0.0,1102.56,2024,10,October,Saturday,4
1790,10,131,2024-07-14,7,141.63,0.0,991.41,0.0,991.41,2024,7,July,Sunday,3
1791,8,98,2024-12-01,4,93.24,0.0,372.96,0.0,372.96,2024,12,December,Sunday,4
1792,5,60,2024-02-08,4,27.88,0.0,111.52,0.0,111.52,2024,2,February,Thursday,1
1793,10,71,2024-12-20,8,11.55,0.25,92.4,0.231,92.16900000000001,2024,12,December,Friday,4
1794,7,163,2024-09-04,7,102.16,0.0,715.12,0.0,715.12,2024,9,September,Wednesday,3
1795,5,22,2024-05-07,1,28.7,0.0,28.7,0.0,28.7,2024,5,May,Tuesday,2
1796,5,102,2024-03-24,4,25.17,0.25,100.68,0.25170000000000003,100.42830000000001,2024,3,March,Sunday,1
1797,4,143,2024-11-10,7,233.86,0.15,1637.02,2.45553,1634.56447,2024,11,November,Sunday,4
1798,2,141,2024-02-08,3,45.08,0.0,135.24,0.0,135.24,2024,2,February,Thursday,1
1799,2,104,2024-08-25,12,246.47,0.1,2957.64,2.95764,2954.68236,2024,8,August,Sunday,3
1800,9,11,2024-09-03,9,117.42,0.0,1056.78,0.0,1056.78,2024,9,September,Tuesday,3
1801,9,60,2024-04-08,8,27.88,0.0,223.04,0.0,223.04,2024,4,April,Monday,2
1802,1,4,2024-12-28,9,167.47,0.1,1507.23,1.50723,1505.72277,2024,12,December,Saturday,4
1804,1,58,2024-02-21,3,216.14,0.0,648.42,0.0,648.42,2024,2,February,Wednesday,1
1805,6,124,2024-01-09,1,19.68,0.05,19.68,0.00984,19.67016,2024,1,January,Tuesday,1
1806,8,11,2024-11-14,6,117.42,0.05,704.52,0.35226,704.16774,2024,11,November,Thursday,4
1807,7,170,2024-10-23,12,8.38,0.1,100.56,0.10056000000000001,100.45944,2024,10,October,Wednesday,4
1808,8,77,2024-04-29,11,68.92,0.15,758.12,1.13718,756.9828200000001,2024,4,April,Monday,2
1809,4,128,2024-11-26,3,177.81,0.0,533.4300000000001,0.0,533.4300000000001,2024,11,November,Tuesday,4
1810,1,46,2024-11-11,7,46.4,0.0,324.8,0.0,324.8,2024,11,November,Monday,4
1811,6,136,2024-08-06,2,182.39,0.05,364.78,0.18239,364.59761,2024,8,August,Tuesday,3
1812,9,9,2024-07-16,3,100.29,0.15,300.87,0.45130499999999996,300.418695,2024,7,July,Tuesday,3
1813,2,143,2024-03-18,2,233.86,0.0,467.72,0.0,467.72,2024,3,March,Monday,1
1814,1,37,2024-11-27,12,19.91,0.15,238.92000000000002,0.35838000000000003,238.56162,2024,11,November,Wednesday,4
1815,2,124,2024-01-25,2,19.68,0.0,39.36,0.0,39.36,2024,1,January,Thursday,1
1816,3,89,2024-07-03,10,16.36,0.25,163.6,0.409,163.191,2024,7,July,Wednesday,3
1817,5,61,2024-07-05,3,24.26,0.15,72.78,0.10917,72.67083,2024,7,July,Friday,3
1818,9,136,2024-09-20,10,182.39,0.05,1823.8999999999999,0.9119499999999999,1822.98805,2024,9,September,Friday,3
1819,10,34,2024-08-29,4,99.91,0.0,399.64,0.0,399.64,2024,8,August,Thursday,3
1820,8,17,2024-11-19,2,92.08,0.1,184.16,0.18416,183.97584,2024,11,November,Tuesday,4
1821,9,123,2024-01-05,4,108.4,0.05,433.6,0.21680000000000002,433.38320000000004,2024,1,January,Friday,1
1822,8,27,2024-12-28,10,83.28,0.0,832.8,0.0,832.8,2024,12,December,Saturday,4
1823,6,162,2024-06-01,3,125.27,0.0,375.81,0.0,375.81,2024,6,June,Saturday,2
1824,9,92,2024-12-24,10,96.38,0.1,963.8,0.9638,962.8362,2024,12,December,Tuesday,4
1825,2,66,2024-03-25,1,254.58,0.1,254.58,0.25458000000000003,254.32542,2024,3,March,Monday,1
1826,5,54,2024-01-06,10,241.98,0.0,2419.7999999999997,0.0,2419.7999999999997,2024,1,January,Saturday,1
1827,8,87,2024-09-18,9,211.16,0.1,1900.44,1.9004400000000001,1898.5395600000002,2024,9,September,Wednesday,3
1828,4,15,2024-09-26,2,149.2,0.25,298.4,0.746,297.654,2024,9,September,Thursday,3
1829,8,24,2024-07-29,8,80.42,0.0,643.36,0.0,643.36,2024,7,July,Monday,3
1830,4,162,2024-01-22,3,125.27,0.0,375.81,0.0,375.81,2024,1,January,Monday,1
1831,1,46,2024-03-22,7,46.4,0.15,324.8,0.48719999999999997,324.31280000000004,2024,3,March,Friday,1
1832,5,95,2024-01-14,5,244.81,0.15,1224.05,1.836075,1222.213925,2024,1,January,Sunday,1
1833,10,17,2024-04-22,6,92.08,0.0,552.48,0.0,552.48,2024,4,April,Monday,2
1834,5,162,2024-02-22,12,125.27,0.25,1503.24,3.7581,1499.4819,2024,2,February,Thursday,1
1835,8,169,2024-05-07,12,48.02,0.0,576.24,0.0,576.24,2024,5,May,Tuesday,2
1836,1,3,2024-11-17,4,91.88,0.0,367.52,0.0,367.52,2024,11,November,Sunday,4
1837,6,107,2024-02-02,9,9.07,0.05,81.63,0.040815000000000004,81.589185,2024,2,February,Friday,1
1838,8,61,2024-06-30,3,24.26,0.0,72.78,0.0,72.78,2024,6,June,Sunday,2
1839,1,1,2024-07-21,10,38.35,0.1,383.5,0.3835,383.1165,2024,7,July,Sunday,3
1840,4,81,2024-12-10,6,39.73,0.05,238.38,0.11919,238.26081,2024,12,December,Tuesday,4
1841,3,66,2024-01-22,1,254.58,0.0,254.58,0.0,254.58,2024,1,January,Monday,1
1842,4,114,2024-11-09,4,137.91,0.0,551.64,0.0,551.64,2024,11,November,Saturday,4
1843,7,106,2024-11-23,9,97.25,0.1,875.25,0.8752500000000001,874.37475,2024,11,November,Saturday,4
1844,5,101,2024-02-07,11,131.65,0.0,1448.15,0.0,1448.15,2024,2,February,Wednesday,1
1845,1,42,2024-08-07,4,169.87,0.0,679.48,0.0,679.48,2024,8,August,Wednesday,3
1846,6,109,2024-03-08,6,204.21,0.0,1225.26,0.0,1225.26,2024,3,March,Friday,1
1847,4,64,2024-03-19,4,54.54,0.0,218.16,0.0,218.16,2024,3,March,Tuesday,1
1848,5,81,2024-07-12,9,39.73,0.1,357.57,0.35757,357.21243,2024,7,July,Friday,3
1849,7,128,2024-11-01,3,177.81,0.0,533.4300000000001,0.0,533.4300000000001,2024,11,November,Friday,4
1850,5,105,2024-02-01,5,136.88,0.0,684.4,0.0,684.4,2024,2,February,Thursday,1
1851,3,44,2024-02-25,12,260.43,0.1,3125.16,3.12516,3122.03484,2024,2,February,Sunday,1
1852,3,102,2024-05-18,5,25.17,0.1,125.85000000000001,0.12585000000000002,125.72415000000001,2024,5,May,Saturday,2
1853,1,125,2024-12-21,8,151.37,0.0,1210.96,0.0,1210.96,2024,12,December,Saturday,4
1854,1,149,2024-05-25,11,212.9,0.1,2341.9,2.3419000000000003,2339.5581,2024,5,May,Saturday,2
1855,5,73,2024-08-10,11,242.79,0.05,2670.69,1.335345,2669.354655,2024,8,August,Saturday,3
1856,6,140,2024-06-29,7,147.3,0.1,1031.1000000000001,1.0311000000000001,1030.0689000000002,2024,6,June,Saturday,2
1857,8,89,2024-07-05,12,16.36,0.0,196.32,0.0,196.32,2024,7,July,Friday,3
1858,3,157,2024-04-16,3,147.67,0.05,443.01,0.221505,442.788495,2024,4,April,Tuesday,2
1859,1,59,2024-05-12,12,30.25,0.15,363.0,0.5445,362.4555,2024,5,May,Sunday,2
1860,10,108,2024-12-17,6,151.96,0.1,911.76,0.91176,910.84824,2024,12,December,Tuesday,4
1861,9,156,2024-07-02,8,173.78,0.25,1390.24,3.4756,1386.7644,2024,7,July,Tuesday,3
1862,8,33,2024-04-20,2,162.49,0.05,324.98,0.16249000000000002,324.81751,2024,4,April,Saturday,2
1863,1,120,2024-06-06,4,234.32,0.0,937.28,0.0,937.28,2024,6,June,Thursday,2
1864,8,82,2024-11-01,6,111.57,0.0,669.42,0.0,669.42,2024,11,November,Friday,4
1865,10,50,2024-11-21,4,168.2,0.15,672.8,1.0091999999999999,671.7908,2024,11,November,Thursday,4
1866,1,90,2024-02-23,1,98.0,0.1,98.0,0.098,97.902,2024,2,February,Friday,1
1867,3,77,2024-04-07,9,68.92,0.15,620.28,0.9304199999999999,619.34958,2024,4,April,Sunday,2
1868,4,136,2024-04-07,8,182.39,0.0,1459.12,0.0,1459.12,2024,4,April,Sunday,2
1869,9,155,2024-01-13,12,165.6,0.0,1987.1999999999998,0.0,1987.1999999999998,2024,1,January,Saturday,1
1870,9,115,2024-07-02,1,212.31,0.1,212.31,0.21231000000000003,212.09769,2024,7,July,Tuesday,3
1871,2,21,2024-08-23,7,89.09,0.15,623.63,0.935445,622.694555,2024,8,August,Friday,3
1872,10,148,2024-03-21,11,126.73,0.25,1394.03,3.485075,1390.544925,2024,3,March,Thursday,1
1873,10,145,2024-09-23,1,33.88,0.0,33.88,0.0,33.88,2024,9,September,Monday,3
1874,7,156,2024-07-09,12,173.78,0.15,2085.36,3.1280400000000004,2082.23196,2024,7,July,Tuesday,3
1875,4,119,2024-11-16,8,38.1,0.0,304.8,0.0,304.8,2024,11,November,Saturday,4
1876,7,63,2024-12-30,11,110.07,0.05,1210.77,0.605385,1210.164615,2024,12,December,Monday,4
1877,4,119,2024-10-22,12,38.1,0.05,457.20000000000005,0.22860000000000003,456.9714000000001,2024,10,October,Tuesday,4
1878,7,77,2024-01-06,9,68.92,0.0,620.28,0.0,620.28,2024,1,January,Saturday,1
1879,8,43,2024-02-19,5,88.26,0.0,441.3,0.0,441.3,2024,2,February,Monday,1
1880,4,20,2024-07-30,5,150.34,0.15,751.7,1.12755,750.57245,2024,7,July,Tuesday,3
1881,2,107,2024-12-16,6,9.07,0.15,54.42,0.08163000000000001,54.338370000000005,2024,12,December,Monday,4
1882,5,46,2024-11-23,5,46.4,0.05,232.0,0.11600000000000002,231.884,2024,11,November,Saturday,4
1883,7,119,2024-06-03,6,38.1,0.05,228.60000000000002,0.11430000000000001,228.48570000000004,2024,6,June,Monday,2
1884,1,151,2024-01-20,6,22.4,0.1,134.39999999999998,0.13439999999999996,134.26559999999998,2024,1,January,Saturday,1
1885,10,126,2024-01-02,11,28.64,0.1,315.04,0.31504000000000004,314.72496,2024,1,January,Tuesday,1
1886,8,90,2024-04-13,1,98.0,0.0,98.0,0.0,98.0,2024,4,April,Saturday,2
1887,6,39,2024-10-09,10,112.9,0.05,1129.0,0.5645,1128.4355,2024,10,October,Wednesday,4
1888,8,53,2024-05-06,1,131.05,0.0,131.05,0.0,131.05,2024,5,May,Monday,2
1889,9,151,2024-08-27,5,22.4,0.0,112.0,0.0,112.0,2024,8,August,Tuesday,3
1890,7,150,2024-07-24,11,89.35,0.0,982.8499999999999,0.0,982.8499999999999,2024,7,July,Wednesday,3
1891,7,45,2024-05-22,8,29.94,0.0,239.52,0.0,239.52,2024,5,May,Wednesday,2
1892,3,43,2024-08-02,8,88.26,0.1,706.08,0.70608,705.37392,2024,8,August,Friday,3
1893,10,40,2024-11-25,6,21.17,0.1,127.02000000000001,0.12702000000000002,126.89298000000001,2024,11,November,Monday,4
1894,10,6,2024-08-24,11,18.62,0.0,204.82000000000002,0.0,204.82000000000002,2024,8,August,Saturday,3
1895,5,156,2024-11-01,3,173.78,0.1,521.34,0.52134,520.81866,2024,11,November,Friday,4
1896,3,65,2024-01-06,6,65.09,0.0,390.54,0.0,390.54,2024,1,January,Saturday,1
1897,8,101,2024-09-03,3,131.65,0.1,394.95000000000005,0.39495,394.55505000000005,2024,9,September,Tuesday,3
1898,9,24,2024-09-14,3,80.42,0.05,241.26,0.12063,241.13936999999999,2024,9,September,Saturday,3
1899,3,144,2024-06-29,9,72.5,0.0,652.5,0.0,652.5,2024,6,June,Saturday,2
1900,10,157,2024-12-05,1,147.67,0.25,147.67,0.369175,147.30082499999997,2024,12,December,Thursday,4
1901,5,67,2024-11-24,11,107.18,0.0,1178.98,0.0,1178.98,2024,11,November,Sunday,4
1902,4,77,2024-07-01,8,68.92,0.05,551.36,0.27568000000000004,551.08432,2024,7,July,Monday,3
1903,8,73,2024-06-02,11,242.79,0.15,2670.69,4.006035,2666.683965,2024,6,June,Sunday,2
1904,8,63,2024-04-30,11,110.07,0.0,1210.77,0.0,1210.77,2024,4,April,Tuesday,2
1905,9,74,2024-01-17,9,77.0,0.1,693.0,0.693,692.307,2024,1,January,Wednesday,1
1906,2,86,2024-08-10,9,125.76,0.1,1131.8400000000001,1.1318400000000002,1130.7081600000001,2024,8,August,Saturday,3
1907,5,149,2024-12-03,3,212.9,0.0,638.7,0.0,638.7,2024,12,December,Tuesday,4
1908,5,28,2024-11-25,9,143.98,0.0,1295.82,0.0,1295.82,2024,11,November,Monday,4
1909,4,155,2024-01-08,1,165.6,0.0,165.6,0.0,165.6,2024,1,January,Monday,1
1910,8,110,2024-05-28,6,240.3,0.0,1441.8000000000002,0.0,1441.8000000000002,2024,5,May,Tuesday,2
1911,7,19,2024-12-15,10,61.27,0.25,612.7,1.5317500000000002,611.1682500000001,2024,12,December,Sunday,4
1912,2,150,2024-11-01,6,89.35,0.0,536.0999999999999,0.0,536.0999999999999,2024,11,November,Friday,4
1913,10,83,2024-03-09,6,48.4,0.15,290.4,0.43559999999999993,289.96439999999996,2024,3,March,Saturday,1
1914,7,142,2024-11-26,6,36.7,0.0,220.20000000000002,0.0,220.20000000000002,2024,11,November,Tuesday,4
1915,4,153,2024-11-14,6,149.65,0.05,897.9000000000001,0.4489500000000001,897.4510500000001,2024,11,November,Thursday,4
1916,10,19,2024-07-21,6,61.27,0.0,367.62,0.0,367.62,2024,7,July,Sunday,3
1917,1,114,2024-07-08,9,137.91,0.1,1241.19,1.2411900000000002,1239.94881,2024,7,July,Monday,3
1918,4,8,2024-12-24,2,98.81,0.0,197.62,0.0,197.62,2024,12,December,Tuesday,4
1919,2,12,2024-12-28,5,105.87,0.05,529.35,0.264675,529.085325,2024,12,December,Saturday,4
1920,7,29,2024-06-06,12,128.85,0.0,1546.1999999999998,0.0,1546.1999999999998,2024,6,June,Thursday,2
1921,6,156,2024-12-01,3,173.78,0.25,521.34,1.30335,520.03665,2024,12,December,Sunday,4
1922,4,43,2024-11-29,5,88.26,0.1,441.3,0.4413,440.8587,2024,11,November,Friday,4
1923,4,83,2024-10-21,8,48.4,0.0,387.2,0.0,387.2,2024,10,October,Monday,4
1924,4,64,2024-06-10,6,54.54,0.0,327.24,0.0,327.24,2024,6,June,Monday,2
1925,7,119,2024-12-15,10,38.1,0.05,381.0,0.1905,380.8095,2024,12,December,Sunday,4
1926,3,30,2024-12-14,11,212.07,0.15,2332.77,3.499155,2329.270845,2024,12,December,Saturday,4
1927,10,82,2024-05-10,12,111.57,0.05,1338.84,0.6694199999999999,1338.17058,2024,5,May,Friday,2
1928,1,156,2024-01-26,7,173.78,0.0,1216.46,0.0,1216.46,2024,1,January,Friday,1
1929,3,27,2024-09-16,2,83.28,0.0,166.56,0.0,166.56,2024,9,September,Monday,3
1930,3,56,2024-10-30,4,91.09,0.0,364.36,0.0,364.36,2024,10,October,Wednesday,4
1931,1,130,2024-03-31,2,200.9,0.0,401.8,0.0,401.8,2024,3,March,Sunday,1
1932,8,145,2024-11-28,8,33.88,0.1,271.04,0.27104,270.76896,2024,11,November,Thursday,4
1933,2,89,2024-09-14,1,16.36,0.05,16.36,0.00818,16.35182,2024,9,September,Saturday,3
1934,3,160,2024-10-26,10,215.87,0.25,2158.7,5.39675,2153.30325,2024,10,October,Saturday,4
1935,3,64,2024-09-15,8,54.54,0.0,436.32,0.0,436.32,2024,9,September,Sunday,3
1936,7,14,2024-03-05,8,13.97,0.0,111.76,0.0,111.76,2024,3,March,Tuesday,1
1937,9,14,2024-11-02,11,13.97,0.0,153.67000000000002,0.0,153.67000000000002,2024,11,November,Saturday,4
1938,10,4,2024-06-11,11,167.47,0.25,1842.17,4.605425,1837.564575,2024,6,June,Tuesday,2
1939,2,90,2024-11-09,7,98.0,0.15,686.0,1.029,684.971,2024,11,November,Saturday,4
1940,10,129,2024-09-24,7,151.03,0.05,1057.21,0.528605,1056.681395,2024,9,September,Tuesday,3
1941,10,23,2024-11-04,11,135.4,0.25,1489.4,3.7235,1485.6765,2024,11,November,Monday,4
1942,10,143,2024-10-14,8,233.86,0.15,1870.88,2.80632,1868.0736800000002,2024,10,October,Monday,4
1943,6,99,2024-12-27,9,207.07,0.0,1863.6299999999999,0.0,1863.6299999999999,2024,12,December,Friday,4
1944,3,125,2024-04-26,1,151.37,0.0,151.37,0.0,151.37,2024,4,April,Friday,2
1945,6,65,2024-12-02,9,65.09,0.0,585.8100000000001,0.0,585.8100000000001,2024,12,December,Monday,4
1946,10,146,2024-04-14,9,127.32,0.0,1145.8799999999999,0.0,1145.8799999999999,2024,4,April,Sunday,2
1947,5,31,2024-07-28,1,110.33,0.25,110.33,0.275825,110.054175,2024,7,July,Sunday,3
1948,7,62,2024-10-16,6,11.77,0.1,70.62,0.07062000000000002,70.54938,2024,10,October,Wednesday,4
1949,4,108,2024-01-14,2,151.96,0.0,303.92,0.0,303.92,2024,1,January,Sunday,1
1950,8,116,2024-03-06,10,182.63,0.25,1826.3,4.5657499999999995,1821.73425,2024,3,March,Wednesday,1
1951,1,76,2024-10-24,3,150.97,0.0,452.90999999999997,0.0,452.90999999999997,2024,10,October,Thursday,4
1952,6,59,2024-06-03,6,30.25,0.15,181.5,0.27225,181.22775,2024,6,June,Monday,2
1953,10,136,2024-11-08,7,182.39,0.0,1276.73,0.0,1276.73,2024,11,November,Friday,4
1954,10,35,2024-04-01,6,8.64,0.25,51.84,0.12960000000000002,51.7104,2024,4,April,Monday,2
1955,3,168,2024-05-23,3,115.57,0.05,346.71,0.173355,346.53664499999996,2024,5,May,Thursday,2
1956,5,99,2024-01-04,1,207.07,0.0,207.07,0.0,207.07,2024,1,January,Thursday,1
1957,10,91,2024-10-17,4,146.33,0.1,585.32,0.5853200000000001,584.73468,2024,10,October,Thursday,4
1958,10,130,2024-11-13,9,200.9,0.0,1808.1000000000001,0.0,1808.1000000000001,2024,11,November,Wednesday,4
1959,9,53,2024-08-26,3,131.05,0.0,393.15000000000003,0.0,393.15000000000003,2024,8,August,Monday,3
1960,7,59,2024-03-28,6,30.25,0.0,181.5,0.0,181.5,2024,3,March,Thursday,1
1961,2,75,2024-06-14,5,29.49,0.0,147.45,0.0,147.45,2024,6,June,Friday,2
1962,9,93,2024-09-04,2,187.19,0.15,374.38,0.56157,373.81843,2024,9,September,Wednesday,3
1963,10,160,2024-10-03,11,215.87,0.0,2374.57,0.0,2374.57,2024,10,October,Thursday,4
1964,9,63,2024-01-28,2,110.07,0.0,220.14,0.0,220.14,2024,1,January,Sunday,1
1965,1,108,2024-04-20,8,151.96,0.0,1215.68,0.0,1215.68,2024,4,April,Saturday,2
1966,10,33,2024-10-26,3,162.49,0.05,487.47,0.24373500000000003,487.226265,2024,10,October,Saturday,4
1967,7,102,2024-03-28,1,25.17,0.0,25.17,0.0,25.17,2024,3,March,Thursday,1
1968,6,30,2024-07-13,1,212.07,0.25,212.07,0.530175,211.53982499999998,2024,7,July,Saturday,3
1969,5,17,2024-02-26,10,92.08,0.25,920.8,2.302,918.4979999999999,2024,2,February,Monday,1
1970,1,68,2024-03-16,10,17.26,0.1,172.60000000000002,0.1726,172.42740000000003,2024,3,March,Saturday,1
1971,6,153,2024-08-30,4,149.65,0.0,598.6,0.0,598.6,2024,8,August,Friday,3
1972,7,72,2024-11-19,6,94.95,0.1,569.7,0.5697000000000001,569.1303,2024,11,November,Tuesday,4
1973,3,39,2024-11-08,4,112.9,0.0,451.6,0.0,451.6,2024,11,November,Friday,4
1974,5,27,2024-10-26,3,83.28,0.0,249.84,0.0,249.84,2024,10,October,Saturday,4
1975,8,160,2024-02-07,3,215.87,0.15,647.61,0.9714149999999999,646.638585,2024,2,February,Wednesday,1
1976,2,170,2024-12-28,7,8.38,0.1,58.660000000000004,0.058660000000000004,58.60134,2024,12,December,Saturday,4
1977,1,58,2024-07-09,12,216.14,0.0,2593.68,0.0,2593.68,2024,7,July,Tuesday,3
1978,7,2,2024-02-07,12,81.57,0.25,978.8399999999999,2.4471,976.3928999999999,2024,2,February,Wednesday,1
1979,2,162,2024-09-27,12,125.27,0.05,1503.24,0.7516200000000001,1502.48838,2024,9,September,Friday,3
1980,4,104,2024-11-12,2,246.47,0.15,492.94,0.73941,492.20059,2024,11,November,Tuesday,4
1981,6,98,2024-05-30,1,93.24,0.0,93.24,0.0,93.24,2024,5,May,Thursday,2
1982,3,8,2024-01-08,4,98.81,0.0,395.24,0.0,395.24,2024,1,January,Monday,1
1983,9,81,2024-06-01,6,39.73,0.1,238.38,0.23838,238.14162,2024,6,June,Saturday,2
1984,1,57,2024-04-05,4,75.29,0.0,301.16,0.0,301.16,2024,4,April,Friday,2
1985,6,68,2024-10-16,10,17.26,0.0,172.60000000000002,0.0,172.60000000000002,2024,10,October,Wednesday,4
1986,8,48,2024-01-03,1,43.06,0.0,43.06,0.0,43.06,2024,1,January,Wednesday,1
1987,10,138,2024-02-13,6,98.66,0.0,591.96,0.0,591.96,2024,2,February,Tuesday,1
1988,7,68,2024-12-17,3,17.26,0.0,51.78,0.0,51.78,2024,12,December,Tuesday,4
1989,1,59,2024-12-21,11,30.25,0.1,332.75,0.33275,332.41725,2024,12,December,Saturday,4
1990,2,153,2024-04-01,2,149.65,0.0,299.3,0.0,299.3,2024,4,April,Monday,2
1991,1,19,2024-06-11,2,61.27,0.15,122.54,0.18381,122.35619000000001,2024,6,June,Tuesday,2
1992,9,154,2024-11-08,9,104.34,0.25,939.0600000000001,2.3476500000000002,936.71235,2024,11,November,Friday,4
1993,8,74,2024-08-26,4,77.0,0.0,308.0,0.0,308.0,2024,8,August,Monday,3
1994,9,116,2024-04-06,5,182.63,0.0,913.15,0.0,913.15,2024,4,April,Saturday,2
1995,1,10,2024-12-19,10,136.82,0.15,1368.1999999999998,2.0523,1366.1476999999998,2024,12,December,Thursday,4
1996,4,147,2024-06-29,1,159.14,0.05,159.14,0.07957,159.06043,2024,6,June,Saturday,2
1997,9,39,2024-02-07,10,112.9,0.25,1129.0,2.8225,1126.1775,2024,2,February,Wednesday,1
1998,9,110,2024-10-19,3,240.3,0.05,720.9000000000001,0.3604500000000001,720.5395500000001,2024,10,October,Saturday,4
1999,5,129,2024-10-13,4,151.03,0.05,604.12,0.30206000000000005,603.81794,2024,10,October,Sunday,4
2000,9,32,2024-12-28,5,195.25,0.0,976.25,0.0,976.25,2024,12,December,Saturday,4
2001,10,147,2024-12-17,1,159.14,0.05,159.14,0.07957,159.06043,2024,12,December,Tuesday,4
2002,4,114,2024-05-24,7,137.91,0.1,965.37,0.9653700000000001,964.40463,2024,5,May,Friday,2
2003,1,103,2024-06-10,4,143.37,0.05,573.48,0.28674000000000005,573.19326,2024,6,June,Monday,2
2004,10,170,2024-03-20,6,8.38,0.0,50.28,0.0,50.28,2024,3,March,Wednesday,1
2005,7,9,2024-11-22,7,100.29,0.05,702.0300000000001,0.3510150000000001,701.6789850000001,2024,11,November,Friday,4
2006,10,43,2024-03-10,5,88.26,0.0,441.3,0.0,441.3,2024,3,March,Sunday,1
2007,3,141,2024-02-17,4,45.08,0.1,180.32,0.18032,180.13968,2024,2,February,Saturday,1
2008,7,157,2024-05-08,2,147.67,0.25,295.34,0.73835,294.60164999999995,2024,5,May,Wednesday,2
2009,2,167,2024-02-07,4,20.08,0.0,80.32,0.0,80.32,2024,2,February,Wednesday,1
2010,10,81,2024-12-16,1,39.73,0.0,39.73,0.0,39.73,2024,12,December,Monday,4
2011,6,55,2024-12-26,10,120.86,0.0,1208.6,0.0,1208.6,2024,12,December,Thursday,4
2012,3,153,2024-11-04,7,149.65,0.1,1047.55,1.04755,1046.50245,2024,11,November,Monday,4
2013,6,39,2024-02-18,7,112.9,0.25,790.3000000000001,1.9757500000000001,788.3242500000001,2024,2,February,Sunday,1
2014,1,163,2024-06-06,9,102.16,0.0,919.4399999999999,0.0,919.4399999999999,2024,6,June,Thursday,2
2015,3,155,2024-12-09,11,165.6,0.1,1821.6,1.8215999999999999,1819.7784,2024,12,December,Monday,4
2016,5,24,2024-04-04,4,80.42,0.05,321.68,0.16083999999999998,321.51916,2024,4,April,Thursday,2
2017,3,20,2024-04-10,3,150.34,0.25,451.02,1.12755,449.89245,2024,4,April,Wednesday,2
2018,6,18,2024-10-30,2,204.77,0.0,409.54,0.0,409.54,2024,10,October,Wednesday,4
2019,3,156,2024-12-24,3,173.78,0.15,521.34,0.7820100000000001,520.55799,2024,12,December,Tuesday,4
2020,5,105,2024-04-13,11,136.88,0.15,1505.6799999999998,2.25852,1503.4214799999997,2024,4,April,Saturday,2
2021,5,120,2024-12-21,6,234.32,0.0,1405.92,0.0,1405.92,2024,12,December,Saturday,4
2022,7,147,2024-03-30,1,159.14,0.0,159.14,0.0,159.14,2024,3,March,Saturday,1
2023,4,76,2024-04-08,1,150.97,0.0,150.97,0.0,150.97,2024,4,April,Monday,2
2024,8,4,2024-06-15,12,167.47,0.0,2009.6399999999999,0.0,2009.6399999999999,2024,6,June,Saturday,2
2025,10,148,2024-02-12,8,126.73,0.1,1013.84,1.01384,1012.8261600000001,2024,2,February,Monday,1
2026,10,30,2024-06-27,7,212.07,0.0,1484.49,0.0,1484.49,2024,6,June,Thursday,2
2027,4,169,2024-05-30,11,48.02,0.0,528.22,0.0,528.22,2024,5,May,Thursday,2
2028,3,8,2024-11-02,4,98.81,0.05,395.24,0.19762000000000002,395.04238000000004,2024,11,November,Saturday,4
2029,5,3,2024-08-20,1,91.88,0.1,91.88,0.09188,91.78811999999999,2024,8,August,Tuesday,3
2030,3,152,2024-02-19,6,77.49,0.0,464.93999999999994,0.0,464.93999999999994,2024,2,February,Monday,1
2031,10,81,2024-08-26,8,39.73,0.05,317.84,0.15892,317.68107999999995,2024,8,August,Monday,3
2032,9,136,2024-11-14,9,182.39,0.05,1641.5099999999998,0.8207549999999999,1640.6892449999998,2024,11,November,Thursday,4
2033,10,66,2024-10-01,8,254.58,0.05,2036.64,1.0183200000000001,2035.6216800000002,2024,10,October,Tuesday,4
2034,6,167,2024-01-25,6,20.08,0.05,120.47999999999999,0.06024,120.41976,2024,1,January,Thursday,1
2035,3,116,2024-02-12,7,182.63,0.0,1278.4099999999999,0.0,1278.4099999999999,2024,2,February,Monday,1
2036,2,91,2024-06-30,10,146.33,0.0,1463.3000000000002,0.0,1463.3000000000002,2024,6,June,Sunday,2
2037,2,89,2024-05-09,4,16.36,0.0,65.44,0.0,65.44,2024,5,May,Thursday,2
2038,10,112,2024-12-28,6,58.1,0.0,348.6,0.0,348.6,2024,12,December,Saturday,4
2039,7,14,2024-01-27,6,13.97,0.0,83.82000000000001,0.0,83.82000000000001,2024,1,January,Saturday,1
2040,3,84,2024-09-01,1,219.55,0.1,219.55,0.21955000000000002,219.33045,2024,9,September,Sunday,3
2041,7,89,2024-09-22,12,16.36,0.0,196.32,0.0,196.32,2024,9,September,Sunday,3
2042,3,155,2024-10-19,5,165.6,0.25,828.0,2.07,825.93,2024,10,October,Saturday,4
2043,5,108,2024-04-04,6,151.96,0.05,911.76,0.45588,911.30412,2024,4,April,Thursday,2
2044,2,62,2024-12-24,9,11.77,0.25,105.92999999999999,0.264825,105.66517499999999,2024,12,December,Tuesday,4
2045,6,25,2024-11-26,12,179.28,0.0,2151.36,0.0,2151.36,2024,11,November,Tuesday,4
2046,3,54,2024-07-18,5,241.98,0.0,1209.8999999999999,0.0,1209.8999999999999,2024,7,July,Thursday,3
2047,6,59,2024-02-17,8,30.25,0.15,242.0,0.363,241.637,2024,2,February,Saturday,1
2048,8,123,2024-12-21,7,108.4,0.1,758.8000000000001,0.7588000000000001,758.0412000000001,2024,12,December,Saturday,4
2049,9,149,2024-01-02,1,212.9,0.0,212.9,0.0,212.9,2024,1,January,Tuesday,1
2050,1,65,2024-11-04,1,65.09,0.0,65.09,0.0,65.09,2024,11,November,Monday,4
2051,9,102,2024-12-28,8,25.17,0.15,201.36,0.30204000000000003,201.05796,2024,12,December,Saturday,4
2052,8,116,2024-02-27,9,182.63,0.1,1643.67,1.6436700000000002,1642.0263300000001,2024,2,February,Tuesday,1
2053,7,150,2024-11-15,6,89.35,0.0,536.0999999999999,0.0,536.0999999999999,2024,11,November,Friday,4
2054,6,43,2024-08-04,5,88.26,0.25,441.3,1.10325,440.19675,2024,8,August,Sunday,3
2055,4,137,2024-12-17,4,165.65,0.1,662.6,0.6626000000000001,661.9374,2024,12,December,Tuesday,4
2056,5,5,2024-11-04,7,152.79,0.1,1069.53,1.06953,1068.46047,2024,11,November,Monday,4
2057,5,111,2024-01-15,1,43.1,0.0,43.1,0.0,43.1,2024,1,January,Monday,1
2058,8,144,2024-11-07,6,72.5,0.15,435.0,0.6525,434.3475,2024,11,November,Thursday,4
2059,4,169,2024-03-21,9,48.02,0.05,432.18,0.21609,431.96391,2024,3,March,Thursday,1
2060,4,97,2024-05-15,5,51.84,0.1,259.20000000000005,0.25920000000000004,258.9408,2024,5,May,Wednesday,2
2061,4,160,2024-02-11,8,215.87,0.1,1726.96,1.7269600000000003,1725.23304,2024,2,February,Sunday,1
2062,2,97,2024-04-07,12,51.84,0.25,622.08,1.5552000000000001,620.5248,2024,4,April,Sunday,2
2063,1,91,2024-02-19,6,146.33,0.25,877.98,2.19495,875.7850500000001,2024,2,February,Monday,1
2064,9,121,2024-08-23,9,164.69,0.1,1482.21,1.48221,1480.7277900000001,2024,8,August,Friday,3
2065,10,144,2024-03-01,1,72.5,0.1,72.5,0.0725,72.4275,2024,3,March,Friday,1
2066,10,97,2024-01-22,3,51.84,0.05,155.52,0.07776000000000001,155.44224,2024,1,January,Monday,1
2067,7,61,2024-10-31,9,24.26,0.0,218.34,0.0,218.34,2024,10,October,Thursday,4
2068,6,53,2024-04-28,2,131.05,0.0,262.1,0.0,262.1,2024,4,April,Sunday,2
2069,4,103,2024-12-04,9,143.37,0.1,1290.33,1.29033,1289.03967,2024,12,December,Wednesday,4
2070,1,130,2024-10-01,12,200.9,0.1,2410.8,2.4108000000000005,2408.3892,2024,10,October,Tuesday,4
2071,3,24,2024-05-26,4,80.42,0.25,321.68,0.8042,320.8758,2024,5,May,Sunday,2
2072,4,153,2024-11-15,2,149.65,0.25,299.3,0.7482500000000001,298.55175,2024,11,November,Friday,4
2073,4,154,2024-03-02,8,104.34,0.25,834.72,2.0868,832.6332,2024,3,March,Saturday,1
2074,6,75,2024-09-21,7,29.49,0.15,206.42999999999998,0.30964499999999995,206.120355,2024,9,September,Saturday,3
2075,2,105,2024-12-06,3,136.88,0.1,410.64,0.41064,410.22936,2024,12,December,Friday,4
2076,10,156,2024-06-29,8,173.78,0.15,1390.24,2.08536,1388.15464,2024,6,June,Saturday,2
2077,2,35,2024-03-23,3,8.64,0.0,25.92,0.0,25.92,2024,3,March,Saturday,1
2078,2,90,2024-03-22,8,98.0,0.25,784.0,1.96,782.04,2024,3,March,Friday,1
2079,7,118,2024-09-15,5,153.88,0.0,769.4,0.0,769.4,2024,9,September,Sunday,3
2080,8,122,2024-01-20,3,28.93,0.0,86.78999999999999,0.0,86.78999999999999,2024,1,January,Saturday,1
2081,7,84,2024-05-09,5,219.55,0.15,1097.75,1.646625,1096.103375,2024,5,May,Thursday,2
2082,6,73,2024-09-13,12,242.79,0.25,2913.48,7.2837,2906.1963,2024,9,September,Friday,3
2083,4,128,2024-01-16,3,177.81,0.0,533.4300000000001,0.0,533.4300000000001,2024,1,January,Tuesday,1
2084,5,10,2024-03-24,1,136.82,0.0,136.82,0.0,136.82,2024,3,March,Sunday,1
2085,7,158,2024-02-10,9,81.38,0.0,732.42,0.0,732.42,2024,2,February,Saturday,1
2086,10,159,2024-03-29,4,51.69,0.25,206.76,0.5169,206.2431,2024,3,March,Friday,1
2087,10,15,2024-12-28,6,149.2,0.25,895.1999999999999,2.238,892.9619999999999,2024,12,December,Saturday,4
2088,4,89,2024-12-17,11,16.36,0.0,179.95999999999998,0.0,179.95999999999998,2024,12,December,Tuesday,4
2089,5,146,2024-05-07,8,127.32,0.15,1018.56,1.5278399999999999,1017.03216,2024,5,May,Tuesday,2
2090,9,50,2024-06-23,10,168.2,0.25,1682.0,4.205,1677.795,2024,6,June,Sunday,2
2091,5,57,2024-02-02,5,75.29,0.1,376.45000000000005,0.37645,376.07355000000007,2024,2,February,Friday,1
2092,10,76,2024-12-21,5,150.97,0.1,754.85,0.75485,754.09515,2024,12,December,Saturday,4
2093,6,85,2024-03-16,12,88.45,0.15,1061.4,1.5921,1059.8079,2024,3,March,Saturday,1
2094,7,105,2024-02-25,7,136.88,0.0,958.16,0.0,958.16,2024,2,February,Sunday,1
2095,3,67,2024-03-19,12,107.18,0.25,1286.16,3.2154000000000003,1282.9446,2024,3,March,Tuesday,1
2097,1,98,2024-08-18,9,93.24,0.15,839.16,1.25874,837.90126,2024,8,August,Sunday,3
2098,1,22,2024-12-07,8,28.7,0.1,229.6,0.2296,229.3704,2024,12,December,Saturday,4
2099,1,165,2024-09-22,8,56.11,0.1,448.88,0.44888000000000006,448.43112,2024,9,September,Sunday,3
2100,8,33,2024-07-20,9,162.49,0.0,1462.41,0.0,1462.41,2024,7,July,Saturday,3
2101,10,47,2024-05-09,4,118.87,0.15,475.48,0.7132200000000001,474.76678000000004,2024,5,May,Thursday,2
2102,6,133,2024-12-01,1,107.43,0.0,107.43,0.0,107.43,2024,12,December,Sunday,4
2103,4,57,2024-06-18,12,75.29,0.05,903.48,0.4517400000000001,903.02826,2024,6,June,Tuesday,2
2104,8,86,2024-11-10,12,125.76,0.0,1509.1200000000001,0.0,1509.1200000000001,2024,11,November,Sunday,4
2105,7,136,2024-12-17,6,182.39,0.0,1094.34,0.0,1094.34,2024,12,December,Tuesday,4
2106,6,103,2024-03-17,7,143.37,0.15,1003.59,1.505385,1002.084615,2024,3,March,Sunday,1
2107,7,155,2024-10-09,9,165.6,0.25,1490.3999999999999,3.7259999999999995,1486.6739999999998,2024,10,October,Wednesday,4
2108,6,163,2024-08-01,5,102.16,0.1,510.79999999999995,0.5108,510.28919999999994,2024,8,August,Thursday,3
2109,1,42,2024-12-04,2,169.87,0.25,339.74,0.84935,338.89065,2024,12,December,Wednesday,4
2110,1,26,2024-11-26,9,163.65,0.25,1472.8500000000001,3.6821250000000005,1469.167875,2024,11,November,Tuesday,4
2111,10,11,2024-03-26,10,117.42,0.1,1174.2,1.1742000000000001,1173.0258000000001,2024,3,March,Tuesday,1
2112,3,105,2024-03-20,2,136.88,0.0,273.76,0.0,273.76,2024,3,March,Wednesday,1
2113,5,14,2024-06-18,3,13.97,0.1,41.910000000000004,0.04191000000000001,41.86809,2024,6,June,Tuesday,2
2114,4,111,2024-12-20,5,43.1,0.15,215.5,0.32325,215.17675,2024,12,December,Friday,4
2115,4,45,2024-11-19,5,29.94,0.0,149.70000000000002,0.0,149.70000000000002,2024,11,November,Tuesday,4
2116,10,139,2024-11-09,12,81.1,0.25,973.1999999999999,2.433,970.7669999999999,2024,11,November,Saturday,4
2117,9,51,2024-07-06,1,160.16,0.1,160.16,0.16016000000000002,159.99984,2024,7,July,Saturday,3
2118,1,108,2024-07-17,7,151.96,0.1,1063.72,1.0637200000000002,1062.65628,2024,7,July,Wednesday,3
2119,10,23,2024-05-04,2,135.4,0.0,270.8,0.0,270.8,2024,5,May,Saturday,2
2120,9,105,2024-07-03,11,136.88,0.0,1505.6799999999998,0.0,1505.6799999999998,2024,7,July,Wednesday,3
2121,5,63,2024-06-22,1,110.07,0.15,110.07,0.16510499999999997,109.904895,2024,6,June,Saturday,2
2122,10,120,2024-11-13,2,234.32,0.05,468.64,0.23432000000000003,468.40567999999996,2024,11,November,Wednesday,4
2123,6,71,2024-01-18,12,11.55,0.25,138.60000000000002,0.34650000000000003,138.25350000000003,2024,1,January,Thursday,1
2124,3,47,2024-11-23,11,118.87,0.15,1307.5700000000002,1.9613550000000002,1305.6086450000003,2024,11,November,Saturday,4
2125,8,113,2024-01-08,1,114.72,0.05,114.72,0.05736000000000001,114.66264,2024,1,January,Monday,1
2126,10,118,2024-10-07,8,153.88,0.0,1231.04,0.0,1231.04,2024,10,October,Monday,4
2127,3,95,2024-08-07,2,244.81,0.0,489.62,0.0,489.62,2024,8,August,Wednesday,3
2128,9,40,2024-04-22,2,21.17,0.0,42.34,0.0,42.34,2024,4,April,Monday,2
2129,2,34,2024-11-08,10,99.91,0.25,999.0999999999999,2.49775,996.6022499999999,2024,11,November,Friday,4
2130,1,168,2024-11-10,5,115.57,0.1,577.8499999999999,0.57785,577.2721499999999,2024,11,November,Sunday,4
2131,8,91,2024-06-02,11,146.33,0.0,1609.63,0.0,1609.63,2024,6,June,Sunday,2
2132,7,52,2024-09-29,9,158.1,0.0,1422.8999999999999,0.0,1422.8999999999999,2024,9,September,Sunday,3
2133,2,96,2024-12-28,3,169.6,0.0,508.79999999999995,0.0,508.79999999999995,2024,12,December,Saturday,4
2134,6,22,2024-08-13,11,28.7,0.05,315.7,0.15785,315.54215,2024,8,August,Tuesday,3
2135,6,82,2024-06-08,1,111.57,0.25,111.57,0.278925,111.29107499999999,2024,6,June,Saturday,2
2136,1,163,2024-12-04,4,102.16,0.15,408.64,0.61296,408.02704,2024,12,December,Wednesday,4
2137,9,142,2024-07-06,12,36.7,0.15,440.40000000000003,0.6606000000000001,439.73940000000005,2024,7,July,Saturday,3
2138,9,147,2024-02-19,2,159.14,0.05,318.28,0.15914,318.12086,2024,2,February,Monday,1
2139,7,47,2024-11-04,10,118.87,0.0,1188.7,0.0,1188.7,2024,11,November,Monday,4
2140,2,108,2024-12-01,3,151.96,0.25,455.88,1.1397,454.7403,2024,12,December,Sunday,4
2141,2,130,2024-06-03,6,200.9,0.0,1205.4,0.0,1205.4,2024,6,June,Monday,2
2142,3,31,2024-11-19,2,110.33,0.15,220.66,0.33098999999999995,220.32900999999998,2024,11,November,Tuesday,4
2143,2,158,2024-11-16,5,81.38,0.05,406.9,0.20345,406.69655,2024,11,November,Saturday,4
2144,9,38,2024-08-27,7,27.57,0.15,192.99,0.289485,192.700515,2024,8,August,Tuesday,3
2145,7,165,2024-02-10,5,56.11,0.25,280.55,0.7013750000000001,279.848625,2024,2,February,Saturday,1
2146,3,157,2024-01-11,3,147.67,0.25,443.01,1.1075249999999999,441.902475,2024,1,January,Thursday,1
2147,1,78,2024-12-19,5,125.42,0.05,627.1,0.31355000000000005,626.7864500000001,2024,12,December,Thursday,4
2148,4,27,2024-08-11,6,83.28,0.15,499.68,0.74952,498.93048,2024,8,August,Sunday,3
2149,1,97,2024-11-24,2,51.84,0.05,103.68,0.05184000000000001,103.62816000000001,2024,11,November,Sunday,4
2150,4,81,2024-02-26,5,39.73,0.25,198.64999999999998,0.4966249999999999,198.15337499999998,2024,2,February,Monday,1
2151,1,136,2024-10-03,1,182.39,0.15,182.39,0.27358499999999997,182.116415,2024,10,October,Thursday,4
2152,6,165,2024-02-26,3,56.11,0.0,168.32999999999998,0.0,168.32999999999998,2024,2,February,Monday,1
2153,4,41,2024-06-14,9,157.72,0.1,1419.48,1.41948,1418.06052,2024,6,June,Friday,2
2154,8,81,2024-01-24,6,39.73,0.25,238.38,0.59595,237.78405,2024,1,January,Wednesday,1
2155,1,59,2024-11-08,4,30.25,0.0,121.0,0.0,121.0,2024,11,November,Friday,4
2156,5,118,2024-10-01,4,153.88,0.0,615.52,0.0,615.52,2024,10,October,Tuesday,4
2157,10,134,2024-01-15,6,141.92,0.05,851.52,0.42576,851.09424,2024,1,January,Monday,1
2158,7,6,2024-06-09,8,18.62,0.15,148.96,0.22344,148.73656,2024,6,June,Sunday,2
2159,10,3,2024-04-05,10,91.88,0.0,918.8,0.0,918.8,2024,4,April,Friday,2
2160,9,151,2024-11-15,3,22.4,0.05,67.19999999999999,0.03359999999999999,67.16639999999998,2024,11,November,Friday,4
2161,1,100,2024-12-20,5,120.25,0.15,601.25,0.901875,600.348125,2024,12,December,Friday,4
2162,7,69,2024-11-03,9,68.64,0.05,617.76,0.30888000000000004,617.45112,2024,11,November,Sunday,4
2163,7,50,2024-02-15,9,168.2,0.1,1513.8,1.5138,1512.2862,2024,2,February,Thursday,1
2164,10,72,2024-04-23,11,94.95,0.15,1044.45,1.5666749999999998,1042.883325,2024,4,April,Tuesday,2
2165,7,159,2024-03-24,2,51.69,0.0,103.38,0.0,103.38,2024,3,March,Sunday,1
2166,5,154,2024-11-10,4,104.34,0.0,417.36,0.0,417.36,2024,11,November,Sunday,4
2167,10,23,2024-12-07,9,135.4,0.05,1218.6000000000001,0.6093000000000001,1217.9907,2024,12,December,Saturday,4
2168,2,162,2024-02-20,8,125.27,0.25,1002.16,2.5054,999.6546,2024,2,February,Tuesday,1
2169,4,62,2024-10-03,1,11.77,0.15,11.77,0.017654999999999997,11.752345,2024,10,October,Thursday,4
2170,1,7,2024-09-12,9,12.29,0.05,110.60999999999999,0.055305,110.55469499999998,2024,9,September,Thursday,3
2171,3,159,2024-11-18,10,51.69,0.05,516.9,0.25845,516.6415499999999,2024,11,November,Monday,4
2172,5,112,2024-11-10,3,58.1,0.0,174.3,0.0,174.3,2024,11,November,Sunday,4
2173,4,35,2024-07-26,4,8.64,0.15,34.56,0.051840000000000004,34.508160000000004,2024,7,July,Friday,3
2174,3,96,2024-01-06,9,169.6,0.1,1526.3999999999999,1.5263999999999998,1524.8736,2024,1,January,Saturday,1
2175,9,134,2024-04-25,3,141.92,0.0,425.76,0.0,425.76,2024,4,April,Thursday,2
2176,4,41,2024-12-05,3,157.72,0.15,473.15999999999997,0.7097399999999999,472.45025999999996,2024,12,December,Thursday,4
2177,1,91,2024-05-21,10,146.33,0.0,1463.3000000000002,0.0,1463.3000000000002,2024,5,May,Tuesday,2
2178,7,19,2024-07-03,5,61.27,0.0,306.35,0.0,306.35,2024,7,July,Wednesday,3
2179,10,168,2024-04-30,3,115.57,0.05,346.71,0.173355,346.53664499999996,2024,4,April,Tuesday,2
2180,4,168,2024-12-14,12,115.57,0.15,1386.84,2.08026,1384.75974,2024,12,December,Saturday,4
2181,1,159,2024-11-13,4,51.69,0.1,206.76,0.20676000000000003,206.55324,2024,11,November,Wednesday,4
2182,3,94,2024-06-09,9,179.27,0.0,1613.43,0.0,1613.43,2024,6,June,Sunday,2
2183,10,163,2024-01-08,3,102.16,0.1,306.48,0.30648000000000003,306.17352,2024,1,January,Monday,1
2184,2,7,2024-05-16,8,12.29,0.25,98.32,0.2458,98.07419999999999,2024,5,May,Thursday,2
2185,8,88,2024-08-07,4,106.78,0.15,427.12,0.64068,426.47932000000003,2024,8,August,Wednesday,3
2186,7,124,2024-09-04,4,19.68,0.25,78.72,0.1968,78.5232,2024,9,September,Wednesday,3
2187,4,170,2024-03-17,10,8.38,0.1,83.80000000000001,0.08380000000000001,83.71620000000001,2024,3,March,Sunday,1
2188,4,110,2024-03-02,10,240.3,0.05,2403.0,1.2015,2401.7985,2024,3,March,Saturday,1
2189,9,99,2024-11-02,6,207.07,0.0,1242.42,0.0,1242.42,2024,11,November,Saturday,4
2190,8,158,2024-11-05,2,81.38,0.25,162.76,0.4069,162.35309999999998,2024,11,November,Tuesday,4
2191,7,47,2024-12-16,11,118.87,0.1,1307.5700000000002,1.3075700000000003,1306.2624300000002,2024,12,December,Monday,4
2192,4,81,2024-09-20,12,39.73,0.15,476.76,0.71514,476.04485999999997,2024,9,September,Friday,3
2193,2,1,2024-05-12,8,38.35,0.0,306.8,0.0,306.8,2024,5,May,Sunday,2
2194,1,123,2024-10-30,12,108.4,0.0,1300.8000000000002,0.0,1300.8000000000002,2024,10,October,Wednesday,4
2195,8,40,2024-11-23,5,21.17,0.05,105.85000000000001,0.05292500000000001,105.797075,2024,11,November,Saturday,4
2196,10,112,2024-03-11,5,58.1,0.1,290.5,0.2905,290.2095,2024,3,March,Monday,1
2197,10,152,2024-09-17,1,77.49,0.0,77.49,0.0,77.49,2024,9,September,Tuesday,3
2198,2,115,2024-12-25,2,212.31,0.0,424.62,0.0,424.62,2024,12,December,Wednesday,4
2199,5,126,2024-02-26,12,28.64,0.25,343.68,0.8592,342.8208,2024,2,February,Monday,1
2200,9,22,2024-12-21,12,28.7,0.1,344.4,0.3444,344.05559999999997,2024,12,December,Saturday,4
2201,1,76,2024-07-19,4,150.97,0.05,603.88,0.30194000000000004,603.57806,2024,7,July,Friday,3
2202,2,8,2024-08-23,8,98.81,0.0,790.48,0.0,790.48,2024,8,August,Friday,3
2203,2,38,2024-03-01,3,27.57,0.15,82.71000000000001,0.12406500000000001,82.585935,2024,3,March,Friday,1
2204,3,99,2024-11-09,4,207.07,0.0,828.28,0.0,828.28,2024,11,November,Saturday,4
2205,1,94,2024-11-23,4,179.27,0.0,717.08,0.0,717.08,2024,11,November,Saturday,4
2206,5,67,2024-12-21,2,107.18,0.25,214.36,0.5359,213.82410000000002,2024,12,December,Saturday,4
2207,4,146,2024-02-23,5,127.32,0.1,636.5999999999999,0.6365999999999999,635.9633999999999,2024,2,February,Friday,1
2208,2,148,2024-07-29,3,126.73,0.0,380.19,0.0,380.19,2024,7,July,Monday,3
2209,5,91,2024-01-02,9,146.33,0.25,1316.97,3.292425,1313.677575,2024,1,January,Tuesday,1
2210,2,148,2024-11-22,8,126.73,0.05,1013.84,0.50692,1013.33308,2024,11,November,Friday,4
2211,2,55,2024-11-21,11,120.86,0.0,1329.46,0.0,1329.46,2024,11,November,Thursday,4
2212,10,90,2024-01-13,4,98.0,0.1,392.0,0.392,391.608,2024,1,January,Saturday,1
2213,7,57,2024-10-13,11,75.29,0.15,828.19,1.2422849999999999,826.947715,2024,10,October,Sunday,4
2214,9,153,2024-03-11,3,149.65,0.0,448.95000000000005,0.0,448.95000000000005,2024,3,March,Monday,1
2215,8,41,2024-12-23,3,157.72,0.1,473.15999999999997,0.47316,472.68683999999996,2024,12,December,Monday,4
2216,3,136,2024-01-08,8,182.39,0.0,1459.12,0.0,1459.12,2024,1,January,Monday,1
2217,6,38,2024-10-05,2,27.57,0.1,55.14,0.05514,55.08486,2024,10,October,Saturday,4
2218,6,56,2024-12-22,3,91.09,0.1,273.27,0.27326999999999996,272.99672999999996,2024,12,December,Sunday,4
2219,9,125,2024-12-05,10,151.37,0.05,1513.7,0.75685,1512.94315,2024,12,December,Thursday,4
2220,10,99,2024-09-19,8,207.07,0.15,1656.56,2.4848399999999997,1654.0751599999999,2024,9,September,Thursday,3
2221,5,53,2024-06-28,12,131.05,0.25,1572.6000000000001,3.9315,1568.6685000000002,2024,6,June,Friday,2
2222,6,112,2024-10-05,6,58.1,0.0,348.6,0.0,348.6,2024,10,October,Saturday,4
2223,3,76,2024-02-15,11,150.97,0.0,1660.67,0.0,1660.67,2024,2,February,Thursday,1
2224,4,3,2024-04-27,3,91.88,0.0,275.64,0.0,275.64,2024,4,April,Saturday,2
2225,9,122,2024-11-22,9,28.93,0.0,260.37,0.0,260.37,2024,11,November,Friday,4
2226,7,57,2024-08-09,12,75.29,0.0,903.48,0.0,903.48,2024,8,August,Friday,3
2227,9,59,2024-10-13,2,30.25,0.05,60.5,0.030250000000000003,60.46975,2024,10,October,Sunday,4
2228,8,7,2024-04-02,3,12.29,0.05,36.87,0.018435,36.851565,2024,4,April,Tuesday,2
2229,2,165,2024-06-03,8,56.11,0.0,448.88,0.0,448.88,2024,6,June,Monday,2
2230,2,76,2024-10-04,2,150.97,0.05,301.94,0.15097000000000002,301.78903,2024,10,October,Friday,4
2231,6,9,2024-07-28,1,100.29,0.0,100.29,0.0,100.29,2024,7,July,Sunday,3
2232,1,72,2024-10-28,6,94.95,0.15,569.7,0.85455,568.84545,2024,10,October,Monday,4
2233,3,86,2024-08-10,10,125.76,0.0,1257.6000000000001,0.0,1257.6000000000001,2024,8,August,Saturday,3
2234,3,31,2024-06-08,3,110.33,0.05,330.99,0.16549500000000003,330.824505,2024,6,June,Saturday,2
2235,3,10,2024-10-15,3,136.82,0.15,410.46,0.61569,409.84431,2024,10,October,Tuesday,4
2236,8,96,2024-11-04,2,169.6,0.1,339.2,0.3392,338.8608,2024,11,November,Monday,4
2237,7,161,2024-01-10,10,203.07,0.15,2030.6999999999998,3.0460499999999997,2027.65395,2024,1,January,Wednesday,1
2238,6,153,2024-07-10,7,149.65,0.25,1047.55,2.618875,1044.931125,2024,7,July,Wednesday,3
2239,9,2,2024-02-03,9,81.57,0.25,734.1299999999999,1.8353249999999997,732.2946749999999,2024,2,February,Saturday,1
2240,7,84,2024-07-09,9,219.55,0.05,1975.95,0.9879750000000002,1974.962025,2024,7,July,Tuesday,3
2241,4,94,2024-03-07,9,179.27,0.05,1613.43,0.8067150000000001,1612.6232850000001,2024,3,March,Thursday,1
2242,1,5,2024-09-21,9,152.79,0.25,1375.11,3.437775,1371.6722249999998,2024,9,September,Saturday,3
2243,7,28,2024-11-02,12,143.98,0.0,1727.7599999999998,0.0,1727.7599999999998,2024,11,November,Saturday,4
2244,8,115,2024-04-22,5,212.31,0.05,1061.55,0.530775,1061.019225,2024,4,April,Monday,2
2245,6,121,2024-09-20,4,164.69,0.05,658.76,0.32938,658.43062,2024,9,September,Friday,3
2246,9,112,2024-05-29,1,58.1,0.25,58.1,0.14525,57.954750000000004,2024,5,May,Wednesday,2
2247,9,158,2024-10-01,7,81.38,0.15,569.66,0.85449,568.8055099999999,2024,10,October,Tuesday,4
2248,7,161,2024-02-01,1,203.07,0.05,203.07,0.10153500000000001,202.96846499999998,2024,2,February,Thursday,1
2249,3,152,2024-11-21,5,77.49,0.0,387.45,0.0,387.45,2024,11,November,Thursday,4
2250,4,170,2024-07-20,10,8.38,0.0,83.80000000000001,0.0,83.80000000000001,2024,7,July,Saturday,3
2251,2,34,2024-01-20,7,99.91,0.25,699.37,1.7484250000000001,697.621575,2024,1,January,Saturday,1
2252,8,96,2024-07-24,1,169.6,0.05,169.6,0.0848,169.5152,2024,7,July,Wednesday,3
2253,2,2,2024-11-20,2,81.57,0.1,163.14,0.16314,162.97686,2024,11,November,Wednesday,4
2254,4,63,2024-12-21,3,110.07,0.1,330.21,0.33021,329.87978999999996,2024,12,December,Saturday,4
2255,4,116,2024-08-05,7,182.63,0.0,1278.4099999999999,0.0,1278.4099999999999,2024,8,August,Monday,3
2256,9,63,2024-10-26,2,110.07,0.0,220.14,0.0,220.14,2024,10,October,Saturday,4
2257,6,160,2024-10-17,8,215.87,0.0,1726.96,0.0,1726.96,2024,10,October,Thursday,4
2258,6,13,2024-08-30,3,91.64,0.1,274.92,0.27492000000000005,274.64508,2024,8,August,Friday,3
2259,10,98,2024-09-16,12,93.24,0.05,1118.8799999999999,0.5594399999999999,1118.32056,2024,9,September,Monday,3
2260,10,97,2024-07-22,8,51.84,0.0,414.72,0.0,414.72,2024,7,July,Monday,3
2261,10,92,2024-12-26,4,96.38,0.25,385.52,0.9638,384.5562,2024,12,December,Thursday,4
2262,8,43,2024-09-25,3,88.26,0.25,264.78000000000003,0.66195,264.11805000000004,2024,9,September,Wednesday,3
2263,1,49,2024-12-28,8,89.67,0.0,717.36,0.0,717.36,2024,12,December,Saturday,4
2264,4,22,2024-07-23,4,28.7,0.0,114.8,0.0,114.8,2024,7,July,Tuesday,3
2265,7,47,2024-04-04,12,118.87,0.15,1426.44,2.13966,1424.30034,2024,4,April,Thursday,2
2266,8,48,2024-04-19,10,43.06,0.15,430.6,0.6459,429.95410000000004,2024,4,April,Friday,2
2267,8,80,2024-08-16,9,210.02,0.0,1890.18,0.0,1890.18,2024,8,August,Friday,3
2268,10,111,2024-08-15,5,43.1,0.0,215.5,0.0,215.5,2024,8,August,Thursday,3
2269,7,150,2024-12-14,10,89.35,0.0,893.5,0.0,893.5,2024,12,December,Saturday,4
2270,3,45,2024-12-02,12,29.94,0.15,359.28000000000003,0.5389200000000001,358.74108,2024,12,December,Monday,4
2271,8,12,2024-11-19,12,105.87,0.15,1270.44,1.9056600000000001,1268.5343400000002,2024,11,November,Tuesday,4
2272,9,31,2024-09-10,3,110.33,0.0,330.99,0.0,330.99,2024,9,September,Tuesday,3
2273,4,121,2024-12-16,7,164.69,0.15,1152.83,1.729245,1151.100755,2024,12,December,Monday,4
2274,8,59,2024-11-28,9,30.25,0.25,272.25,0.680625,271.569375,2024,11,November,Thursday,4
2275,8,60,2024-08-09,9,27.88,0.0,250.92,0.0,250.92,2024,8,August,Friday,3
2276,1,72,2024-07-12,3,94.95,0.0,284.85,0.0,284.85,2024,7,July,Friday,3
2277,7,148,2024-02-06,11,126.73,0.25,1394.03,3.485075,1390.544925,2024,2,February,Tuesday,1
2278,2,121,2024-11-18,4,164.69,0.0,658.76,0.0,658.76,2024,11,November,Monday,4
2279,8,28,2024-10-28,2,143.98,0.15,287.96,0.43193999999999994,287.52806,2024,10,October,Monday,4
2280,1,77,2024-04-15,2,68.92,0.25,137.84,0.3446,137.4954,2024,4,April,Monday,2
2281,3,152,2024-12-26,5,77.49,0.25,387.45,0.968625,386.481375,2024,12,December,Thursday,4
2282,1,44,2024-12-01,9,260.43,0.0,2343.87,0.0,2343.87,2024,12,December,Sunday,4
2283,9,86,2024-04-05,12,125.76,0.0,1509.1200000000001,0.0,1509.1200000000001,2024,4,April,Friday,2
2284,2,154,2024-12-12,8,104.34,0.0,834.72,0.0,834.72,2024,12,December,Thursday,4
2285,5,165,2024-09-10,11,56.11,0.25,617.21,1.543025,615.6669750000001,2024,9,September,Tuesday,3
2286,7,151,2024-05-14,10,22.4,0.0,224.0,0.0,224.0,2024,5,May,Tuesday,2
2287,1,160,2024-05-27,8,215.87,0.25,1726.96,4.3174,1722.6426000000001,2024,5,May,Monday,2
2288,1,152,2024-10-14,3,77.49,0.15,232.46999999999997,0.34870499999999993,232.12129499999998,2024,10,October,Monday,4
2289,10,82,2024-12-11,6,111.57,0.0,669.42,0.0,669.42,2024,12,December,Wednesday,4
2290,6,155,2024-12-07,6,165.6,0.05,993.5999999999999,0.4968,993.1031999999999,2024,12,December,Saturday,4
2291,8,15,2024-07-03,11,149.2,0.0,1641.1999999999998,0.0,1641.1999999999998,2024,7,July,Wednesday,3
2292,5,57,2024-11-24,10,75.29,0.0,752.9000000000001,0.0,752.9000000000001,2024,11,November,Sunday,4
2293,1,5,2024-09-16,5,152.79,0.0,763.9499999999999,0.0,763.9499999999999,2024,9,September,Monday,3
2294,9,153,2024-10-05,2,149.65,0.0,299.3,0.0,299.3,2024,10,October,Saturday,4
2295,2,143,2024-04-06,2,233.86,0.15,467.72,0.70158,467.01842000000005,2024,4,April,Saturday,2
2296,5,53,2024-02-14,9,131.05,0.25,1179.45,2.9486250000000003,1176.501375,2024,2,February,Wednesday,1
2297,1,19,2024-02-15,10,61.27,0.25,612.7,1.5317500000000002,611.1682500000001,2024,2,February,Thursday,1
2298,7,71,2024-08-21,6,11.55,0.1,69.30000000000001,0.06930000000000001,69.23070000000001,2024,8,August,Wednesday,3
2299,3,158,2024-12-04,11,81.38,0.25,895.18,2.2379499999999997,892.94205,2024,12,December,Wednesday,4
2300,9,155,2024-01-18,12,165.6,0.15,1987.1999999999998,2.9808,1984.2191999999998,2024,1,January,Thursday,1
2301,10,6,2024-12-18,2,18.62,0.0,37.24,0.0,37.24,2024,12,December,Wednesday,4
2302,3,95,2024-09-01,6,244.81,0.1,1468.8600000000001,1.4688600000000003,1467.3911400000002,2024,9,September,Sunday,3
2303,6,155,2024-09-13,8,165.6,0.1,1324.8,1.3248,1323.4751999999999,2024,9,September,Friday,3
2304,8,1,2024-12-11,10,38.35,0.0,383.5,0.0,383.5,2024,12,December,Wednesday,4
2305,10,98,2024-03-04,8,93.24,0.0,745.92,0.0,745.92,2024,3,March,Monday,1
2306,3,45,2024-11-04,12,29.94,0.0,359.28000000000003,0.0,359.28000000000003,2024,11,November,Monday,4
2307,4,38,2024-02-12,9,27.57,0.15,248.13,0.37219499999999994,247.757805,2024,2,February,Monday,1
2308,8,98,2024-12-06,2,93.24,0.05,186.48,0.09324,186.38675999999998,2024,12,December,Friday,4
2309,7,98,2024-06-30,8,93.24,0.25,745.92,1.8647999999999998,744.0552,2024,6,June,Sunday,2
2310,4,101,2024-02-11,12,131.65,0.15,1579.8000000000002,2.3697000000000004,1577.4303000000002,2024,2,February,Sunday,1
2311,4,8,2024-11-03,11,98.81,0.0,1086.91,0.0,1086.91,2024,11,November,Sunday,4
2312,8,37,2024-01-07,3,19.91,0.0,59.730000000000004,0.0,59.730000000000004,2024,1,January,Sunday,1
2313,6,111,2024-09-09,3,43.1,0.0,129.3,0.0,129.3,2024,9,September,Monday,3
2314,4,8,2024-11-06,12,98.81,0.05,1185.72,0.59286,1185.12714,2024,11,November,Wednesday,4
2315,9,22,2024-12-17,11,28.7,0.0,315.7,0.0,315.7,2024,12,December,Tuesday,4
2316,5,64,2024-10-03,12,54.54,0.1,654.48,0.6544800000000001,653.82552,2024,10,October,Thursday,4
2317,1,158,2024-06-18,10,81.38,0.25,813.8,2.0345,811.7655,2024,6,June,Tuesday,2
2318,10,27,2024-12-20,5,83.28,0.15,416.4,0.6245999999999999,415.7754,2024,12,December,Friday,4
2319,1,5,2024-09-15,9,152.79,0.0,1375.11,0.0,1375.11,2024,9,September,Sunday,3
2320,9,75,2024-11-24,4,29.49,0.0,117.96,0.0,117.96,2024,11,November,Sunday,4
2322,8,117,2024-02-26,5,144.39,0.25,721.9499999999999,1.8048749999999998,720.1451249999999,2024,2,February,Monday,1
2323,4,148,2024-12-23,10,126.73,0.0,1267.3,0.0,1267.3,2024,12,December,Monday,4
2324,6,151,2024-02-22,6,22.4,0.1,134.39999999999998,0.13439999999999996,134.26559999999998,2024,2,February,Thursday,1
2325,6,14,2024-07-27,7,13.97,0.0,97.79,0.0,97.79,2024,7,July,Saturday,3
2326,2,68,2024-02-23,11,17.26,0.1,189.86,0.18986,189.67014,2024,2,February,Friday,1
2327,6,43,2024-08-27,11,88.26,0.1,970.86,0.9708600000000002,969.88914,2024,8,August,Tuesday,3
2328,10,105,2024-03-19,2,136.88,0.0,273.76,0.0,273.76,2024,3,March,Tuesday,1
2329,7,20,2024-12-14,3,150.34,0.15,451.02,0.67653,450.34346999999997,2024,12,December,Saturday,4
2330,10,124,2024-05-18,12,19.68,0.15,236.16,0.35424,235.80576,2024,5,May,Saturday,2
2331,9,81,2024-07-06,5,39.73,0.25,198.64999999999998,0.4966249999999999,198.15337499999998,2024,7,July,Saturday,3
2332,3,137,2024-10-10,5,165.65,0.25,828.25,2.070625,826.179375,2024,10,October,Thursday,4
2333,9,98,2024-05-30,4,93.24,0.0,372.96,0.0,372.96,2024,5,May,Thursday,2
2334,8,127,2024-02-26,7,51.12,0.05,357.84,0.17892,357.66107999999997,2024,2,February,Monday,1
2335,3,81,2024-09-25,6,39.73,0.05,238.38,0.11919,238.26081,2024,9,September,Wednesday,3
2336,3,138,2024-12-01,6,98.66,0.25,591.96,1.4799,590.4801,2024,12,December,Sunday,4
2337,5,27,2024-12-16,6,83.28,0.1,499.68,0.49968,499.18032,2024,12,December,Monday,4
2338,6,170,2024-11-24,6,8.38,0.0,50.28,0.0,50.28,2024,11,November,Sunday,4
2339,4,119,2024-12-28,2,38.1,0.0,76.2,0.0,76.2,2024,12,December,Saturday,4
2340,8,84,2024-03-22,3,219.55,0.05,658.6500000000001,0.32932500000000003,658.320675,2024,3,March,Friday,1
2341,5,23,2024-10-22,4,135.4,0.0,541.6,0.0,541.6,2024,10,October,Tuesday,4
2342,10,119,2024-02-05,1,38.1,0.0,38.1,0.0,38.1,2024,2,February,Monday,1
2343,4,151,2024-04-24,6,22.4,0.1,134.39999999999998,0.13439999999999996,134.26559999999998,2024,4,April,Wednesday,2
2345,5,32,2024-12-04,1,195.25,0.25,195.25,0.488125,194.761875,2024,12,December,Wednesday,4
2346,2,156,2024-06-26,3,173.78,0.0,521.34,0.0,521.34,2024,6,June,Wednesday,2
2347,5,77,2024-02-28,5,68.92,0.0,344.6,0.0,344.6,2024,2,February,Wednesday,1
2348,4,69,2024-06-17,9,68.64,0.15,617.76,0.92664,616.83336,2024,6,June,Monday,2
2349,9,121,2024-08-24,1,164.69,0.25,164.69,0.411725,164.278275,2024,8,August,Saturday,3
2350,4,115,2024-12-09,8,212.31,0.05,1698.48,0.8492400000000001,1697.63076,2024,12,December,Monday,4
2351,3,14,2024-02-13,8,13.97,0.25,111.76,0.27940000000000004,111.48060000000001,2024,2,February,Tuesday,1
2352,8,81,2024-01-13,7,39.73,0.05,278.10999999999996,0.13905499999999998,277.970945,2024,1,January,Saturday,1
2353,10,64,2024-11-13,5,54.54,0.0,272.7,0.0,272.7,2024,11,November,Wednesday,4
2354,4,145,2024-05-03,8,33.88,0.0,271.04,0.0,271.04,2024,5,May,Friday,2
2355,7,14,2024-06-04,7,13.97,0.05,97.79,0.04889500000000001,97.741105,2024,6,June,Tuesday,2
2356,7,50,2024-08-04,3,168.2,0.0,504.59999999999997,0.0,504.59999999999997,2024,8,August,Sunday,3
2357,2,135,2024-01-30,11,198.75,0.0,2186.25,0.0,2186.25,2024,1,January,Tuesday,1
2358,2,164,2024-11-08,4,78.92,0.0,315.68,0.0,315.68,2024,11,November,Friday,4
2359,6,35,2024-04-09,12,8.64,0.0,103.68,0.0,103.68,2024,4,April,Tuesday,2
2360,5,60,2024-08-14,1,27.88,0.0,27.88,0.0,27.88,2024,8,August,Wednesday,3
2361,9,22,2024-08-06,2,28.7,0.1,57.4,0.0574,57.3426,2024,8,August,Tuesday,3
2362,4,55,2024-03-13,1,120.86,0.25,120.86,0.30215,120.55785,2024,3,March,Wednesday,1
2363,6,103,2024-06-23,2,143.37,0.0,286.74,0.0,286.74,2024,6,June,Sunday,2
2364,5,124,2024-12-09,4,19.68,0.25,78.72,0.1968,78.5232,2024,12,December,Monday,4
2365,7,163,2024-06-22,1,102.16,0.0,102.16,0.0,102.16,2024,6,June,Saturday,2
2366,8,25,2024-02-08,9,179.28,0.05,1613.52,0.80676,1612.71324,2024,2,February,Thursday,1
2367,6,95,2024-04-06,2,244.81,0.0,489.62,0.0,489.62,2024,4,April,Saturday,2
2368,6,62,2024-03-17,4,11.77,0.1,47.08,0.047080000000000004,47.03292,2024,3,March,Sunday,1
2369,7,169,2024-10-19,8,48.02,0.05,384.16,0.19208000000000003,383.96792000000005,2024,10,October,Saturday,4
2370,2,16,2024-12-11,8,78.24,0.15,625.92,0.9388799999999999,624.9811199999999,2024,12,December,Wednesday,4
2371,5,161,2024-07-19,6,203.07,0.25,1218.42,3.04605,1215.3739500000001,2024,7,July,Friday,3
2372,3,47,2024-09-12,9,118.87,0.05,1069.83,0.534915,1069.295085,2024,9,September,Thursday,3
2373,3,168,2024-12-17,1,115.57,0.0,115.57,0.0,115.57,2024,12,December,Tuesday,4
2374,8,164,2024-01-08,8,78.92,0.1,631.36,0.63136,630.72864,2024,1,January,Monday,1
2375,10,143,2024-02-24,4,233.86,0.0,935.44,0.0,935.44,2024,2,February,Saturday,1
2376,3,53,2024-07-02,7,131.05,0.25,917.3500000000001,2.293375,915.0566250000002,2024,7,July,Tuesday,3
2377,3,146,2024-09-10,1,127.32,0.05,127.32,0.06366,127.25634,2024,9,September,Tuesday,3
2378,2,145,2024-07-22,6,33.88,0.05,203.28000000000003,0.10164000000000001,203.17836000000003,2024,7,July,Monday,3
2379,6,142,2024-04-03,12,36.7,0.25,440.40000000000003,1.101,439.29900000000004,2024,4,April,Wednesday,2
2380,6,87,2024-08-27,9,211.16,0.0,1900.44,0.0,1900.44,2024,8,August,Tuesday,3
2381,2,95,2024-10-03,6,244.81,0.0,1468.8600000000001,0.0,1468.8600000000001,2024,10,October,Thursday,4
2382,9,120,2024-02-10,12,234.32,0.0,2811.84,0.0,2811.84,2024,2,February,Saturday,1
2383,10,69,2024-06-08,6,68.64,0.0,411.84000000000003,0.0,411.84000000000003,2024,6,June,Saturday,2
2384,1,119,2024-01-24,10,38.1,0.25,381.0,0.9525,380.0475,2024,1,January,Wednesday,1
2385,9,8,2024-12-24,11,98.81,0.15,1086.91,1.6303650000000003,1085.279635,2024,12,December,Tuesday,4
2386,9,64,2024-02-25,3,54.54,0.0,163.62,0.0,163.62,2024,2,February,Sunday,1
2387,1,157,2024-05-27,1,147.67,0.0,147.67,0.0,147.67,2024,5,May,Monday,2
2388,6,38,2024-04-26,8,27.57,0.0,220.56,0.0,220.56,2024,4,April,Friday,2
2389,4,75,2024-12-12,8,29.49,0.0,235.92,0.0,235.92,2024,12,December,Thursday,4
2390,8,109,2024-01-14,9,204.21,0.0,1837.89,0.0,1837.89,2024,1,January,Sunday,1
2391,4,167,2024-01-16,6,20.08,0.0,120.47999999999999,0.0,120.47999999999999,2024,1,January,Tuesday,1
2392,7,135,2024-08-16,7,198.75,0.15,1391.25,2.086875,1389.163125,2024,8,August,Friday,3
2393,1,161,2024-12-04,3,203.07,0.1,609.21,0.60921,608.6007900000001,2024,12,December,Wednesday,4
2394,6,42,2024-12-09,7,169.87,0.0,1189.0900000000001,0.0,1189.0900000000001,2024,12,December,Monday,4
2395,4,112,2024-01-21,8,58.1,0.15,464.8,0.6972,464.1028,2024,1,January,Sunday,1
2396,6,149,2024-06-24,3,212.9,0.0,638.7,0.0,638.7,2024,6,June,Monday,2
2397,2,58,2024-03-29,11,216.14,0.0,2377.54,0.0,2377.54,2024,3,March,Friday,1
2398,3,155,2024-08-09,12,165.6,0.25,1987.1999999999998,4.968,1982.2319999999997,2024,8,August,Friday,3
2399,5,24,2024-12-15,7,80.42,0.0,562.94,0.0,562.94,2024,12,December,Sunday,4
2400,9,163,2024-11-03,12,102.16,0.25,1225.92,3.0648,1222.8552,2024,11,November,Sunday,4
2401,6,40,2024-08-30,1,21.17,0.05,21.17,0.010585000000000002,21.159415000000003,2024,8,August,Friday,3
2402,2,163,2024-10-21,6,102.16,0.0,612.96,0.0,612.96,2024,10,October,Monday,4
2404,3,119,2024-10-19,3,38.1,0.0,114.30000000000001,0.0,114.30000000000001,2024,10,October,Saturday,4
2405,3,93,2024-11-13,8,187.19,0.05,1497.52,0.7487600000000001,1496.77124,2024,11,November,Wednesday,4
2406,4,105,2024-06-23,10,136.88,0.05,1368.8,0.6844,1368.1155999999999,2024,6,June,Sunday,2
2407,8,156,2024-11-03,8,173.78,0.1,1390.24,1.39024,1388.84976,2024,11,November,Sunday,4
2408,8,82,2024-03-15,6,111.57,0.05,669.42,0.33470999999999995,669.08529,2024,3,March,Friday,1
2409,4,29,2024-08-09,5,128.85,0.0,644.25,0.0,644.25,2024,8,August,Friday,3
2410,8,87,2024-09-04,11,211.16,0.0,2322.7599999999998,0.0,2322.7599999999998,2024,9,September,Wednesday,3
2411,9,136,2024-01-30,3,182.39,0.0,547.17,0.0,547.17,2024,1,January,Tuesday,1
2412,9,69,2024-06-28,11,68.64,0.0,755.04,0.0,755.04,2024,6,June,Friday,2
2413,9,104,2024-04-06,9,246.47,0.0,2218.23,0.0,2218.23,2024,4,April,Saturday,2
2414,7,73,2024-05-09,7,242.79,0.0,1699.53,0.0,1699.53,2024,5,May,Thursday,2
2415,8,107,2024-10-13,5,9.07,0.05,45.35,0.022675,45.327325,2024,10,October,Sunday,4
2416,1,136,2024-11-11,9,182.39,0.15,1641.5099999999998,2.4622649999999995,1639.0477349999999,2024,11,November,Monday,4
2417,10,149,2024-06-09,3,212.9,0.0,638.7,0.0,638.7,2024,6,June,Sunday,2
2418,5,125,2024-04-30,6,151.37,0.1,908.22,0.90822,907.31178,2024,4,April,Tuesday,2
2419,3,164,2024-02-16,3,78.92,0.1,236.76,0.23676000000000003,236.52324,2024,2,February,Friday,1
2420,4,20,2024-06-01,12,150.34,0.0,1804.08,0.0,1804.08,2024,6,June,Saturday,2
2421,6,8,2024-09-30,3,98.81,0.1,296.43,0.29643,296.13357,2024,9,September,Monday,3
2422,7,94,2024-03-18,9,179.27,0.0,1613.43,0.0,1613.43,2024,3,March,Monday,1
2423,2,27,2024-06-17,2,83.28,0.15,166.56,0.24983999999999998,166.31016,2024,6,June,Monday,2
2424,8,29,2024-11-28,2,128.85,0.1,257.7,0.2577,257.4423,2024,11,November,Thursday,4
2425,6,117,2024-05-08,10,144.39,0.1,1443.8999999999999,1.4439,1442.4560999999999,2024,5,May,Wednesday,2
2426,5,32,2024-01-05,4,195.25,0.1,781.0,0.7810000000000001,780.219,2024,1,January,Friday,1
2427,2,61,2024-11-25,8,24.26,0.0,194.08,0.0,194.08,2024,11,November,Monday,4
2428,10,61,2024-01-04,10,24.26,0.0,242.60000000000002,0.0,242.60000000000002,2024,1,January,Thursday,1
2429,1,111,2024-09-11,7,43.1,0.0,301.7,0.0,301.7,2024,9,September,Wednesday,3
2430,2,116,2024-02-22,10,182.63,0.25,1826.3,4.5657499999999995,1821.73425,2024,2,February,Thursday,1
2431,10,85,2024-01-26,7,88.45,0.05,619.15,0.309575,618.840425,2024,1,January,Friday,1
2432,5,19,2024-06-04,9,61.27,0.1,551.4300000000001,0.5514300000000001,550.8785700000001,2024,6,June,Tuesday,2
2433,6,144,2024-08-09,3,72.5,0.0,217.5,0.0,217.5,2024,8,August,Friday,3
2434,3,115,2024-02-18,8,212.31,0.0,1698.48,0.0,1698.48,2024,2,February,Sunday,1
2435,7,151,2024-06-19,9,22.4,0.1,201.6,0.2016,201.39839999999998,2024,6,June,Wednesday,2
2436,9,72,2024-03-06,2,94.95,0.05,189.9,0.09495,189.80505,2024,3,March,Wednesday,1
2437,2,152,2024-03-05,2,77.49,0.05,154.98,0.07749,154.90250999999998,2024,3,March,Tuesday,1
2438,5,134,2024-06-23,5,141.92,0.0,709.5999999999999,0.0,709.5999999999999,2024,6,June,Sunday,2
2439,5,114,2024-12-02,11,137.91,0.05,1517.01,0.758505,1516.251495,2024,12,December,Monday,4
2440,2,46,2024-06-22,9,46.4,0.25,417.59999999999997,1.0439999999999998,416.556,2024,6,June,Saturday,2
2441,2,85,2024-10-19,7,88.45,0.0,619.15,0.0,619.15,2024,10,October,Saturday,4
2442,1,54,2024-03-21,5,241.98,0.0,1209.8999999999999,0.0,1209.8999999999999,2024,3,March,Thursday,1
2443,8,164,2024-06-17,12,78.92,0.05,947.04,0.47352000000000005,946.56648,2024,6,June,Monday,2
2444,8,45,2024-06-17,6,29.94,0.0,179.64000000000001,0.0,179.64000000000001,2024,6,June,Monday,2
2445,8,6,2024-10-23,9,18.62,0.0,167.58,0.0,167.58,2024,10,October,Wednesday,4
2446,7,36,2024-10-26,2,31.45,0.15,62.9,0.09434999999999999,62.80565,2024,10,October,Saturday,4
2447,2,58,2024-10-05,7,216.14,0.0,1512.98,0.0,1512.98,2024,10,October,Saturday,4
2448,5,51,2024-11-24,1,160.16,0.15,160.16,0.24023999999999998,159.91976,2024,11,November,Sunday,4
2449,3,61,2024-02-23,3,24.26,0.0,72.78,0.0,72.78,2024,2,February,Friday,1
2450,2,106,2024-09-22,2,97.25,0.0,194.5,0.0,194.5,2024,9,September,Sunday,3
2451,6,95,2024-01-05,4,244.81,0.0,979.24,0.0,979.24,2024,1,January,Friday,1
2452,6,58,2024-03-16,1,216.14,0.0,216.14,0.0,216.14,2024,3,March,Saturday,1
2453,5,44,2024-09-26,1,260.43,0.05,260.43,0.13021500000000003,260.299785,2024,9,September,Thursday,3
2454,5,111,2024-07-05,12,43.1,0.15,517.2,0.7757999999999999,516.4242,2024,7,July,Friday,3
2455,4,99,2024-11-10,4,207.07,0.15,828.28,1.2424199999999999,827.0375799999999,2024,11,November,Sunday,4
2456,4,101,2024-04-09,4,131.65,0.0,526.6,0.0,526.6,2024,4,April,Tuesday,2
2457,5,25,2024-04-29,3,179.28,0.0,537.84,0.0,537.84,2024,4,April,Monday,2
2458,5,61,2024-11-10,3,24.26,0.1,72.78,0.07278000000000001,72.70722,2024,11,November,Sunday,4
2459,2,106,2024-02-05,3,97.25,0.25,291.75,0.729375,291.020625,2024,2,February,Monday,1
2460,10,170,2024-11-28,6,8.38,0.0,50.28,0.0,50.28,2024,11,November,Thursday,4
2461,9,62,2024-07-02,11,11.77,0.1,129.47,0.12947,129.34053,2024,7,July,Tuesday,3
2462,8,152,2024-04-08,6,77.49,0.05,464.93999999999994,0.23247,464.70752999999996,2024,4,April,Monday,2
2463,3,46,2024-05-26,2,46.4,0.0,92.8,0.0,92.8,2024,5,May,Sunday,2
2464,2,143,2024-06-30,8,233.86,0.25,1870.88,4.6772,1866.2028,2024,6,June,Sunday,2
2465,3,138,2024-12-09,12,98.66,0.1,1183.92,1.18392,1182.7360800000001,2024,12,December,Monday,4
2466,5,104,2024-04-09,1,246.47,0.15,246.47,0.369705,246.100295,2024,4,April,Tuesday,2
2467,8,155,2024-08-26,1,165.6,0.0,165.6,0.0,165.6,2024,8,August,Monday,3
2468,8,89,2024-07-24,2,16.36,0.0,32.72,0.0,32.72,2024,7,July,Wednesday,3
2469,10,69,2024-07-01,1,68.64,0.0,68.64,0.0,68.64,2024,7,July,Monday,3
2470,6,125,2024-10-16,2,151.37,0.0,302.74,0.0,302.74,2024,10,October,Wednesday,4
2472,9,7,2024-12-05,12,12.29,0.0,147.48,0.0,147.48,2024,12,December,Thursday,4
2473,4,82,2024-10-27,6,111.57,0.0,669.42,0.0,669.42,2024,10,October,Sunday,4
2474,4,55,2024-12-20,10,120.86,0.0,1208.6,0.0,1208.6,2024,12,December,Friday,4
2475,2,100,2024-12-27,1,120.25,0.15,120.25,0.18037499999999998,120.069625,2024,12,December,Friday,4
2476,1,88,2024-11-20,4,106.78,0.05,427.12,0.21356000000000003,426.90644000000003,2024,11,November,Wednesday,4
2477,4,156,2024-08-10,8,173.78,0.1,1390.24,1.39024,1388.84976,2024,8,August,Saturday,3
2478,5,133,2024-11-28,10,107.43,0.0,1074.3000000000002,0.0,1074.3000000000002,2024,11,November,Thursday,4
2479,4,116,2024-06-23,8,182.63,0.05,1461.04,0.7305200000000001,1460.30948,2024,6,June,Sunday,2
2480,2,12,2024-02-08,11,105.87,0.15,1164.5700000000002,1.7468550000000003,1162.823145,2024,2,February,Thursday,1
2481,8,45,2024-12-22,8,29.94,0.0,239.52,0.0,239.52,2024,12,December,Sunday,4
2482,7,160,2024-04-06,3,215.87,0.05,647.61,0.32380500000000006,647.286195,2024,4,April,Saturday,2
2484,3,9,2024-10-25,10,100.29,0.0,1002.9000000000001,0.0,1002.9000000000001,2024,10,October,Friday,4
2485,7,30,2024-11-24,8,212.07,0.0,1696.56,0.0,1696.56,2024,11,November,Sunday,4
2486,10,48,2024-11-07,12,43.06,0.0,516.72,0.0,516.72,2024,11,November,Thursday,4
2487,10,121,2024-02-28,3,164.69,0.25,494.07,1.235175,492.83482499999997,2024,2,February,Wednesday,1
2488,5,127,2024-08-14,7,51.12,0.25,357.84,0.8946,356.94539999999995,2024,8,August,Wednesday,3
2489,2,40,2024-08-17,10,21.17,0.0,211.70000000000002,0.0,211.70000000000002,2024,8,August,Saturday,3
2490,5,163,2024-07-13,9,102.16,0.05,919.4399999999999,0.45972,918.98028,2024,7,July,Saturday,3
2491,1,101,2024-09-16,7,131.65,0.15,921.5500000000001,1.3823250000000002,920.167675,2024,9,September,Monday,3
2492,6,20,2024-12-02,8,150.34,0.1,1202.72,1.20272,1201.51728,2024,12,December,Monday,4
2493,9,102,2024-11-25,3,25.17,0.0,75.51,0.0,75.51,2024,11,November,Monday,4
2494,8,89,2024-05-28,3,16.36,0.0,49.08,0.0,49.08,2024,5,May,Tuesday,2
2495,3,154,2024-08-25,9,104.34,0.1,939.0600000000001,0.93906,938.12094,2024,8,August,Sunday,3
2496,8,146,2024-01-07,4,127.32,0.05,509.28,0.25464,509.02536,2024,1,January,Sunday,1
2497,3,100,2024-07-09,11,120.25,0.05,1322.75,0.661375,1322.088625,2024,7,July,Tuesday,3
2498,8,161,2024-12-26,1,203.07,0.0,203.07,0.0,203.07,2024,12,December,Thursday,4
2499,8,92,2024-12-14,9,96.38,0.0,867.42,0.0,867.42,2024,12,December,Saturday,4
2500,8,125,2024-10-09,7,151.37,0.15,1059.5900000000001,1.589385,1058.0006150000002,2024,10,October,Wednesday,4
2501,10,70,2024-05-05,6,149.07,0.05,894.42,0.44721000000000005,893.9727899999999,2024,5,May,Sunday,2
2502,4,8,2024-07-30,9,98.81,0.0,889.29,0.0,889.29,2024,7,July,Tuesday,3
2503,7,102,2024-11-02,7,25.17,0.0,176.19,0.0,176.19,2024,11,November,Saturday,4
2504,2,160,2024-03-12,5,215.87,0.0,1079.35,0.0,1079.35,2024,3,March,Tuesday,1
2505,4,92,2024-11-28,10,96.38,0.15,963.8,1.4457,962.3543,2024,11,November,Thursday,4
2506,2,121,2024-07-01,5,164.69,0.0,823.45,0.0,823.45,2024,7,July,Monday,3
2507,1,68,2024-08-19,2,17.26,0.15,34.52,0.05178,34.46822,2024,8,August,Monday,3
2508,8,127,2024-02-27,6,51.12,0.15,306.71999999999997,0.46007999999999993,306.25991999999997,2024,2,February,Tuesday,1
2509,8,35,2024-01-28,11,8.64,0.0,95.04,0.0,95.04,2024,1,January,Sunday,1
2510,9,66,2024-12-21,7,254.58,0.0,1782.0600000000002,0.0,1782.0600000000002,2024,12,December,Saturday,4
2511,9,148,2024-06-13,7,126.73,0.25,887.11,2.217775,884.892225,2024,6,June,Thursday,2
2512,10,55,2024-04-16,9,120.86,0.0,1087.74,0.0,1087.74,2024,4,April,Tuesday,2
2513,10,84,2024-12-12,3,219.55,0.0,658.6500000000001,0.0,658.6500000000001,2024,12,December,Thursday,4
2514,3,115,2024-01-19,4,212.31,0.25,849.24,2.1231,847.1169,2024,1,January,Friday,1
2515,8,59,2024-01-31,11,30.25,0.25,332.75,0.831875,331.918125,2024,1,January,Wednesday,1
2516,10,46,2024-06-21,4,46.4,0.05,185.6,0.0928,185.50719999999998,2024,6,June,Friday,2
2517,10,104,2024-06-14,7,246.47,0.0,1725.29,0.0,1725.29,2024,6,June,Friday,2
2518,4,78,2024-06-06,9,125.42,0.0,1128.78,0.0,1128.78,2024,6,June,Thursday,2
2519,6,131,2024-08-11,1,141.63,0.15,141.63,0.212445,141.417555,2024,8,August,Sunday,3
2520,9,157,2024-08-23,6,147.67,0.1,886.02,0.88602,885.13398,2024,8,August,Friday,3
2521,5,91,2024-04-27,7,146.33,0.1,1024.3100000000002,1.0243100000000003,1023.2856900000002,2024,4,April,Saturday,2
2522,2,9,2024-11-24,5,100.29,0.1,501.45000000000005,0.5014500000000001,500.94855000000007,2024,11,November,Sunday,4
2523,1,37,2024-08-31,7,19.91,0.0,139.37,0.0,139.37,2024,8,August,Saturday,3
2524,9,25,2024-05-21,10,179.28,0.0,1792.8,0.0,1792.8,2024,5,May,Tuesday,2
2525,6,85,2024-12-12,2,88.45,0.05,176.9,0.08845,176.81155,2024,12,December,Thursday,4
2526,9,98,2024-05-26,2,93.24,0.1,186.48,0.18648,186.29352,2024,5,May,Sunday,2
2527,2,154,2024-11-10,11,104.34,0.05,1147.74,0.57387,1147.16613,2024,11,November,Sunday,4
2528,3,148,2024-08-08,5,126.73,0.0,633.65,0.0,633.65,2024,8,August,Thursday,3
2529,5,67,2024-01-05,11,107.18,0.25,1178.98,2.94745,1176.0325500000001,2024,1,January,Friday,1
2530,1,115,2024-06-02,7,212.31,0.15,1486.17,2.229255,1483.940745,2024,6,June,Sunday,2
2531,7,132,2024-11-26,12,133.08,0.1,1596.96,1.5969600000000002,1595.36304,2024,11,November,Tuesday,4
2532,10,131,2024-08-20,12,141.63,0.0,1699.56,0.0,1699.56,2024,8,August,Tuesday,3
2533,6,71,2024-02-28,4,11.55,0.05,46.2,0.0231,46.1769,2024,2,February,Wednesday,1
2534,3,169,2024-01-24,3,48.02,0.0,144.06,0.0,144.06,2024,1,January,Wednesday,1
2535,7,116,2024-07-31,8,182.63,0.25,1461.04,3.6526,1457.3874,2024,7,July,Wednesday,3
2536,7,105,2024-05-26,11,136.88,0.05,1505.6799999999998,0.75284,1504.9271599999997,2024,5,May,Sunday,2
2537,8,26,2024-12-03,9,163.65,0.15,1472.8500000000001,2.209275,1470.6407250000002,2024,12,December,Tuesday,4
2538,7,22,2024-03-10,9,28.7,0.1,258.3,0.25830000000000003,258.0417,2024,3,March,Sunday,1
2539,10,28,2024-11-03,1,143.98,0.05,143.98,0.07199,143.90801,2024,11,November,Sunday,4
2540,3,85,2024-04-13,6,88.45,0.25,530.7,1.32675,529.3732500000001,2024,4,April,Saturday,2
2541,4,143,2024-05-21,2,233.86,0.0,467.72,0.0,467.72,2024,5,May,Tuesday,2
2542,1,35,2024-03-08,2,8.64,0.0,17.28,0.0,17.28,2024,3,March,Friday,1
2543,1,90,2024-07-13,3,98.0,0.15,294.0,0.441,293.559,2024,7,July,Saturday,3
2544,4,20,2024-08-31,12,150.34,0.0,1804.08,0.0,1804.08,2024,8,August,Saturday,3
2545,7,87,2024-02-02,3,211.16,0.25,633.48,1.5837,631.8963,2024,2,February,Friday,1
2546,5,59,2024-10-11,5,30.25,0.15,151.25,0.226875,151.023125,2024,10,October,Friday,4
2547,9,69,2024-04-07,5,68.64,0.15,343.2,0.5147999999999999,342.6852,2024,4,April,Sunday,2
2548,3,3,2024-03-19,10,91.88,0.0,918.8,0.0,918.8,2024,3,March,Tuesday,1
2549,6,131,2024-09-15,11,141.63,0.0,1557.9299999999998,0.0,1557.9299999999998,2024,9,September,Sunday,3
2550,6,29,2024-04-22,1,128.85,0.0,128.85,0.0,128.85,2024,4,April,Monday,2
2551,1,66,2024-01-20,12,254.58,0.25,3054.96,7.6374,3047.3226,2024,1,January,Saturday,1
2552,2,14,2024-05-04,4,13.97,0.25,55.88,0.13970000000000002,55.740300000000005,2024,5,May,Saturday,2
2553,3,43,2024-06-13,11,88.26,0.0,970.86,0.0,970.86,2024,6,June,Thursday,2
2554,5,135,2024-01-31,3,198.75,0.25,596.25,1.490625,594.759375,2024,1,January,Wednesday,1
2555,4,10,2024-04-01,6,136.82,0.15,820.92,1.23138,819.68862,2024,4,April,Monday,2
2556,8,166,2024-03-30,3,44.53,0.25,133.59,0.333975,133.256025,2024,3,March,Saturday,1
2557,8,57,2024-02-12,4,75.29,0.0,301.16,0.0,301.16,2024,2,February,Monday,1
2559,2,163,2024-09-17,5,102.16,0.05,510.79999999999995,0.2554,510.54459999999995,2024,9,September,Tuesday,3
2560,6,133,2024-09-09,11,107.43,0.25,1181.73,2.954325,1178.775675,2024,9,September,Monday,3
2561,7,69,2024-07-05,1,68.64,0.05,68.64,0.03432,68.60568,2024,7,July,Friday,3
2562,8,123,2024-03-11,3,108.4,0.15,325.20000000000005,0.48780000000000007,324.71220000000005,2024,3,March,Monday,1
2563,10,31,2024-08-17,10,110.33,0.15,1103.3,1.6549499999999997,1101.6450499999999,2024,8,August,Saturday,3
2564,4,93,2024-08-05,8,187.19,0.1,1497.52,1.4975200000000002,1496.02248,2024,8,August,Monday,3
2565,6,153,2024-08-10,5,149.65,0.05,748.25,0.37412500000000004,747.875875,2024,8,August,Saturday,3
2566,8,164,2024-03-27,3,78.92,0.25,236.76,0.5919,236.16809999999998,2024,3,March,Wednesday,1
2567,7,18,2024-09-21,9,204.77,0.15,1842.93,2.764395,1840.1656050000001,2024,9,September,Saturday,3
2568,8,134,2024-03-08,7,141.92,0.0,993.4399999999999,0.0,993.4399999999999,2024,3,March,Friday,1
2569,1,61,2024-07-10,9,24.26,0.05,218.34,0.10917000000000002,218.23083,2024,7,July,Wednesday,3
2570,2,47,2024-07-30,6,118.87,0.0,713.22,0.0,713.22,2024,7,July,Tuesday,3
2571,3,142,2024-08-25,7,36.7,0.0,256.90000000000003,0.0,256.90000000000003,2024,8,August,Sunday,3
2572,7,21,2024-01-19,1,89.09,0.25,89.09,0.222725,88.867275,2024,1,January,Friday,1
2573,5,109,2024-05-23,11,204.21,0.05,2246.31,1.123155,2245.1868449999997,2024,5,May,Thursday,2
2574,2,95,2024-02-14,7,244.81,0.1,1713.67,1.7136700000000002,1711.95633,2024,2,February,Wednesday,1
2575,1,142,2024-09-02,4,36.7,0.05,146.8,0.0734,146.72660000000002,2024,9,September,Monday,3
2576,2,64,2024-08-07,3,54.54,0.25,163.62,0.40905,163.21095,2024,8,August,Wednesday,3
2577,6,120,2024-01-07,11,234.32,0.0,2577.52,0.0,2577.52,2024,1,January,Sunday,1
2578,4,155,2024-07-31,7,165.6,0.25,1159.2,2.898,1156.3020000000001,2024,7,July,Wednesday,3
2579,8,128,2024-05-16,2,177.81,0.0,355.62,0.0,355.62,2024,5,May,Thursday,2
2580,2,147,2024-01-15,6,159.14,0.15,954.8399999999999,1.4322599999999996,953.4077399999999,2024,1,January,Monday,1
2581,1,72,2024-04-21,2,94.95,0.25,189.9,0.47475,189.42525,2024,4,April,Sunday,2
2582,8,63,2024-01-15,6,110.07,0.0,660.42,0.0,660.42,2024,1,January,Monday,1
2583,7,5,2024-08-01,4,152.79,0.1,611.16,0.61116,610.5488399999999,2024,8,August,Thursday,3
2584,1,90,2024-12-28,12,98.0,0.0,1176.0,0.0,1176.0,2024,12,December,Saturday,4
2585,10,39,2024-08-12,9,112.9,0.05,1016.1,0.5080500000000001,1015.59195,2024,8,August,Monday,3
2586,4,117,2024-03-29,3,144.39,0.05,433.16999999999996,0.216585,432.95341499999995,2024,3,March,Friday,1
2587,9,124,2024-10-05,11,19.68,0.0,216.48,0.0,216.48,2024,10,October,Saturday,4
2588,10,63,2024-02-08,1,110.07,0.25,110.07,0.275175,109.79482499999999,2024,2,February,Thursday,1
2589,2,82,2024-12-10,7,111.57,0.25,780.99,1.952475,779.037525,2024,12,December,Tuesday,4
2590,5,71,2024-08-18,4,11.55,0.25,46.2,0.1155,46.084500000000006,2024,8,August,Sunday,3
2591,2,78,2024-04-02,8,125.42,0.15,1003.36,1.50504,1001.85496,2024,4,April,Tuesday,2
2592,1,65,2024-03-26,4,65.09,0.25,260.36,0.6509,259.70910000000003,2024,3,March,Tuesday,1
2593,7,25,2024-11-03,8,179.28,0.15,1434.24,2.15136,1432.08864,2024,11,November,Sunday,4
2594,3,97,2024-11-24,7,51.84,0.1,362.88,0.36288000000000004,362.51712,2024,11,November,Sunday,4
2595,3,113,2024-08-29,4,114.72,0.15,458.88,0.6883199999999999,458.19168,2024,8,August,Thursday,3
2596,8,27,2024-01-01,4,83.28,0.0,333.12,0.0,333.12,2024,1,January,Monday,1
2597,4,27,2024-09-06,7,83.28,0.0,582.96,0.0,582.96,2024,9,September,Friday,3
2598,10,72,2024-12-08,8,94.95,0.25,759.6,1.899,757.701,2024,12,December,Sunday,4
2599,5,127,2024-05-17,1,51.12,0.0,51.12,0.0,51.12,2024,5,May,Friday,2
2600,3,26,2024-11-21,8,163.65,0.1,1309.2,1.3092000000000001,1307.8908000000001,2024,11,November,Thursday,4
2601,7,141,2024-10-12,6,45.08,0.0,270.48,0.0,270.48,2024,10,October,Saturday,4
2602,2,46,2024-05-29,10,46.4,0.0,464.0,0.0,464.0,2024,5,May,Wednesday,2
2603,7,90,2024-09-12,12,98.0,0.0,1176.0,0.0,1176.0,2024,9,September,Thursday,3
2604,2,167,2024-11-22,11,20.08,0.25,220.88,0.5522,220.3278,2024,11,November,Friday,4
2605,8,1,2024-11-02,4,38.35,0.1,153.4,0.1534,153.2466,2024,11,November,Saturday,4
2606,3,54,2024-07-17,3,241.98,0.0,725.9399999999999,0.0,725.9399999999999,2024,7,July,Wednesday,3
2607,3,76,2024-05-08,6,150.97,0.0,905.8199999999999,0.0,905.8199999999999,2024,5,May,Wednesday,2
2608,1,141,2024-10-21,3,45.08,0.0,135.24,0.0,135.24,2024,10,October,Monday,4
2609,10,40,2024-12-20,7,21.17,0.0,148.19,0.0,148.19,2024,12,December,Friday,4
2610,8,137,2024-06-23,1,165.65,0.0,165.65,0.0,165.65,2024,6,June,Sunday,2
2611,6,67,2024-11-05,6,107.18,0.0,643.08,0.0,643.08,2024,11,November,Tuesday,4
2612,6,32,2024-05-20,11,195.25,0.1,2147.75,2.1477500000000003,2145.60225,2024,5,May,Monday,2
2614,4,141,2024-07-29,10,45.08,0.25,450.79999999999995,1.1269999999999998,449.67299999999994,2024,7,July,Monday,3
2615,10,52,2024-01-09,6,158.1,0.1,948.5999999999999,0.9486,947.6513999999999,2024,1,January,Tuesday,1
2616,4,36,2024-12-09,12,31.45,0.1,377.4,0.3774,377.02259999999995,2024,12,December,Monday,4
2617,8,83,2024-03-31,1,48.4,0.0,48.4,0.0,48.4,2024,3,March,Sunday,1
2618,4,4,2024-05-22,7,167.47,0.0,1172.29,0.0,1172.29,2024,5,May,Wednesday,2
2619,7,31,2024-12-08,8,110.33,0.0,882.64,0.0,882.64,2024,12,December,Sunday,4
2620,8,110,2024-12-03,11,240.3,0.0,2643.3,0.0,2643.3,2024,12,December,Tuesday,4
2621,5,124,2024-12-13,6,19.68,0.05,118.08,0.05904,118.02096,2024,12,December,Friday,4
2622,1,49,2024-07-02,4,89.67,0.15,358.68,0.5380199999999999,358.14198,2024,7,July,Tuesday,3
2623,9,14,2024-07-23,12,13.97,0.0,167.64000000000001,0.0,167.64000000000001,2024,7,July,Tuesday,3
2624,1,3,2024-11-15,2,91.88,0.25,183.76,0.4594,183.3006,2024,11,November,Friday,4
2625,2,103,2024-12-19,7,143.37,0.15,1003.59,1.505385,1002.084615,2024,12,December,Thursday,4
2626,7,68,2024-06-16,11,17.26,0.0,189.86,0.0,189.86,2024,6,June,Sunday,2
2627,7,103,2024-02-29,12,143.37,0.0,1720.44,0.0,1720.44,2024,2,February,Thursday,1
2628,6,73,2024-02-02,2,242.79,0.1,485.58,0.48558,485.09441999999996,2024,2,February,Friday,1
2629,5,31,2024-12-24,2,110.33,0.05,220.66,0.11033000000000001,220.54967,2024,12,December,Tuesday,4
2630,5,4,2024-06-09,2,167.47,0.0,334.94,0.0,334.94,2024,6,June,Sunday,2
2631,10,157,2024-01-26,5,147.67,0.0,738.3499999999999,0.0,738.3499999999999,2024,1,January,Friday,1
2632,5,81,2024-10-22,10,39.73,0.05,397.29999999999995,0.19865,397.10134999999997,2024,10,October,Tuesday,4
2633,10,143,2024-08-11,5,233.86,0.25,1169.3000000000002,2.9232500000000003,1166.3767500000001,2024,8,August,Sunday,3
2634,9,30,2024-08-14,5,212.07,0.25,1060.35,2.6508749999999996,1057.6991249999999,2024,8,August,Wednesday,3
2635,9,143,2024-05-11,2,233.86,0.0,467.72,0.0,467.72,2024,5,May,Saturday,2
2636,1,161,2024-02-19,10,203.07,0.1,2030.6999999999998,2.0307,2028.6692999999998,2024,2,February,Monday,1
2637,6,88,2024-10-05,4,106.78,0.25,427.12,1.0678,426.0522,2024,10,October,Saturday,4
2638,3,118,2024-12-01,12,153.88,0.25,1846.56,4.6164,1841.9435999999998,2024,12,December,Sunday,4
2639,6,15,2024-11-11,10,149.2,0.05,1492.0,0.7460000000000001,1491.254,2024,11,November,Monday,4
2641,9,119,2024-12-16,5,38.1,0.0,190.5,0.0,190.5,2024,12,December,Monday,4
2642,6,121,2024-09-28,10,164.69,0.25,1646.9,4.11725,1642.78275,2024,9,September,Saturday,3
2644,7,21,2024-03-06,6,89.09,0.0,534.54,0.0,534.54,2024,3,March,Wednesday,1
2645,1,55,2024-05-13,1,120.86,0.25,120.86,0.30215,120.55785,2024,5,May,Monday,2
2646,10,93,2024-12-01,7,187.19,0.0,1310.33,0.0,1310.33,2024,12,December,Sunday,4
2647,5,23,2024-07-19,9,135.4,0.05,1218.6000000000001,0.6093000000000001,1217.9907,2024,7,July,Friday,3
2648,5,9,2024-05-02,11,100.29,0.0,1103.19,0.0,1103.19,2024,5,May,Thursday,2
2649,8,47,2024-11-01,8,118.87,0.0,950.96,0.0,950.96,2024,11,November,Friday,4
2650,5,21,2024-08-23,9,89.09,0.05,801.8100000000001,0.40090500000000007,801.4090950000001,2024,8,August,Friday,3
2651,2,21,2024-11-14,8,89.09,0.05,712.72,0.35636,712.36364,2024,11,November,Thursday,4
2652,8,19,2024-10-23,12,61.27,0.0,735.24,0.0,735.24,2024,10,October,Wednesday,4
2653,6,93,2024-11-24,2,187.19,0.0,374.38,0.0,374.38,2024,11,November,Sunday,4
2654,7,81,2024-11-19,7,39.73,0.0,278.10999999999996,0.0,278.10999999999996,2024,11,November,Tuesday,4
2655,4,153,2024-03-03,5,149.65,0.25,748.25,1.870625,746.379375,2024,3,March,Sunday,1
2656,8,72,2024-11-09,12,94.95,0.25,1139.4,2.8485,1136.5515,2024,11,November,Saturday,4
2657,9,169,2024-04-25,8,48.02,0.15,384.16,0.57624,383.58376000000004,2024,4,April,Thursday,2
2658,5,77,2024-02-26,12,68.92,0.25,827.04,2.0676,824.9724,2024,2,February,Monday,1
2659,9,89,2024-11-10,10,16.36,0.15,163.6,0.24539999999999998,163.3546,2024,11,November,Sunday,4
2660,8,56,2024-08-19,12,91.09,0.15,1093.08,1.6396199999999999,1091.44038,2024,8,August,Monday,3
2661,1,69,2024-05-30,8,68.64,0.1,549.12,0.54912,548.57088,2024,5,May,Thursday,2
2662,1,98,2024-05-16,11,93.24,0.15,1025.6399999999999,1.5384599999999997,1024.1015399999999,2024,5,May,Thursday,2
2663,7,64,2024-10-20,1,54.54,0.15,54.54,0.08181,54.45819,2024,10,October,Sunday,4
2664,7,102,2024-04-16,7,25.17,0.15,176.19,0.264285,175.925715,2024,4,April,Tuesday,2
2665,6,9,2024-01-18,5,100.29,0.05,501.45000000000005,0.25072500000000003,501.19927500000006,2024,1,January,Thursday,1
2666,7,22,2024-03-13,1,28.7,0.05,28.7,0.01435,28.68565,2024,3,March,Wednesday,1
2667,10,100,2024-09-13,12,120.25,0.1,1443.0,1.443,1441.557,2024,9,September,Friday,3
2668,9,89,2024-12-10,3,16.36,0.25,49.08,0.12269999999999999,48.9573,2024,12,December,Tuesday,4
2669,1,114,2024-07-12,10,137.91,0.1,1379.1,1.3791,1377.7208999999998,2024,7,July,Friday,3
2670,4,107,2024-03-23,1,9.07,0.0,9.07,0.0,9.07,2024,3,March,Saturday,1
2671,7,146,2024-03-25,12,127.32,0.15,1527.84,2.29176,1525.5482399999999,2024,3,March,Monday,1
2672,5,138,2024-05-21,6,98.66,0.0,591.96,0.0,591.96,2024,5,May,Tuesday,2
2673,2,143,2024-10-17,8,233.86,0.0,1870.88,0.0,1870.88,2024,10,October,Thursday,4
2674,1,3,2024-12-08,12,91.88,0.25,1102.56,2.7563999999999997,1099.8036,2024,12,December,Sunday,4
2675,2,8,2024-04-15,2,98.81,0.05,197.62,0.09881000000000001,197.52119000000002,2024,4,April,Monday,2
2676,6,119,2024-04-27,9,38.1,0.0,342.90000000000003,0.0,342.90000000000003,2024,4,April,Saturday,2
2677,2,111,2024-11-16,7,43.1,0.25,301.7,0.75425,300.94575,2024,11,November,Saturday,4
2678,8,98,2024-11-13,11,93.24,0.15,1025.6399999999999,1.5384599999999997,1024.1015399999999,2024,11,November,Wednesday,4
2679,1,103,2024-03-24,8,143.37,0.05,1146.96,0.5734800000000001,1146.38652,2024,3,March,Sunday,1
2680,4,127,2024-09-02,8,51.12,0.0,408.96,0.0,408.96,2024,9,September,Monday,3
2681,5,68,2024-10-30,9,17.26,0.1,155.34,0.15534,155.18466,2024,10,October,Wednesday,4
2682,3,106,2024-04-29,1,97.25,0.15,97.25,0.14587499999999998,97.104125,2024,4,April,Monday,2
2683,5,22,2024-05-23,9,28.7,0.15,258.3,0.38744999999999996,257.91255,2024,5,May,Thursday,2
2684,8,30,2024-10-18,5,212.07,0.0,1060.35,0.0,1060.35,2024,10,October,Friday,4
2685,10,50,2024-11-14,11,168.2,0.0,1850.1999999999998,0.0,1850.1999999999998,2024,11,November,Thursday,4
2686,3,118,2024-02-25,5,153.88,0.15,769.4,1.1541,768.2459,2024,2,February,Sunday,1
2687,10,15,2024-09-08,11,149.2,0.15,1641.1999999999998,2.4617999999999993,1638.7381999999998,2024,9,September,Sunday,3
2688,1,69,2024-08-02,6,68.64,0.15,411.84000000000003,0.6177600000000001,411.22224000000006,2024,8,August,Friday,3
2689,2,149,2024-01-20,4,212.9,0.1,851.6,0.8516000000000001,850.7484000000001,2024,1,January,Saturday,1
2690,7,98,2024-11-12,5,93.24,0.25,466.2,1.1655,465.0345,2024,11,November,Tuesday,4
2691,7,123,2024-12-07,6,108.4,0.0,650.4000000000001,0.0,650.4000000000001,2024,12,December,Saturday,4
2692,5,75,2024-05-24,4,29.49,0.1,117.96,0.11796,117.84204,2024,5,May,Friday,2
2693,6,137,2024-05-24,7,165.65,0.15,1159.55,1.7393249999999998,1157.810675,2024,5,May,Friday,2
2694,10,8,2024-05-14,6,98.81,0.05,592.86,0.29643,592.56357,2024,5,May,Tuesday,2
2695,9,2,2024-10-14,1,81.57,0.0,81.57,0.0,81.57,2024,10,October,Monday,4
2696,8,131,2024-04-03,2,141.63,0.1,283.26,0.28326,282.97674,2024,4,April,Wednesday,2
2697,1,96,2024-10-19,5,169.6,0.0,848.0,0.0,848.0,2024,10,October,Saturday,4
2698,6,46,2024-11-12,7,46.4,0.25,324.8,0.812,323.988,2024,11,November,Tuesday,4
2699,6,122,2024-04-02,12,28.93,0.15,347.15999999999997,0.5207399999999999,346.63926,2024,4,April,Tuesday,2
2700,2,127,2024-10-09,2,51.12,0.0,102.24,0.0,102.24,2024,10,October,Wednesday,4
2702,10,56,2024-12-21,3,91.09,0.0,273.27,0.0,273.27,2024,12,December,Saturday,4
2703,9,95,2024-08-12,6,244.81,0.15,1468.8600000000001,2.20329,1466.6567100000002,2024,8,August,Monday,3
2704,3,164,2024-05-23,2,78.92,0.0,157.84,0.0,157.84,2024,5,May,Thursday,2
2705,5,146,2024-08-17,1,127.32,0.0,127.32,0.0,127.32,2024,8,August,Saturday,3
2706,6,93,2024-09-11,12,187.19,0.15,2246.2799999999997,3.3694199999999994,2242.9105799999998,2024,9,September,Wednesday,3
2707,10,33,2024-11-24,4,162.49,0.1,649.96,0.6499600000000001,649.3100400000001,2024,11,November,Sunday,4
2708,4,28,2024-01-28,3,143.98,0.0,431.93999999999994,0.0,431.93999999999994,2024,1,January,Sunday,1
2709,7,61,2024-11-04,9,24.26,0.0,218.34,0.0,218.34,2024,11,November,Monday,4
2710,2,96,2024-02-14,9,169.6,0.1,1526.3999999999999,1.5263999999999998,1524.8736,2024,2,February,Wednesday,1
2711,10,153,2024-05-14,11,149.65,0.05,1646.15,0.823075,1645.326925,2024,5,May,Tuesday,2
2712,6,76,2024-11-24,4,150.97,0.0,603.88,0.0,603.88,2024,11,November,Sunday,4
2713,6,79,2024-02-09,10,156.97,0.0,1569.7,0.0,1569.7,2024,2,February,Friday,1
2714,1,12,2024-06-07,9,105.87,0.0,952.83,0.0,952.83,2024,6,June,Friday,2
2715,5,145,2024-02-22,9,33.88,0.25,304.92,0.7623000000000001,304.15770000000003,2024,2,February,Thursday,1
2716,2,82,2024-12-14,8,111.57,0.25,892.56,2.2314,890.3285999999999,2024,12,December,Saturday,4
2717,10,54,2024-02-09,1,241.98,0.0,241.98,0.0,241.98,2024,2,February,Friday,1
2718,5,88,2024-09-05,10,106.78,0.0,1067.8,0.0,1067.8,2024,9,September,Thursday,3
2719,7,114,2024-03-31,12,137.91,0.1,1654.92,1.6549200000000002,1653.2650800000001,2024,3,March,Sunday,1
2720,4,103,2024-12-14,9,143.37,0.0,1290.33,0.0,1290.33,2024,12,December,Saturday,4
2721,10,135,2024-03-12,12,198.75,0.15,2385.0,3.5775,2381.4225,2024,3,March,Tuesday,1
2722,2,3,2024-08-13,11,91.88,0.0,1010.68,0.0,1010.68,2024,8,August,Tuesday,3
2723,1,15,2024-11-15,1,149.2,0.0,149.2,0.0,149.2,2024,11,November,Friday,4
2724,4,39,2024-05-25,11,112.9,0.1,1241.9,1.2419000000000002,1240.6581,2024,5,May,Saturday,2
2725,2,155,2024-10-13,4,165.6,0.1,662.4,0.6624,661.7375999999999,2024,10,October,Sunday,4
2726,9,87,2024-12-29,4,211.16,0.05,844.64,0.42232,844.21768,2024,12,December,Sunday,4
2727,9,36,2024-03-23,3,31.45,0.0,94.35,0.0,94.35,2024,3,March,Saturday,1
2728,3,90,2024-02-10,9,98.0,0.05,882.0,0.441,881.559,2024,2,February,Saturday,1
2729,7,83,2024-11-03,7,48.4,0.15,338.8,0.5082,338.2918,2024,11,November,Sunday,4
2730,10,44,2024-02-28,12,260.43,0.0,3125.16,0.0,3125.16,2024,2,February,Wednesday,1
2731,10,52,2024-03-03,7,158.1,0.05,1106.7,0.5533500000000001,1106.1466500000001,2024,3,March,Sunday,1
2732,3,68,2024-11-10,7,17.26,0.15,120.82000000000001,0.18123,120.63877000000001,2024,11,November,Sunday,4
2733,3,41,2024-02-12,9,157.72,0.0,1419.48,0.0,1419.48,2024,2,February,Monday,1
2734,5,121,2024-03-30,10,164.69,0.0,1646.9,0.0,1646.9,2024,3,March,Saturday,1
2735,8,102,2024-05-04,10,25.17,0.25,251.70000000000002,0.6292500000000001,251.07075,2024,5,May,Saturday,2
2736,9,129,2024-07-15,12,151.03,0.0,1812.3600000000001,0.0,1812.3600000000001,2024,7,July,Monday,3
2737,5,152,2024-04-09,9,77.49,0.25,697.41,1.743525,695.666475,2024,4,April,Tuesday,2
2738,2,94,2024-12-01,9,179.27,0.15,1613.43,2.4201449999999998,1611.009855,2024,12,December,Sunday,4
2739,8,155,2024-09-20,12,165.6,0.0,1987.1999999999998,0.0,1987.1999999999998,2024,9,September,Friday,3
2740,6,3,2024-11-10,7,91.88,0.05,643.16,0.32158000000000003,642.8384199999999,2024,11,November,Sunday,4
2741,5,60,2024-02-13,2,27.88,0.05,55.76,0.027880000000000002,55.732119999999995,2024,2,February,Tuesday,1
2742,8,25,2024-02-26,10,179.28,0.05,1792.8,0.8964,1791.9035999999999,2024,2,February,Monday,1
2743,9,120,2024-08-24,4,234.32,0.05,937.28,0.46864000000000006,936.8113599999999,2024,8,August,Saturday,3
2744,6,49,2024-08-10,8,89.67,0.0,717.36,0.0,717.36,2024,8,August,Saturday,3
2745,4,157,2024-11-18,12,147.67,0.0,1772.04,0.0,1772.04,2024,11,November,Monday,4
2746,6,42,2024-01-11,8,169.87,0.25,1358.96,3.3974,1355.5626,2024,1,January,Thursday,1
2747,10,75,2024-07-19,8,29.49,0.0,235.92,0.0,235.92,2024,7,July,Friday,3
2748,8,106,2024-05-01,11,97.25,0.0,1069.75,0.0,1069.75,2024,5,May,Wednesday,2
2749,4,86,2024-09-08,7,125.76,0.0,880.32,0.0,880.32,2024,9,September,Sunday,3
2750,8,47,2024-02-24,4,118.87,0.1,475.48,0.47548,475.00452,2024,2,February,Saturday,1
2751,5,116,2024-12-08,12,182.63,0.25,2191.56,5.478899999999999,2186.0811,2024,12,December,Sunday,4
2752,2,101,2024-05-23,6,131.65,0.0,789.9000000000001,0.0,789.9000000000001,2024,5,May,Thursday,2
2753,9,100,2024-11-02,8,120.25,0.1,962.0,0.9620000000000001,961.038,2024,11,November,Saturday,4
2754,8,145,2024-09-12,3,33.88,0.0,101.64000000000001,0.0,101.64000000000001,2024,9,September,Thursday,3
2755,1,53,2024-09-26,1,131.05,0.0,131.05,0.0,131.05,2024,9,September,Thursday,3
2756,10,20,2024-12-17,2,150.34,0.25,300.68,0.7517,299.9283,2024,12,December,Tuesday,4
2757,1,73,2024-11-28,12,242.79,0.0,2913.48,0.0,2913.48,2024,11,November,Thursday,4
2758,7,131,2024-10-14,7,141.63,0.15,991.41,1.487115,989.922885,2024,10,October,Monday,4
2759,9,25,2024-03-16,2,179.28,0.0,358.56,0.0,358.56,2024,3,March,Saturday,1
2760,5,1,2024-03-26,9,38.35,0.0,345.15000000000003,0.0,345.15000000000003,2024,3,March,Tuesday,1
2761,5,127,2024-03-10,4,51.12,0.1,204.48,0.20448,204.27552,2024,3,March,Sunday,1
2762,8,30,2024-12-21,3,212.07,0.0,636.21,0.0,636.21,2024,12,December,Saturday,4
2763,6,23,2024-11-23,3,135.4,0.1,406.20000000000005,0.40620000000000006,405.79380000000003,2024,11,November,Saturday,4
2764,6,3,2024-05-08,12,91.88,0.0,1102.56,0.0,1102.56,2024,5,May,Wednesday,2
2765,8,25,2024-04-14,3,179.28,0.0,537.84,0.0,537.84,2024,4,April,Sunday,2
2766,4,137,2024-05-27,7,165.65,0.1,1159.55,1.15955,1158.3904499999999,2024,5,May,Monday,2
2767,6,113,2024-05-14,4,114.72,0.15,458.88,0.6883199999999999,458.19168,2024,5,May,Tuesday,2
2768,7,73,2024-06-16,3,242.79,0.0,728.37,0.0,728.37,2024,6,June,Sunday,2
2769,1,150,2024-03-02,7,89.35,0.15,625.4499999999999,0.9381749999999998,624.5118249999999,2024,3,March,Saturday,1
2770,8,52,2024-10-30,11,158.1,0.1,1739.1,1.7390999999999999,1737.3609,2024,10,October,Wednesday,4
2771,2,126,2024-01-17,11,28.64,0.25,315.04,0.7876000000000001,314.2524,2024,1,January,Wednesday,1
2772,3,36,2024-07-04,7,31.45,0.0,220.15,0.0,220.15,2024,7,July,Thursday,3
2773,4,78,2024-02-20,8,125.42,0.0,1003.36,0.0,1003.36,2024,2,February,Tuesday,1
2774,8,117,2024-05-20,12,144.39,0.1,1732.6799999999998,1.73268,1730.9473199999998,2024,5,May,Monday,2
2775,7,15,2024-07-07,1,149.2,0.1,149.2,0.1492,149.05079999999998,2024,7,July,Sunday,3
2776,5,26,2024-10-01,10,163.65,0.25,1636.5,4.09125,1632.40875,2024,10,October,Tuesday,4
2777,8,2,2024-09-18,5,81.57,0.0,407.84999999999997,0.0,407.84999999999997,2024,9,September,Wednesday,3
2778,4,25,2024-12-25,12,179.28,0.25,2151.36,5.3784,2145.9816,2024,12,December,Wednesday,4
2779,6,20,2024-04-21,10,150.34,0.0,1503.4,0.0,1503.4,2024,4,April,Sunday,2
2780,8,150,2024-07-26,11,89.35,0.1,982.8499999999999,0.98285,981.8671499999999,2024,7,July,Friday,3
2781,1,151,2024-02-16,2,22.4,0.1,44.8,0.04479999999999999,44.755199999999995,2024,2,February,Friday,1
2782,7,63,2024-06-29,8,110.07,0.0,880.56,0.0,880.56,2024,6,June,Saturday,2
2783,2,132,2024-02-24,11,133.08,0.15,1463.88,2.1958200000000003,1461.6841800000002,2024,2,February,Saturday,1
2784,1,143,2024-09-23,4,233.86,0.05,935.44,0.4677200000000001,934.9722800000001,2024,9,September,Monday,3
2785,8,166,2024-03-12,10,44.53,0.0,445.3,0.0,445.3,2024,3,March,Tuesday,1
2786,9,77,2024-01-24,9,68.92,0.0,620.28,0.0,620.28,2024,1,January,Wednesday,1
2787,10,118,2024-02-28,8,153.88,0.1,1231.04,1.23104,1229.80896,2024,2,February,Wednesday,1
2788,1,1,2024-04-26,7,38.35,0.1,268.45,0.26844999999999997,268.18155,2024,4,April,Friday,2
2789,3,19,2024-02-07,8,61.27,0.0,490.16,0.0,490.16,2024,2,February,Wednesday,1
2790,6,131,2024-08-04,6,141.63,0.15,849.78,1.2746699999999997,848.50533,2024,8,August,Sunday,3
2791,7,168,2024-08-06,4,115.57,0.1,462.28,0.46228,461.81771999999995,2024,8,August,Tuesday,3
2792,9,113,2024-04-25,10,114.72,0.0,1147.2,0.0,1147.2,2024,4,April,Thursday,2
2793,8,52,2024-10-27,1,158.1,0.0,158.1,0.0,158.1,2024,10,October,Sunday,4
2794,7,133,2024-10-04,7,107.43,0.05,752.01,0.37600500000000003,751.633995,2024,10,October,Friday,4
2795,1,121,2024-11-25,9,164.69,0.05,1482.21,0.741105,1481.468895,2024,11,November,Monday,4
2796,7,60,2024-05-18,12,27.88,0.0,334.56,0.0,334.56,2024,5,May,Saturday,2
2797,1,66,2024-09-23,12,254.58,0.0,3054.96,0.0,3054.96,2024,9,September,Monday,3
2798,2,66,2024-10-18,11,254.58,0.25,2800.38,7.0009500000000005,2793.37905,2024,10,October,Friday,4
2799,2,143,2024-06-14,1,233.86,0.05,233.86,0.11693000000000002,233.74307000000002,2024,6,June,Friday,2
2800,4,105,2024-08-07,9,136.88,0.05,1231.92,0.6159600000000001,1231.30404,2024,8,August,Wednesday,3
2801,9,158,2024-05-19,11,81.38,0.0,895.18,0.0,895.18,2024,5,May,Sunday,2
2802,7,154,2024-06-08,4,104.34,0.15,417.36,0.62604,416.73396,2024,6,June,Saturday,2
2803,3,57,2024-11-12,7,75.29,0.05,527.0300000000001,0.26351500000000005,526.7664850000001,2024,11,November,Tuesday,4
2804,5,133,2024-11-07,4,107.43,0.15,429.72,0.6445799999999999,429.07542,2024,11,November,Thursday,4
2805,10,66,2024-02-28,10,254.58,0.1,2545.8,2.5458000000000003,2543.2542000000003,2024,2,February,Wednesday,1
2806,8,45,2024-03-18,6,29.94,0.0,179.64000000000001,0.0,179.64000000000001,2024,3,March,Monday,1
2807,2,147,2024-07-13,9,159.14,0.0,1432.2599999999998,0.0,1432.2599999999998,2024,7,July,Saturday,3
2808,3,45,2024-12-25,11,29.94,0.1,329.34000000000003,0.32934,329.01066000000003,2024,12,December,Wednesday,4
2809,6,92,2024-12-18,2,96.38,0.0,192.76,0.0,192.76,2024,12,December,Wednesday,4
2810,7,169,2024-06-09,7,48.02,0.15,336.14000000000004,0.50421,335.63579000000004,2024,6,June,Sunday,2
2811,3,108,2024-07-27,11,151.96,0.25,1671.5600000000002,4.1789000000000005,1667.3811,2024,7,July,Saturday,3
2812,7,108,2024-09-19,11,151.96,0.05,1671.5600000000002,0.8357800000000002,1670.72422,2024,9,September,Thursday,3
2813,6,56,2024-07-31,6,91.09,0.1,546.54,0.5465399999999999,545.9934599999999,2024,7,July,Wednesday,3
2814,4,95,2024-12-20,9,244.81,0.0,2203.29,0.0,2203.29,2024,12,December,Friday,4
2815,10,111,2024-12-06,9,43.1,0.1,387.90000000000003,0.3879000000000001,387.51210000000003,2024,12,December,Friday,4
2816,10,159,2024-04-06,8,51.69,0.25,413.52,1.0338,412.4862,2024,4,April,Saturday,2
2817,9,155,2024-11-06,2,165.6,0.15,331.2,0.4968,330.7032,2024,11,November,Wednesday,4
2818,4,99,2024-10-29,3,207.07,0.15,621.21,0.931815,620.278185,2024,10,October,Tuesday,4
2819,8,38,2024-07-24,7,27.57,0.05,192.99,0.09649500000000001,192.893505,2024,7,July,Wednesday,3
2820,10,112,2024-08-09,12,58.1,0.0,697.2,0.0,697.2,2024,8,August,Friday,3
2821,9,9,2024-08-06,2,100.29,0.15,200.58,0.30086999999999997,200.27913,2024,8,August,Tuesday,3
2822,6,52,2024-11-27,10,158.1,0.1,1581.0,1.5810000000000002,1579.419,2024,11,November,Wednesday,4
2823,10,146,2024-02-08,3,127.32,0.1,381.96,0.38195999999999997,381.57804,2024,2,February,Thursday,1
2824,2,104,2024-06-22,1,246.47,0.15,246.47,0.369705,246.100295,2024,6,June,Saturday,2
2825,9,84,2024-02-04,6,219.55,0.0,1317.3000000000002,0.0,1317.3000000000002,2024,2,February,Sunday,1
2826,9,40,2024-11-20,11,21.17,0.25,232.87,0.582175,232.287825,2024,11,November,Wednesday,4
2827,4,42,2024-05-09,3,169.87,0.25,509.61,1.274025,508.335975,2024,5,May,Thursday,2
2828,3,1,2024-11-07,5,38.35,0.0,191.75,0.0,191.75,2024,11,November,Thursday,4
2829,5,5,2024-07-21,11,152.79,0.25,1680.6899999999998,4.201725,1676.488275,2024,7,July,Sunday,3
2830,10,161,2024-09-01,5,203.07,0.1,1015.3499999999999,1.01535,1014.3346499999999,2024,9,September,Sunday,3
2831,5,166,2024-12-21,4,44.53,0.0,178.12,0.0,178.12,2024,12,December,Saturday,4
2833,7,93,2024-03-18,2,187.19,0.0,374.38,0.0,374.38,2024,3,March,Monday,1
2834,9,144,2024-06-03,11,72.5,0.25,797.5,1.99375,795.50625,2024,6,June,Monday,2
2835,5,86,2024-06-28,9,125.76,0.25,1131.8400000000001,2.8296000000000006,1129.0104000000001,2024,6,June,Friday,2
2836,10,76,2024-03-14,7,150.97,0.25,1056.79,2.641975,1054.148025,2024,3,March,Thursday,1
2837,7,159,2024-02-12,2,51.69,0.15,103.38,0.15506999999999999,103.22493,2024,2,February,Monday,1
2838,10,125,2024-09-27,9,151.37,0.15,1362.33,2.0434949999999996,1360.286505,2024,9,September,Friday,3
2839,9,78,2024-03-14,9,125.42,0.0,1128.78,0.0,1128.78,2024,3,March,Thursday,1
2840,6,60,2024-10-11,3,27.88,0.25,83.64,0.2091,83.4309,2024,10,October,Friday,4
2841,3,6,2024-05-11,6,18.62,0.0,111.72,0.0,111.72,2024,5,May,Saturday,2
2842,5,144,2024-05-25,4,72.5,0.15,290.0,0.435,289.565,2024,5,May,Saturday,2
2843,3,147,2024-05-25,6,159.14,0.0,954.8399999999999,0.0,954.8399999999999,2024,5,May,Saturday,2
2844,7,163,2024-07-12,5,102.16,0.0,510.79999999999995,0.0,510.79999999999995,2024,7,July,Friday,3
2845,7,135,2024-03-26,11,198.75,0.1,2186.25,2.18625,2184.06375,2024,3,March,Tuesday,1
2846,7,47,2024-07-18,12,118.87,0.25,1426.44,3.5661,1422.8739,2024,7,July,Thursday,3
2847,2,131,2024-06-26,6,141.63,0.1,849.78,0.8497800000000001,848.93022,2024,6,June,Wednesday,2
2848,8,139,2024-04-17,6,81.1,0.1,486.59999999999997,0.4866,486.11339999999996,2024,4,April,Wednesday,2
2849,1,49,2024-11-15,3,89.67,0.15,269.01,0.40351499999999996,268.60648499999996,2024,11,November,Friday,4
2850,10,41,2024-07-28,7,157.72,0.0,1104.04,0.0,1104.04,2024,7,July,Sunday,3
2851,2,140,2024-07-29,7,147.3,0.0,1031.1000000000001,0.0,1031.1000000000001,2024,7,July,Monday,3
2852,1,99,2024-12-28,8,207.07,0.15,1656.56,2.4848399999999997,1654.0751599999999,2024,12,December,Saturday,4
2853,7,97,2024-11-02,8,51.84,0.1,414.72,0.4147200000000001,414.30528000000004,2024,11,November,Saturday,4
2854,7,70,2024-08-01,1,149.07,0.0,149.07,0.0,149.07,2024,8,August,Thursday,3
2855,2,36,2024-11-24,10,31.45,0.15,314.5,0.47174999999999995,314.02825,2024,11,November,Sunday,4
2856,8,77,2024-05-01,12,68.92,0.15,827.04,1.2405599999999999,825.79944,2024,5,May,Wednesday,2
2857,9,148,2024-11-25,9,126.73,0.05,1140.57,0.570285,1139.999715,2024,11,November,Monday,4
2858,2,153,2024-04-26,9,149.65,0.0,1346.8500000000001,0.0,1346.8500000000001,2024,4,April,Friday,2
2859,9,62,2024-11-20,7,11.77,0.15,82.39,0.123585,82.266415,2024,11,November,Wednesday,4
2860,7,155,2024-04-12,12,165.6,0.0,1987.1999999999998,0.0,1987.1999999999998,2024,4,April,Friday,2
2861,2,8,2024-09-13,3,98.81,0.0,296.43,0.0,296.43,2024,9,September,Friday,3
2862,8,33,2024-10-12,2,162.49,0.0,324.98,0.0,324.98,2024,10,October,Saturday,4
2863,4,145,2024-03-20,10,33.88,0.15,338.8,0.5082,338.2918,2024,3,March,Wednesday,1
2864,5,1,2024-12-03,1,38.35,0.25,38.35,0.095875,38.254125,2024,12,December,Tuesday,4
2865,1,34,2024-05-09,7,99.91,0.0,699.37,0.0,699.37,2024,5,May,Thursday,2
2866,2,65,2024-10-15,10,65.09,0.0,650.9000000000001,0.0,650.9000000000001,2024,10,October,Tuesday,4
2867,1,49,2024-12-28,2,89.67,0.0,179.34,0.0,179.34,2024,12,December,Saturday,4
2868,8,167,2024-12-12,12,20.08,0.1,240.95999999999998,0.24096,240.71903999999998,2024,12,December,Thursday,4
2869,7,24,2024-12-26,2,80.42,0.0,160.84,0.0,160.84,2024,12,December,Thursday,4
2870,6,150,2024-08-03,10,89.35,0.05,893.5,0.44675000000000004,893.05325,2024,8,August,Saturday,3
2871,3,138,2024-01-18,8,98.66,0.0,789.28,0.0,789.28,2024,1,January,Thursday,1
2872,3,164,2024-11-13,4,78.92,0.15,315.68,0.47351999999999994,315.20648,2024,11,November,Wednesday,4
2873,6,30,2024-11-26,8,212.07,0.0,1696.56,0.0,1696.56,2024,11,November,Tuesday,4
2874,9,30,2024-04-04,9,212.07,0.05,1908.6299999999999,0.954315,1907.675685,2024,4,April,Thursday,2
2875,2,1,2024-12-06,2,38.35,0.15,76.7,0.11505000000000001,76.58495,2024,12,December,Friday,4
2876,6,38,2024-01-08,3,27.57,0.0,82.71000000000001,0.0,82.71000000000001,2024,1,January,Monday,1
2877,2,8,2024-09-09,11,98.81,0.15,1086.91,1.6303650000000003,1085.279635,2024,9,September,Monday,3
2878,2,160,2024-09-10,9,215.87,0.15,1942.83,2.9142449999999998,1939.915755,2024,9,September,Tuesday,3
2879,6,170,2024-03-31,1,8.38,0.05,8.38,0.00419,8.375810000000001,2024,3,March,Sunday,1
2880,2,153,2024-03-28,3,149.65,0.15,448.95000000000005,0.673425,448.27657500000004,2024,3,March,Thursday,1
2881,4,57,2024-12-28,5,75.29,0.0,376.45000000000005,0.0,376.45000000000005,2024,12,December,Saturday,4
2882,8,3,2024-06-19,3,91.88,0.0,275.64,0.0,275.64,2024,6,June,Wednesday,2
2883,4,127,2024-12-04,10,51.12,0.25,511.2,1.278,509.92199999999997,2024,12,December,Wednesday,4
2884,3,122,2024-09-30,1,28.93,0.25,28.93,0.072325,28.857675,2024,9,September,Monday,3
2885,8,107,2024-10-03,12,9.07,0.05,108.84,0.05442,108.78558000000001,2024,10,October,Thursday,4
2886,4,86,2024-12-23,7,125.76,0.0,880.32,0.0,880.32,2024,12,December,Monday,4
2887,7,68,2024-01-06,11,17.26,0.0,189.86,0.0,189.86,2024,1,January,Saturday,1
2888,6,24,2024-12-18,6,80.42,0.15,482.52,0.72378,481.79622,2024,12,December,Wednesday,4
2889,4,126,2024-05-16,5,28.64,0.0,143.2,0.0,143.2,2024,5,May,Thursday,2
2890,5,52,2024-12-14,7,158.1,0.25,1106.7,2.76675,1103.93325,2024,12,December,Saturday,4
2891,1,51,2024-11-02,5,160.16,0.0,800.8,0.0,800.8,2024,11,November,Saturday,4
2892,9,46,2024-01-05,3,46.4,0.25,139.2,0.348,138.85199999999998,2024,1,January,Friday,1
2893,7,109,2024-04-02,4,204.21,0.0,816.84,0.0,816.84,2024,4,April,Tuesday,2
2894,4,14,2024-08-21,9,13.97,0.0,125.73,0.0,125.73,2024,8,August,Wednesday,3
2895,7,74,2024-12-20,6,77.0,0.25,462.0,1.155,460.845,2024,12,December,Friday,4
2896,9,72,2024-04-18,4,94.95,0.0,379.8,0.0,379.8,2024,4,April,Thursday,2
2897,2,93,2024-10-23,3,187.19,0.0,561.5699999999999,0.0,561.5699999999999,2024,10,October,Wednesday,4
2898,10,62,2024-05-21,10,11.77,0.0,117.69999999999999,0.0,117.69999999999999,2024,5,May,Tuesday,2
2899,3,127,2024-08-01,11,51.12,0.0,562.3199999999999,0.0,562.3199999999999,2024,8,August,Thursday,3
2900,5,31,2024-11-28,6,110.33,0.1,661.98,0.6619800000000001,661.31802,2024,11,November,Thursday,4
2901,9,6,2024-11-03,11,18.62,0.05,204.82000000000002,0.10241000000000001,204.71759000000003,2024,11,November,Sunday,4
2902,4,65,2024-01-05,11,65.09,0.1,715.99,0.71599,715.27401,2024,1,January,Friday,1
2903,1,137,2024-01-21,2,165.65,0.0,331.3,0.0,331.3,2024,1,January,Sunday,1
2904,7,107,2024-12-01,8,9.07,0.0,72.56,0.0,72.56,2024,12,December,Sunday,4
2905,1,100,2024-02-04,7,120.25,0.0,841.75,0.0,841.75,2024,2,February,Sunday,1
2906,4,118,2024-12-08,12,153.88,0.05,1846.56,0.92328,1845.63672,2024,12,December,Sunday,4
2907,3,94,2024-11-03,4,179.27,0.1,717.08,0.7170800000000002,716.36292,2024,11,November,Sunday,4
2908,5,137,2024-05-11,5,165.65,0.15,828.25,1.242375,827.007625,2024,5,May,Saturday,2
2909,7,112,2024-05-12,12,58.1,0.0,697.2,0.0,697.2,2024,5,May,Sunday,2
2910,5,141,2024-04-13,10,45.08,0.05,450.79999999999995,0.2254,450.5746,2024,4,April,Saturday,2
2911,6,69,2024-09-30,9,68.64,0.25,617.76,1.5444,616.2156,2024,9,September,Monday,3
2912,10,149,2024-11-28,12,212.9,0.0,2554.8,0.0,2554.8,2024,11,November,Thursday,4
2913,4,105,2024-02-04,3,136.88,0.25,410.64,1.0266,409.6134,2024,2,February,Sunday,1
2914,4,34,2024-10-14,1,99.91,0.0,99.91,0.0,99.91,2024,10,October,Monday,4
2915,6,7,2024-09-20,12,12.29,0.0,147.48,0.0,147.48,2024,9,September,Friday,3
2916,1,6,2024-11-08,7,18.62,0.25,130.34,0.32585000000000003,130.01415,2024,11,November,Friday,4
2917,7,4,2024-09-16,7,167.47,0.1,1172.29,1.17229,1171.11771,2024,9,September,Monday,3
2918,3,75,2024-08-06,12,29.49,0.0,353.88,0.0,353.88,2024,8,August,Tuesday,3
2919,7,31,2024-02-22,4,110.33,0.1,441.32,0.44132000000000005,440.87868,2024,2,February,Thursday,1
2920,8,146,2024-02-04,6,127.32,0.1,763.92,0.7639199999999999,763.15608,2024,2,February,Sunday,1
2921,10,62,2024-12-03,3,11.77,0.0,35.31,0.0,35.31,2024,12,December,Tuesday,4
2922,3,141,2024-12-26,5,45.08,0.1,225.39999999999998,0.2254,225.17459999999997,2024,12,December,Thursday,4
2923,3,12,2024-10-20,4,105.87,0.05,423.48,0.21174000000000004,423.26826,2024,10,October,Sunday,4
2924,9,107,2024-01-11,2,9.07,0.0,18.14,0.0,18.14,2024,1,January,Thursday,1
2925,5,45,2024-06-26,9,29.94,0.05,269.46000000000004,0.13473000000000002,269.32527000000005,2024,6,June,Wednesday,2
2926,5,152,2024-01-11,10,77.49,0.0,774.9,0.0,774.9,2024,1,January,Thursday,1
2927,7,16,2024-03-06,5,78.24,0.1,391.2,0.39120000000000005,390.80879999999996,2024,3,March,Wednesday,1
2928,7,109,2024-05-28,4,204.21,0.05,816.84,0.40842000000000006,816.43158,2024,5,May,Tuesday,2
2929,3,113,2024-10-27,2,114.72,0.1,229.44,0.22944000000000003,229.21056,2024,10,October,Sunday,4
2930,4,152,2024-03-05,9,77.49,0.0,697.41,0.0,697.41,2024,3,March,Tuesday,1
2931,8,25,2024-01-23,2,179.28,0.0,358.56,0.0,358.56,2024,1,January,Tuesday,1
2932,3,68,2024-10-19,5,17.26,0.0,86.30000000000001,0.0,86.30000000000001,2024,10,October,Saturday,4
2933,2,159,2024-02-26,12,51.69,0.0,620.28,0.0,620.28,2024,2,February,Monday,1
2934,4,26,2024-01-20,1,163.65,0.0,163.65,0.0,163.65,2024,1,January,Saturday,1
2935,9,113,2024-05-04,2,114.72,0.0,229.44,0.0,229.44,2024,5,May,Saturday,2
2936,10,32,2024-06-05,4,195.25,0.0,781.0,0.0,781.0,2024,6,June,Wednesday,2
2937,4,86,2024-12-05,5,125.76,0.05,628.8000000000001,0.31440000000000007,628.4856000000001,2024,12,December,Thursday,4
2938,7,35,2024-05-23,1,8.64,0.0,8.64,0.0,8.64,2024,5,May,Thursday,2
2939,9,14,2024-08-22,5,13.97,0.0,69.85000000000001,0.0,69.85000000000001,2024,8,August,Thursday,3
2940,2,107,2024-09-09,9,9.07,0.25,81.63,0.20407499999999998,81.42592499999999,2024,9,September,Monday,3
2942,3,25,2024-11-03,4,179.28,0.25,717.12,1.7928,715.3272,2024,11,November,Sunday,4
2943,6,1,2024-06-22,8,38.35,0.0,306.8,0.0,306.8,2024,6,June,Saturday,2
2944,9,67,2024-01-11,11,107.18,0.15,1178.98,1.76847,1177.21153,2024,1,January,Thursday,1
2945,5,78,2024-09-24,12,125.42,0.1,1505.04,1.50504,1503.53496,2024,9,September,Tuesday,3
2946,1,29,2024-05-02,12,128.85,0.1,1546.1999999999998,1.5462,1544.6537999999998,2024,5,May,Thursday,2
2947,10,146,2024-06-16,4,127.32,0.0,509.28,0.0,509.28,2024,6,June,Sunday,2
2948,8,146,2024-12-20,10,127.32,0.0,1273.1999999999998,0.0,1273.1999999999998,2024,12,December,Friday,4
2949,9,32,2024-06-27,6,195.25,0.1,1171.5,1.1715,1170.3285,2024,6,June,Thursday,2
2950,2,15,2024-10-13,11,149.2,0.05,1641.1999999999998,0.8206,1640.3793999999998,2024,10,October,Sunday,4
2951,8,37,2024-07-25,5,19.91,0.1,99.55,0.09955,99.45045,2024,7,July,Thursday,3
2952,10,75,2024-05-08,5,29.49,0.15,147.45,0.22117499999999995,147.228825,2024,5,May,Wednesday,2
2953,1,56,2024-09-27,10,91.09,0.0,910.9000000000001,0.0,910.9000000000001,2024,9,September,Friday,3
2954,8,152,2024-02-16,8,77.49,0.05,619.92,0.30996,619.6100399999999,2024,2,February,Friday,1
2955,8,95,2024-12-07,10,244.81,0.0,2448.1,0.0,2448.1,2024,12,December,Saturday,4
2956,10,167,2024-11-17,10,20.08,0.25,200.79999999999998,0.502,200.29799999999997,2024,11,November,Sunday,4
2957,7,61,2024-02-28,10,24.26,0.0,242.60000000000002,0.0,242.60000000000002,2024,2,February,Wednesday,1
2958,2,114,2024-05-20,11,137.91,0.05,1517.01,0.758505,1516.251495,2024,5,May,Monday,2
2959,1,119,2024-11-10,4,38.1,0.0,152.4,0.0,152.4,2024,11,November,Sunday,4
2960,7,69,2024-11-18,11,68.64,0.0,755.04,0.0,755.04,2024,11,November,Monday,4
2961,6,18,2024-04-10,10,204.77,0.15,2047.7,3.07155,2044.6284500000002,2024,4,April,Wednesday,2
2962,9,138,2024-01-16,4,98.66,0.0,394.64,0.0,394.64,2024,1,January,Tuesday,1
2963,1,22,2024-01-10,5,28.7,0.0,143.5,0.0,143.5,2024,1,January,Wednesday,1
2964,6,161,2024-12-14,5,203.07,0.05,1015.3499999999999,0.507675,1014.842325,2024,12,December,Saturday,4
2965,2,71,2024-02-14,1,11.55,0.0,11.55,0.0,11.55,2024,2,February,Wednesday,1
2966,6,70,2024-07-07,8,149.07,0.15,1192.56,1.7888399999999998,1190.77116,2024,7,July,Sunday,3
2967,10,139,2024-02-02,8,81.1,0.25,648.8,1.6219999999999999,647.178,2024,2,February,Friday,1
2968,5,82,2024-08-23,4,111.57,0.05,446.28,0.22314,446.05686,2024,8,August,Friday,3
2969,7,165,2024-12-08,6,56.11,0.0,336.65999999999997,0.0,336.65999999999997,2024,12,December,Sunday,4
2970,10,7,2024-07-07,1,12.29,0.15,12.29,0.018434999999999997,12.271564999999999,2024,7,July,Sunday,3
2971,2,127,2024-03-13,6,51.12,0.0,306.71999999999997,0.0,306.71999999999997,2024,3,March,Wednesday,1
2972,6,42,2024-12-01,5,169.87,0.0,849.35,0.0,849.35,2024,12,December,Sunday,4
2973,10,50,2024-10-30,7,168.2,0.1,1177.3999999999999,1.1774,1176.2225999999998,2024,10,October,Wednesday,4
2974,6,70,2024-10-03,12,149.07,0.1,1788.84,1.7888400000000002,1787.05116,2024,10,October,Thursday,4
2975,2,107,2024-06-07,9,9.07,0.15,81.63,0.12244499999999998,81.507555,2024,6,June,Friday,2
2976,5,6,2024-02-21,11,18.62,0.25,204.82000000000002,0.51205,204.30795000000003,2024,2,February,Wednesday,1
2977,8,73,2024-10-14,5,242.79,0.0,1213.95,0.0,1213.95,2024,10,October,Monday,4
2978,7,76,2024-11-03,7,150.97,0.05,1056.79,0.5283950000000001,1056.261605,2024,11,November,Sunday,4
2979,8,138,2024-04-28,8,98.66,0.25,789.28,1.9731999999999998,787.3068,2024,4,April,Sunday,2
2980,4,46,2024-01-11,3,46.4,0.0,139.2,0.0,139.2,2024,1,January,Thursday,1
2981,7,41,2024-09-08,11,157.72,0.0,1734.92,0.0,1734.92,2024,9,September,Sunday,3
2982,7,53,2024-11-15,3,131.05,0.15,393.15000000000003,0.589725,392.56027500000005,2024,11,November,Friday,4
2983,6,116,2024-11-03,7,182.63,0.15,1278.4099999999999,1.9176149999999998,1276.4923849999998,2024,11,November,Sunday,4
2984,10,134,2024-08-10,1,141.92,0.05,141.92,0.07096,141.84903999999997,2024,8,August,Saturday,3
2985,2,164,2024-10-31,11,78.92,0.05,868.12,0.43406000000000006,867.68594,2024,10,October,Thursday,4
2986,7,91,2024-07-08,6,146.33,0.05,877.98,0.43899,877.54101,2024,7,July,Monday,3
2987,5,142,2024-12-02,2,36.7,0.0,73.4,0.0,73.4,2024,12,December,Monday,4
2988,1,128,2024-08-08,2,177.81,0.1,355.62,0.35562000000000005,355.26438,2024,8,August,Thursday,3
2989,8,103,2024-10-10,4,143.37,0.25,573.48,1.4337,572.0463,2024,10,October,Thursday,4
2990,6,170,2024-12-22,7,8.38,0.0,58.660000000000004,0.0,58.660000000000004,2024,12,December,Sunday,4
2991,7,155,2024-02-29,7,165.6,0.1,1159.2,1.1592000000000002,1158.0408,2024,2,February,Thursday,1
2992,6,98,2024-11-25,7,93.24,0.05,652.68,0.32634,652.35366,2024,11,November,Monday,4
2993,2,18,2024-09-20,12,204.77,0.25,2457.2400000000002,6.1431000000000004,2451.0969000000005,2024,9,September,Friday,3
2994,6,43,2024-03-06,7,88.26,0.1,617.82,0.6178200000000001,617.20218,2024,3,March,Wednesday,1
2995,5,38,2024-04-04,11,27.57,0.0,303.27,0.0,303.27,2024,4,April,Thursday,2
2996,9,80,2024-07-07,6,210.02,0.25,1260.1200000000001,3.1503,1256.9697,2024,7,July,Sunday,3
2997,2,152,2024-08-22,10,77.49,0.1,774.9,0.7749000000000001,774.1251,2024,8,August,Thursday,3
2998,8,119,2024-01-05,10,38.1,0.0,381.0,0.0,381.0,2024,1,January,Friday,1
2999,6,141,2024-10-12,10,45.08,0.0,450.79999999999995,0.0,450.79999999999995,2024,10,October,Saturday,4
3000,1,108,2024-11-04,2,151.96,0.05,303.92,0.15196,303.76804000000004,2024,11,November,Monday,4
3002,3,4,2024-10-15,2,167.47,0.05,334.94,0.16747,334.77253,2024,10,October,Tuesday,4
3003,10,20,2024-10-29,6,150.34,0.0,902.04,0.0,902.04,2024,10,October,Tuesday,4
3004,7,161,2024-11-06,10,203.07,0.0,2030.6999999999998,0.0,2030.6999999999998,2024,11,November,Wednesday,4
3005,2,125,2024-01-30,3,151.37,0.0,454.11,0.0,454.11,2024,1,January,Tuesday,1
3006,8,58,2024-10-28,4,216.14,0.0,864.56,0.0,864.56,2024,10,October,Monday,4
3007,5,106,2024-06-14,4,97.25,0.25,389.0,0.9725,388.0275,2024,6,June,Friday,2
3008,8,22,2024-11-22,3,28.7,0.05,86.1,0.04305,86.05695,2024,11,November,Friday,4
3009,5,84,2024-12-20,12,219.55,0.15,2634.6000000000004,3.9519000000000006,2630.6481000000003,2024,12,December,Friday,4
3010,5,113,2024-11-21,10,114.72,0.1,1147.2,1.1472000000000002,1146.0528,2024,11,November,Thursday,4
3011,9,5,2024-02-02,12,152.79,0.15,1833.48,2.75022,1830.7297800000001,2024,2,February,Friday,1
3012,4,114,2024-02-12,6,137.91,0.0,827.46,0.0,827.46,2024,2,February,Monday,1
3013,7,97,2024-01-04,3,51.84,0.05,155.52,0.07776000000000001,155.44224,2024,1,January,Thursday,1
3014,4,102,2024-02-14,5,25.17,0.0,125.85000000000001,0.0,125.85000000000001,2024,2,February,Wednesday,1
3015,8,90,2024-06-21,12,98.0,0.0,1176.0,0.0,1176.0,2024,6,June,Friday,2
3016,8,15,2024-10-29,3,149.2,0.1,447.59999999999997,0.4476,447.15239999999994,2024,10,October,Tuesday,4
3017,5,145,2024-04-28,9,33.88,0.1,304.92,0.30492,304.61508000000003,2024,4,April,Sunday,2
3018,5,3,2024-03-24,9,91.88,0.0,826.92,0.0,826.92,2024,3,March,Sunday,1
3019,3,85,2024-06-14,8,88.45,0.0,707.6,0.0,707.6,2024,6,June,Friday,2
3020,6,73,2024-02-05,6,242.79,0.05,1456.74,0.7283700000000001,1456.01163,2024,2,February,Monday,1
3021,1,54,2024-07-20,8,241.98,0.0,1935.84,0.0,1935.84,2024,7,July,Saturday,3
3022,5,162,2024-08-22,1,125.27,0.25,125.27,0.313175,124.956825,2024,8,August,Thursday,3
3023,8,148,2024-01-07,7,126.73,0.05,887.11,0.4435550000000001,886.6664450000001,2024,1,January,Sunday,1
3024,6,20,2024-02-21,3,150.34,0.1,451.02,0.45102000000000003,450.56897999999995,2024,2,February,Wednesday,1
3025,7,72,2024-05-14,2,94.95,0.05,189.9,0.09495,189.80505,2024,5,May,Tuesday,2
3026,8,46,2024-03-14,4,46.4,0.15,185.6,0.2784,185.3216,2024,3,March,Thursday,1
3027,4,143,2024-04-07,8,233.86,0.0,1870.88,0.0,1870.88,2024,4,April,Sunday,2
3028,7,114,2024-12-04,8,137.91,0.0,1103.28,0.0,1103.28,2024,12,December,Wednesday,4
3029,6,134,2024-06-20,2,141.92,0.25,283.84,0.7095999999999999,283.13039999999995,2024,6,June,Thursday,2
3030,7,106,2024-10-22,10,97.25,0.05,972.5,0.48625,972.01375,2024,10,October,Tuesday,4
3031,7,35,2024-07-02,5,8.64,0.25,43.2,0.10800000000000001,43.092000000000006,2024,7,July,Tuesday,3
3032,1,19,2024-05-18,8,61.27,0.25,490.16,1.2254,488.93460000000005,2024,5,May,Saturday,2
3033,4,160,2024-12-21,2,215.87,0.0,431.74,0.0,431.74,2024,12,December,Saturday,4
3034,7,92,2024-05-28,5,96.38,0.1,481.9,0.4819,481.4181,2024,5,May,Tuesday,2
3035,7,37,2024-11-20,7,19.91,0.1,139.37,0.13937000000000002,139.23063,2024,11,November,Wednesday,4
3036,7,80,2024-12-18,10,210.02,0.15,2100.2000000000003,3.1503,2097.0497000000005,2024,12,December,Wednesday,4
3037,5,45,2024-12-14,5,29.94,0.15,149.70000000000002,0.22455000000000003,149.47545000000002,2024,12,December,Saturday,4
3038,2,15,2024-07-27,9,149.2,0.1,1342.8,1.3428,1341.4572,2024,7,July,Saturday,3
3039,4,11,2024-06-19,3,117.42,0.0,352.26,0.0,352.26,2024,6,June,Wednesday,2
3040,2,5,2024-04-19,8,152.79,0.0,1222.32,0.0,1222.32,2024,4,April,Friday,2
3041,4,161,2024-11-11,8,203.07,0.0,1624.56,0.0,1624.56,2024,11,November,Monday,4
3042,3,168,2024-06-17,8,115.57,0.0,924.56,0.0,924.56,2024,6,June,Monday,2
3043,9,15,2024-05-02,1,149.2,0.0,149.2,0.0,149.2,2024,5,May,Thursday,2
3044,2,21,2024-03-10,6,89.09,0.0,534.54,0.0,534.54,2024,3,March,Sunday,1
3045,8,66,2024-12-17,9,254.58,0.0,2291.2200000000003,0.0,2291.2200000000003,2024,12,December,Tuesday,4
3046,4,117,2024-05-12,7,144.39,0.0,1010.7299999999999,0.0,1010.7299999999999,2024,5,May,Sunday,2
3047,4,41,2024-08-24,5,157.72,0.25,788.6,1.9715,786.6285,2024,8,August,Saturday,3
3048,5,66,2024-05-08,11,254.58,0.05,2800.38,1.40019,2798.9798100000003,2024,5,May,Wednesday,2
3049,2,103,2024-04-28,2,143.37,0.0,286.74,0.0,286.74,2024,4,April,Sunday,2
3050,7,140,2024-09-08,1,147.3,0.1,147.3,0.14730000000000001,147.1527,2024,9,September,Sunday,3
3051,2,136,2024-11-18,5,182.39,0.1,911.9499999999999,0.9119499999999999,911.0380499999999,2024,11,November,Monday,4
3052,7,163,2024-05-15,12,102.16,0.0,1225.92,0.0,1225.92,2024,5,May,Wednesday,2
3053,9,117,2024-11-04,10,144.39,0.15,1443.8999999999999,2.16585,1441.7341499999998,2024,11,November,Monday,4
3054,10,46,2024-11-01,5,46.4,0.0,232.0,0.0,232.0,2024,11,November,Friday,4
3055,1,102,2024-05-12,12,25.17,0.05,302.04,0.15102000000000002,301.88898,2024,5,May,Sunday,2
3056,1,56,2024-09-23,5,91.09,0.05,455.45000000000005,0.22772500000000004,455.222275,2024,9,September,Monday,3
3057,4,54,2024-09-28,10,241.98,0.0,2419.7999999999997,0.0,2419.7999999999997,2024,9,September,Saturday,3
3058,4,153,2024-04-04,4,149.65,0.1,598.6,0.5986,598.0014,2024,4,April,Thursday,2
3059,7,162,2024-05-19,6,125.27,0.0,751.62,0.0,751.62,2024,5,May,Sunday,2
3060,10,163,2024-12-10,8,102.16,0.1,817.28,0.8172800000000001,816.46272,2024,12,December,Tuesday,4
3061,10,79,2024-03-03,9,156.97,0.05,1412.73,0.706365,1412.023635,2024,3,March,Sunday,1
3062,2,17,2024-02-23,5,92.08,0.25,460.4,1.151,459.24899999999997,2024,2,February,Friday,1
3063,7,135,2024-02-07,9,198.75,0.0,1788.75,0.0,1788.75,2024,2,February,Wednesday,1
3064,4,95,2024-12-03,12,244.81,0.0,2937.7200000000003,0.0,2937.7200000000003,2024,12,December,Tuesday,4
3065,7,15,2024-05-10,9,149.2,0.1,1342.8,1.3428,1341.4572,2024,5,May,Friday,2
3066,6,125,2024-03-27,11,151.37,0.15,1665.0700000000002,2.497605,1662.5723950000001,2024,3,March,Wednesday,1
3067,7,149,2024-06-16,7,212.9,0.25,1490.3,3.7257499999999997,1486.57425,2024,6,June,Sunday,2
3068,10,72,2024-02-08,4,94.95,0.25,379.8,0.9495,378.8505,2024,2,February,Thursday,1
3069,9,49,2024-11-28,3,89.67,0.05,269.01,0.13450499999999999,268.875495,2024,11,November,Thursday,4
3070,5,161,2024-12-28,2,203.07,0.0,406.14,0.0,406.14,2024,12,December,Saturday,4
3071,3,83,2024-06-10,3,48.4,0.0,145.2,0.0,145.2,2024,6,June,Monday,2
3072,8,105,2024-01-14,4,136.88,0.05,547.52,0.27376,547.24624,2024,1,January,Sunday,1
3073,1,23,2024-02-29,9,135.4,0.0,1218.6000000000001,0.0,1218.6000000000001,2024,2,February,Thursday,1
3074,5,1,2024-09-08,11,38.35,0.0,421.85,0.0,421.85,2024,9,September,Sunday,3
3075,7,150,2024-12-10,8,89.35,0.1,714.8,0.7148,714.0852,2024,12,December,Tuesday,4
3076,5,14,2024-05-04,5,13.97,0.0,69.85000000000001,0.0,69.85000000000001,2024,5,May,Saturday,2
3077,10,167,2024-12-01,9,20.08,0.0,180.71999999999997,0.0,180.71999999999997,2024,12,December,Sunday,4
3078,8,78,2024-03-23,2,125.42,0.0,250.84,0.0,250.84,2024,3,March,Saturday,1
3079,9,111,2024-04-13,7,43.1,0.15,301.7,0.45254999999999995,301.24745,2024,4,April,Saturday,2
3080,6,37,2024-11-12,6,19.91,0.0,119.46000000000001,0.0,119.46000000000001,2024,11,November,Tuesday,4
3081,7,16,2024-12-08,2,78.24,0.1,156.48,0.15648,156.32352,2024,12,December,Sunday,4
3082,3,61,2024-02-06,5,24.26,0.25,121.30000000000001,0.30325,120.99675,2024,2,February,Tuesday,1
3083,3,107,2024-09-03,7,9.07,0.15,63.49,0.095235,63.394765,2024,9,September,Tuesday,3
3084,1,117,2024-02-16,8,144.39,0.0,1155.12,0.0,1155.12,2024,2,February,Friday,1
3085,4,58,2024-08-19,3,216.14,0.15,648.42,0.9726299999999999,647.44737,2024,8,August,Monday,3
3086,1,33,2024-01-02,9,162.49,0.25,1462.41,3.656025,1458.753975,2024,1,January,Tuesday,1
3087,3,112,2024-12-17,2,58.1,0.0,116.2,0.0,116.2,2024,12,December,Tuesday,4
3088,2,89,2024-03-10,8,16.36,0.0,130.88,0.0,130.88,2024,3,March,Sunday,1
3089,1,50,2024-12-15,3,168.2,0.1,504.59999999999997,0.5046,504.0954,2024,12,December,Sunday,4
3090,2,151,2024-07-17,11,22.4,0.15,246.39999999999998,0.36959999999999993,246.0304,2024,7,July,Wednesday,3
3091,1,8,2024-01-24,2,98.81,0.0,197.62,0.0,197.62,2024,1,January,Wednesday,1
3092,5,28,2024-10-04,7,143.98,0.15,1007.8599999999999,1.5117899999999997,1006.3482099999999,2024,10,October,Friday,4
3093,10,74,2024-12-18,12,77.0,0.0,924.0,0.0,924.0,2024,12,December,Wednesday,4
3094,3,4,2024-09-05,6,167.47,0.0,1004.8199999999999,0.0,1004.8199999999999,2024,9,September,Thursday,3
3095,9,78,2024-06-20,7,125.42,0.1,877.94,0.8779400000000002,877.0620600000001,2024,6,June,Thursday,2
3096,7,156,2024-03-03,10,173.78,0.15,1737.8,2.6066999999999996,1735.1933,2024,3,March,Sunday,1
3097,1,65,2024-12-28,8,65.09,0.0,520.72,0.0,520.72,2024,12,December,Saturday,4
3098,10,1,2024-04-12,4,38.35,0.05,153.4,0.0767,153.32330000000002,2024,4,April,Friday,2
3099,1,145,2024-05-20,8,33.88,0.05,271.04,0.13552,270.90448000000004,2024,5,May,Monday,2
3100,7,67,2024-08-03,4,107.18,0.0,428.72,0.0,428.72,2024,8,August,Saturday,3
3101,4,169,2024-11-19,3,48.02,0.1,144.06,0.14406,143.91594,2024,11,November,Tuesday,4
3102,5,127,2024-06-20,2,51.12,0.0,102.24,0.0,102.24,2024,6,June,Thursday,2
3103,6,51,2024-12-02,5,160.16,0.05,800.8,0.4004,800.3996,2024,12,December,Monday,4
3104,6,167,2024-10-17,2,20.08,0.0,40.16,0.0,40.16,2024,10,October,Thursday,4
3105,4,116,2024-01-13,9,182.63,0.15,1643.67,2.465505,1641.2044950000002,2024,1,January,Saturday,1
3106,8,150,2024-06-21,11,89.35,0.15,982.8499999999999,1.4742749999999998,981.3757249999999,2024,6,June,Friday,2
3107,3,112,2024-12-14,12,58.1,0.0,697.2,0.0,697.2,2024,12,December,Saturday,4
3108,3,5,2024-04-26,12,152.79,0.0,1833.48,0.0,1833.48,2024,4,April,Friday,2
3109,8,162,2024-03-15,6,125.27,0.1,751.62,0.7516200000000001,750.86838,2024,3,March,Friday,1
3110,7,5,2024-03-16,3,152.79,0.1,458.37,0.45837000000000006,457.91163,2024,3,March,Saturday,1
3111,7,124,2024-05-24,2,19.68,0.0,39.36,0.0,39.36,2024,5,May,Friday,2
3112,10,53,2024-08-31,6,131.05,0.0,786.3000000000001,0.0,786.3000000000001,2024,8,August,Saturday,3
3113,9,99,2024-11-07,3,207.07,0.15,621.21,0.931815,620.278185,2024,11,November,Thursday,4
3114,2,2,2024-10-19,10,81.57,0.0,815.6999999999999,0.0,815.6999999999999,2024,10,October,Saturday,4
3115,4,117,2024-05-19,6,144.39,0.0,866.3399999999999,0.0,866.3399999999999,2024,5,May,Sunday,2
3116,5,119,2024-12-20,6,38.1,0.0,228.60000000000002,0.0,228.60000000000002,2024,12,December,Friday,4
3117,8,155,2024-05-25,1,165.6,0.15,165.6,0.2484,165.3516,2024,5,May,Saturday,2
3118,8,101,2024-12-24,3,131.65,0.0,394.95000000000005,0.0,394.95000000000005,2024,12,December,Tuesday,4
3119,3,38,2024-06-08,7,27.57,0.0,192.99,0.0,192.99,2024,6,June,Saturday,2
3120,8,127,2024-06-09,9,51.12,0.0,460.08,0.0,460.08,2024,6,June,Sunday,2
3121,8,34,2024-09-28,9,99.91,0.05,899.1899999999999,0.44959499999999997,898.7404049999999,2024,9,September,Saturday,3
3122,7,136,2024-05-16,12,182.39,0.0,2188.68,0.0,2188.68,2024,5,May,Thursday,2
3123,1,50,2024-03-11,12,168.2,0.1,2018.3999999999999,2.0184,2016.3816,2024,3,March,Monday,1
3124,8,82,2024-02-11,1,111.57,0.15,111.57,0.16735499999999998,111.40264499999999,2024,2,February,Sunday,1
3125,8,112,2024-04-12,7,58.1,0.25,406.7,1.01675,405.68325,2024,4,April,Friday,2
3126,6,130,2024-12-04,2,200.9,0.05,401.8,0.20090000000000002,401.5991,2024,12,December,Wednesday,4
3128,7,170,2024-09-11,12,8.38,0.05,100.56,0.050280000000000005,100.50972,2024,9,September,Wednesday,3
3129,5,97,2024-06-25,6,51.84,0.1,311.04,0.31104000000000004,310.72896000000003,2024,6,June,Tuesday,2
3130,4,161,2024-01-13,5,203.07,0.25,1015.3499999999999,2.538375,1012.8116249999999,2024,1,January,Saturday,1
3131,4,166,2024-01-19,7,44.53,0.0,311.71000000000004,0.0,311.71000000000004,2024,1,January,Friday,1
3132,6,57,2024-01-26,11,75.29,0.25,828.19,2.070475,826.1195250000001,2024,1,January,Friday,1
3133,4,114,2024-03-18,8,137.91,0.0,1103.28,0.0,1103.28,2024,3,March,Monday,1
3134,6,134,2024-01-10,8,141.92,0.15,1135.36,1.7030399999999997,1133.6569599999998,2024,1,January,Wednesday,1
3135,8,107,2024-06-14,11,9.07,0.15,99.77000000000001,0.149655,99.62034500000001,2024,6,June,Friday,2
3136,6,12,2024-08-17,12,105.87,0.0,1270.44,0.0,1270.44,2024,8,August,Saturday,3
3137,10,136,2024-02-11,11,182.39,0.0,2006.29,0.0,2006.29,2024,2,February,Sunday,1
3138,8,111,2024-08-24,11,43.1,0.0,474.1,0.0,474.1,2024,8,August,Saturday,3
3139,1,104,2024-12-24,10,246.47,0.0,2464.7,0.0,2464.7,2024,12,December,Tuesday,4
3140,5,156,2024-12-28,7,173.78,0.1,1216.46,1.21646,1215.24354,2024,12,December,Saturday,4
3142,6,16,2024-12-22,4,78.24,0.0,312.96,0.0,312.96,2024,12,December,Sunday,4
3143,10,108,2024-11-07,12,151.96,0.15,1823.52,2.7352799999999995,1820.7847199999999,2024,11,November,Thursday,4
3144,10,42,2024-11-18,12,169.87,0.05,2038.44,1.01922,2037.4207800000001,2024,11,November,Monday,4
3146,5,106,2024-05-19,12,97.25,0.1,1167.0,1.167,1165.833,2024,5,May,Sunday,2
3147,10,55,2024-10-25,8,120.86,0.05,966.88,0.48344000000000004,966.39656,2024,10,October,Friday,4
3148,10,34,2024-05-12,11,99.91,0.0,1099.01,0.0,1099.01,2024,5,May,Sunday,2
3149,3,112,2024-11-07,6,58.1,0.0,348.6,0.0,348.6,2024,11,November,Thursday,4
3150,1,92,2024-06-07,5,96.38,0.0,481.9,0.0,481.9,2024,6,June,Friday,2
3151,4,46,2024-08-18,1,46.4,0.0,46.4,0.0,46.4,2024,8,August,Sunday,3
3152,8,39,2024-04-20,9,112.9,0.05,1016.1,0.5080500000000001,1015.59195,2024,4,April,Saturday,2
3153,2,64,2024-02-03,9,54.54,0.0,490.86,0.0,490.86,2024,2,February,Saturday,1
3154,3,5,2024-05-15,12,152.79,0.15,1833.48,2.75022,1830.7297800000001,2024,5,May,Wednesday,2
3155,6,168,2024-02-15,8,115.57,0.1,924.56,0.92456,923.6354399999999,2024,2,February,Thursday,1
3156,4,76,2024-10-03,7,150.97,0.05,1056.79,0.5283950000000001,1056.261605,2024,10,October,Thursday,4
3157,6,88,2024-03-31,6,106.78,0.15,640.6800000000001,0.96102,639.7189800000001,2024,3,March,Sunday,1
3158,9,112,2024-09-29,9,58.1,0.0,522.9,0.0,522.9,2024,9,September,Sunday,3
3159,6,148,2024-04-23,5,126.73,0.1,633.65,0.63365,633.01635,2024,4,April,Tuesday,2
3160,9,85,2024-03-10,9,88.45,0.1,796.0500000000001,0.7960500000000001,795.25395,2024,3,March,Sunday,1
3161,9,13,2024-07-13,7,91.64,0.1,641.48,0.64148,640.83852,2024,7,July,Saturday,3
3162,4,135,2024-07-22,3,198.75,0.25,596.25,1.490625,594.759375,2024,7,July,Monday,3
3163,9,48,2024-07-24,11,43.06,0.0,473.66,0.0,473.66,2024,7,July,Wednesday,3
3164,2,111,2024-05-31,10,43.1,0.0,431.0,0.0,431.0,2024,5,May,Friday,2
3165,2,133,2024-12-13,2,107.43,0.15,214.86,0.32228999999999997,214.53771,2024,12,December,Friday,4
3166,10,110,2024-10-30,3,240.3,0.0,720.9000000000001,0.0,720.9000000000001,2024,10,October,Wednesday,4
3167,4,55,2024-06-10,7,120.86,0.0,846.02,0.0,846.02,2024,6,June,Monday,2
3168,5,97,2024-11-13,6,51.84,0.15,311.04,0.46656,310.57344,2024,11,November,Wednesday,4
3169,1,89,2024-04-11,8,16.36,0.0,130.88,0.0,130.88,2024,4,April,Thursday,2
3170,7,123,2024-12-05,6,108.4,0.15,650.4000000000001,0.9756000000000001,649.4244000000001,2024,12,December,Thursday,4
3171,7,17,2024-04-05,2,92.08,0.15,184.16,0.27624,183.88376,2024,4,April,Friday,2
3172,3,109,2024-04-04,8,204.21,0.15,1633.68,2.45052,1631.22948,2024,4,April,Thursday,2
3173,2,157,2024-12-14,6,147.67,0.1,886.02,0.88602,885.13398,2024,12,December,Saturday,4
3174,6,101,2024-05-18,6,131.65,0.0,789.9000000000001,0.0,789.9000000000001,2024,5,May,Saturday,2
3175,1,66,2024-04-24,11,254.58,0.0,2800.38,0.0,2800.38,2024,4,April,Wednesday,2
3176,5,109,2024-11-10,12,204.21,0.05,2450.52,1.22526,2449.29474,2024,11,November,Sunday,4
3177,3,103,2024-12-14,6,143.37,0.25,860.22,2.15055,858.0694500000001,2024,12,December,Saturday,4
3178,7,165,2024-04-23,6,56.11,0.15,336.65999999999997,0.5049899999999999,336.15500999999995,2024,4,April,Tuesday,2
3179,3,4,2024-06-12,7,167.47,0.0,1172.29,0.0,1172.29,2024,6,June,Wednesday,2
3180,2,74,2024-05-14,10,77.0,0.05,770.0,0.385,769.615,2024,5,May,Tuesday,2
3181,2,7,2024-06-09,8,12.29,0.05,98.32,0.04916,98.27083999999999,2024,6,June,Sunday,2
3182,6,66,2024-04-09,9,254.58,0.15,2291.2200000000003,3.4368300000000005,2287.78317,2024,4,April,Tuesday,2
3183,4,115,2024-11-14,12,212.31,0.0,2547.7200000000003,0.0,2547.7200000000003,2024,11,November,Thursday,4
3184,2,73,2024-02-23,11,242.79,0.1,2670.69,2.67069,2668.01931,2024,2,February,Friday,1
3185,2,13,2024-12-24,7,91.64,0.1,641.48,0.64148,640.83852,2024,12,December,Tuesday,4
3186,8,23,2024-09-23,12,135.4,0.25,1624.8000000000002,4.062,1620.7380000000003,2024,9,September,Monday,3
3187,5,117,2024-08-22,5,144.39,0.0,721.9499999999999,0.0,721.9499999999999,2024,8,August,Thursday,3
3188,10,3,2024-09-12,4,91.88,0.0,367.52,0.0,367.52,2024,9,September,Thursday,3
3189,4,4,2024-08-29,6,167.47,0.0,1004.8199999999999,0.0,1004.8199999999999,2024,8,August,Thursday,3
3190,2,33,2024-07-28,10,162.49,0.25,1624.9,4.062250000000001,1620.8377500000001,2024,7,July,Sunday,3
3191,1,7,2024-02-13,12,12.29,0.15,147.48,0.22121999999999997,147.25878,2024,2,February,Tuesday,1
3192,3,93,2024-01-23,9,187.19,0.0,1684.71,0.0,1684.71,2024,1,January,Tuesday,1
3193,8,2,2024-01-16,10,81.57,0.0,815.6999999999999,0.0,815.6999999999999,2024,1,January,Tuesday,1
3194,5,82,2024-04-27,7,111.57,0.0,780.99,0.0,780.99,2024,4,April,Saturday,2
3195,7,143,2024-12-21,3,233.86,0.05,701.58,0.35079,701.2292100000001,2024,12,December,Saturday,4
3196,3,19,2024-12-10,6,61.27,0.0,367.62,0.0,367.62,2024,12,December,Tuesday,4
3197,1,169,2024-12-27,10,48.02,0.0,480.20000000000005,0.0,480.20000000000005,2024,12,December,Friday,4
3198,9,24,2024-12-07,11,80.42,0.0,884.62,0.0,884.62,2024,12,December,Saturday,4
3199,1,46,2024-04-23,9,46.4,0.0,417.59999999999997,0.0,417.59999999999997,2024,4,April,Tuesday,2
3200,3,92,2024-12-06,7,96.38,0.0,674.66,0.0,674.66,2024,12,December,Friday,4
3201,1,127,2024-11-02,8,51.12,0.15,408.96,0.61344,408.34655999999995,2024,11,November,Saturday,4
3202,5,46,2024-01-03,7,46.4,0.0,324.8,0.0,324.8,2024,1,January,Wednesday,1
3203,3,66,2024-02-29,11,254.58,0.05,2800.38,1.40019,2798.9798100000003,2024,2,February,Thursday,1
3204,6,35,2024-03-16,2,8.64,0.05,17.28,0.008640000000000002,17.27136,2024,3,March,Saturday,1
3205,2,73,2024-12-05,3,242.79,0.25,728.37,1.820925,726.549075,2024,12,December,Thursday,4
3206,9,147,2024-11-06,4,159.14,0.0,636.56,0.0,636.56,2024,11,November,Wednesday,4
3207,10,108,2024-11-21,5,151.96,0.0,759.8000000000001,0.0,759.8000000000001,2024,11,November,Thursday,4
3208,6,26,2024-05-20,9,163.65,0.25,1472.8500000000001,3.6821250000000005,1469.167875,2024,5,May,Monday,2
3209,6,7,2024-09-19,3,12.29,0.25,36.87,0.09217499999999999,36.777825,2024,9,September,Thursday,3
3210,2,41,2024-06-01,4,157.72,0.25,630.88,1.5772,629.3028,2024,6,June,Saturday,2
3211,8,11,2024-12-18,2,117.42,0.05,234.84,0.11742000000000001,234.72258,2024,12,December,Wednesday,4
3212,9,57,2024-09-14,12,75.29,0.0,903.48,0.0,903.48,2024,9,September,Saturday,3
3213,1,149,2024-11-20,8,212.9,0.25,1703.2,4.258,1698.942,2024,11,November,Wednesday,4
3214,1,158,2024-12-08,1,81.38,0.25,81.38,0.20345,81.17654999999999,2024,12,December,Sunday,4
3215,6,77,2024-01-08,10,68.92,0.15,689.2,1.0338,688.1662,2024,1,January,Monday,1
3216,9,134,2024-12-05,12,141.92,0.0,1703.04,0.0,1703.04,2024,12,December,Thursday,4
3217,1,82,2024-01-08,1,111.57,0.0,111.57,0.0,111.57,2024,1,January,Monday,1
3218,8,31,2024-11-20,12,110.33,0.05,1323.96,0.6619800000000001,1323.29802,2024,11,November,Wednesday,4
3219,6,162,2024-11-09,2,125.27,0.15,250.54,0.37581,250.16419,2024,11,November,Saturday,4
3220,4,145,2024-01-01,9,33.88,0.25,304.92,0.7623000000000001,304.15770000000003,2024,1,January,Monday,1
3221,3,56,2024-01-28,1,91.09,0.25,91.09,0.227725,90.862275,2024,1,January,Sunday,1
3222,6,97,2024-07-23,12,51.84,0.1,622.08,0.6220800000000001,621.4579200000001,2024,7,July,Tuesday,3
3223,6,11,2024-02-21,8,117.42,0.0,939.36,0.0,939.36,2024,2,February,Wednesday,1
3224,2,4,2024-05-12,4,167.47,0.0,669.88,0.0,669.88,2024,5,May,Sunday,2
3225,8,80,2024-11-02,4,210.02,0.05,840.08,0.42004,839.6599600000001,2024,11,November,Saturday,4
3226,9,148,2024-07-23,4,126.73,0.15,506.92,0.76038,506.15962,2024,7,July,Tuesday,3
3227,6,156,2024-10-07,3,173.78,0.15,521.34,0.7820100000000001,520.55799,2024,10,October,Monday,4
3228,7,137,2024-10-04,6,165.65,0.1,993.9000000000001,0.9939000000000001,992.9061,2024,10,October,Friday,4
3229,9,141,2024-08-28,7,45.08,0.0,315.56,0.0,315.56,2024,8,August,Wednesday,3
3230,2,115,2024-12-16,9,212.31,0.0,1910.79,0.0,1910.79,2024,12,December,Monday,4
3231,4,121,2024-04-11,7,164.69,0.05,1152.83,0.576415,1152.253585,2024,4,April,Thursday,2
3232,4,124,2024-12-14,6,19.68,0.25,118.08,0.2952,117.7848,2024,12,December,Saturday,4
3233,8,112,2024-11-01,1,58.1,0.25,58.1,0.14525,57.954750000000004,2024,11,November,Friday,4
3234,8,24,2024-12-10,11,80.42,0.1,884.62,0.8846200000000001,883.73538,2024,12,December,Tuesday,4
3235,6,150,2024-10-25,3,89.35,0.05,268.04999999999995,0.13402499999999998,267.91597499999995,2024,10,October,Friday,4
3236,10,166,2024-11-17,3,44.53,0.0,133.59,0.0,133.59,2024,11,November,Sunday,4
3237,4,65,2024-08-09,5,65.09,0.0,325.45000000000005,0.0,325.45000000000005,2024,8,August,Friday,3
3238,9,49,2024-03-03,6,89.67,0.1,538.02,0.5380199999999999,537.48198,2024,3,March,Sunday,1
3239,8,4,2024-06-17,9,167.47,0.15,1507.23,2.2608449999999998,1504.969155,2024,6,June,Monday,2
3240,6,71,2024-06-30,12,11.55,0.15,138.60000000000002,0.20790000000000003,138.39210000000003,2024,6,June,Sunday,2
3241,6,21,2024-05-04,3,89.09,0.1,267.27,0.26727,267.00273,2024,5,May,Saturday,2
3242,4,16,2024-03-06,1,78.24,0.1,78.24,0.07824,78.16176,2024,3,March,Wednesday,1
3243,5,169,2024-01-21,11,48.02,0.1,528.22,0.52822,527.69178,2024,1,January,Sunday,1
3244,4,44,2024-08-30,8,260.43,0.0,2083.44,0.0,2083.44,2024,8,August,Friday,3
3245,1,116,2024-11-28,10,182.63,0.05,1826.3,0.91315,1825.3868499999999,2024,11,November,Thursday,4
3246,7,74,2024-08-24,8,77.0,0.25,616.0,1.54,614.46,2024,8,August,Saturday,3
3248,10,164,2024-12-26,2,78.92,0.0,157.84,0.0,157.84,2024,12,December,Thursday,4
3249,3,150,2024-12-01,7,89.35,0.0,625.4499999999999,0.0,625.4499999999999,2024,12,December,Sunday,4
3250,1,68,2024-01-15,4,17.26,0.25,69.04,0.1726,68.8674,2024,1,January,Monday,1
3251,9,151,2024-08-06,6,22.4,0.0,134.39999999999998,0.0,134.39999999999998,2024,8,August,Tuesday,3
3252,8,47,2024-07-27,7,118.87,0.0,832.09,0.0,832.09,2024,7,July,Saturday,3
3253,5,99,2024-02-16,5,207.07,0.05,1035.35,0.517675,1034.8323249999999,2024,2,February,Friday,1
3254,6,58,2024-03-23,3,216.14,0.25,648.42,1.6210499999999999,646.79895,2024,3,March,Saturday,1
3255,10,148,2024-12-10,8,126.73,0.0,1013.84,0.0,1013.84,2024,12,December,Tuesday,4
3256,5,2,2024-11-21,10,81.57,0.25,815.6999999999999,2.03925,813.6607499999999,2024,11,November,Thursday,4
3257,7,74,2024-11-12,2,77.0,0.0,154.0,0.0,154.0,2024,11,November,Tuesday,4
3258,5,55,2024-11-23,11,120.86,0.1,1329.46,1.32946,1328.13054,2024,11,November,Saturday,4
3259,8,162,2024-02-26,11,125.27,0.0,1377.97,0.0,1377.97,2024,2,February,Monday,1
3260,2,77,2024-04-07,2,68.92,0.0,137.84,0.0,137.84,2024,4,April,Sunday,2
3261,10,109,2024-10-07,12,204.21,0.05,2450.52,1.22526,2449.29474,2024,10,October,Monday,4
3263,9,127,2024-12-18,10,51.12,0.15,511.2,0.7667999999999999,510.4332,2024,12,December,Wednesday,4
3264,3,54,2024-03-24,8,241.98,0.0,1935.84,0.0,1935.84,2024,3,March,Sunday,1
3265,10,132,2024-12-01,5,133.08,0.0,665.4000000000001,0.0,665.4000000000001,2024,12,December,Sunday,4
3266,9,116,2024-04-19,6,182.63,0.0,1095.78,0.0,1095.78,2024,4,April,Friday,2
3267,2,41,2024-08-12,8,157.72,0.0,1261.76,0.0,1261.76,2024,8,August,Monday,3
3268,7,75,2024-05-14,11,29.49,0.05,324.39,0.162195,324.227805,2024,5,May,Tuesday,2
3269,4,167,2024-02-17,9,20.08,0.0,180.71999999999997,0.0,180.71999999999997,2024,2,February,Saturday,1
3271,9,109,2024-02-29,11,204.21,0.0,2246.31,0.0,2246.31,2024,2,February,Thursday,1
3272,7,124,2024-02-22,12,19.68,0.0,236.16,0.0,236.16,2024,2,February,Thursday,1
3273,6,143,2024-10-13,12,233.86,0.25,2806.32,7.0158000000000005,2799.3042,2024,10,October,Sunday,4
3274,7,10,2024-06-24,7,136.82,0.05,957.74,0.47887,957.26113,2024,6,June,Monday,2
3275,5,138,2024-01-10,10,98.66,0.0,986.5999999999999,0.0,986.5999999999999,2024,1,January,Wednesday,1
3276,1,120,2024-11-24,9,234.32,0.1,2108.88,2.1088800000000005,2106.77112,2024,11,November,Sunday,4
3277,2,122,2024-02-23,8,28.93,0.25,231.44,0.5786,230.8614,2024,2,February,Friday,1
3278,9,74,2024-11-28,2,77.0,0.0,154.0,0.0,154.0,2024,11,November,Thursday,4
3279,5,53,2024-01-17,9,131.05,0.05,1179.45,0.589725,1178.860275,2024,1,January,Wednesday,1
3280,4,13,2024-12-29,3,91.64,0.05,274.92,0.13746000000000003,274.78254000000004,2024,12,December,Sunday,4
3281,2,132,2024-05-05,11,133.08,0.15,1463.88,2.1958200000000003,1461.6841800000002,2024,5,May,Sunday,2
3282,9,14,2024-11-14,12,13.97,0.0,167.64000000000001,0.0,167.64000000000001,2024,11,November,Thursday,4
3283,1,164,2024-11-01,6,78.92,0.1,473.52,0.47352000000000005,473.04648,2024,11,November,Friday,4
3284,8,127,2024-12-28,1,51.12,0.1,51.12,0.05112,51.06888,2024,12,December,Saturday,4
3285,1,64,2024-11-27,3,54.54,0.0,163.62,0.0,163.62,2024,11,November,Wednesday,4
3286,2,57,2024-08-01,5,75.29,0.0,376.45000000000005,0.0,376.45000000000005,2024,8,August,Thursday,3
3287,3,104,2024-05-11,3,246.47,0.1,739.41,0.73941,738.67059,2024,5,May,Saturday,2
3288,10,122,2024-01-21,2,28.93,0.25,57.86,0.14465,57.71535,2024,1,January,Sunday,1
3289,9,96,2024-06-29,5,169.6,0.15,848.0,1.2719999999999998,846.728,2024,6,June,Saturday,2
3290,8,80,2024-05-12,2,210.02,0.15,420.04,0.63006,419.40994,2024,5,May,Sunday,2
3291,5,44,2024-12-13,7,260.43,0.25,1823.01,4.557525,1818.452475,2024,12,December,Friday,4
3292,3,66,2024-11-09,12,254.58,0.1,3054.96,3.0549600000000003,3051.90504,2024,11,November,Saturday,4
3293,10,165,2024-10-11,12,56.11,0.05,673.3199999999999,0.33665999999999996,672.9833399999999,2024,10,October,Friday,4
3294,6,165,2024-02-14,1,56.11,0.15,56.11,0.08416499999999999,56.025835,2024,2,February,Wednesday,1
3295,7,88,2024-06-04,11,106.78,0.0,1174.58,0.0,1174.58,2024,6,June,Tuesday,2
3296,10,8,2024-01-21,7,98.81,0.0,691.6700000000001,0.0,691.6700000000001,2024,1,January,Sunday,1
3297,4,166,2024-07-04,2,44.53,0.0,89.06,0.0,89.06,2024,7,July,Thursday,3
3298,6,105,2024-03-26,3,136.88,0.05,410.64,0.20532,410.43468,2024,3,March,Tuesday,1
3299,4,46,2024-10-09,6,46.4,0.15,278.4,0.41759999999999997,277.9824,2024,10,October,Wednesday,4
3300,10,115,2024-09-19,4,212.31,0.05,849.24,0.42462000000000005,848.81538,2024,9,September,Thursday,3
3301,1,70,2024-12-22,12,149.07,0.0,1788.84,0.0,1788.84,2024,12,December,Sunday,4
3302,4,83,2024-11-13,5,48.4,0.0,242.0,0.0,242.0,2024,11,November,Wednesday,4
3303,9,147,2024-04-30,4,159.14,0.05,636.56,0.31828,636.24172,2024,4,April,Tuesday,2
3304,4,75,2024-10-24,5,29.49,0.0,147.45,0.0,147.45,2024,10,October,Thursday,4
3305,2,76,2024-02-27,6,150.97,0.25,905.8199999999999,2.26455,903.55545,2024,2,February,Tuesday,1
3306,9,39,2024-08-20,11,112.9,0.15,1241.9,1.86285,1240.03715,2024,8,August,Tuesday,3
3307,2,47,2024-03-29,2,118.87,0.1,237.74,0.23774,237.50226,2024,3,March,Friday,1
3308,5,55,2024-04-10,3,120.86,0.25,362.58,0.90645,361.67355,2024,4,April,Wednesday,2
3309,9,19,2024-10-20,2,61.27,0.0,122.54,0.0,122.54,2024,10,October,Sunday,4
3310,4,117,2024-10-11,12,144.39,0.0,1732.6799999999998,0.0,1732.6799999999998,2024,10,October,Friday,4
3311,3,31,2024-11-23,5,110.33,0.0,551.65,0.0,551.65,2024,11,November,Saturday,4
3312,4,36,2024-12-05,3,31.45,0.0,94.35,0.0,94.35,2024,12,December,Thursday,4
3313,6,64,2024-04-16,12,54.54,0.05,654.48,0.32724000000000003,654.1527600000001,2024,4,April,Tuesday,2
3314,1,102,2024-12-19,7,25.17,0.0,176.19,0.0,176.19,2024,12,December,Thursday,4
3315,7,95,2024-01-28,10,244.81,0.0,2448.1,0.0,2448.1,2024,1,January,Sunday,1
3316,5,147,2024-10-15,5,159.14,0.25,795.6999999999999,1.9892499999999997,793.71075,2024,10,October,Tuesday,4
3317,8,79,2024-04-20,7,156.97,0.25,1098.79,2.746975,1096.043025,2024,4,April,Saturday,2
3318,8,160,2024-02-05,1,215.87,0.15,215.87,0.32380499999999995,215.546195,2024,2,February,Monday,1
3319,4,96,2024-04-21,4,169.6,0.0,678.4,0.0,678.4,2024,4,April,Sunday,2
3320,9,88,2024-09-04,9,106.78,0.0,961.02,0.0,961.02,2024,9,September,Wednesday,3
3321,3,121,2024-11-15,5,164.69,0.0,823.45,0.0,823.45,2024,11,November,Friday,4
3322,1,10,2024-12-10,9,136.82,0.25,1231.3799999999999,3.0784499999999997,1228.30155,2024,12,December,Tuesday,4
3323,1,73,2024-01-21,6,242.79,0.1,1456.74,1.4567400000000001,1455.28326,2024,1,January,Sunday,1
3324,2,116,2024-12-23,2,182.63,0.05,365.26,0.18263000000000001,365.07737,2024,12,December,Monday,4
3325,2,47,2024-05-01,12,118.87,0.1,1426.44,1.4264400000000002,1425.01356,2024,5,May,Wednesday,2
3326,6,19,2024-02-26,12,61.27,0.0,735.24,0.0,735.24,2024,2,February,Monday,1
3327,1,119,2024-12-08,12,38.1,0.0,457.20000000000005,0.0,457.20000000000005,2024,12,December,Sunday,4
3328,10,156,2024-02-21,1,173.78,0.15,173.78,0.26067,173.51933,2024,2,February,Wednesday,1
3329,4,40,2024-05-29,12,21.17,0.25,254.04000000000002,0.6351,253.40490000000003,2024,5,May,Wednesday,2
3330,4,14,2024-12-04,12,13.97,0.0,167.64000000000001,0.0,167.64000000000001,2024,12,December,Wednesday,4
3331,8,105,2024-01-08,12,136.88,0.1,1642.56,1.64256,1640.91744,2024,1,January,Monday,1
3332,5,90,2024-12-12,11,98.0,0.0,1078.0,0.0,1078.0,2024,12,December,Thursday,4
3333,1,92,2024-02-26,12,96.38,0.0,1156.56,0.0,1156.56,2024,2,February,Monday,1
3334,10,138,2024-12-21,11,98.66,0.1,1085.26,1.0852600000000001,1084.17474,2024,12,December,Saturday,4
3335,10,47,2024-03-17,7,118.87,0.1,832.09,0.83209,831.25791,2024,3,March,Sunday,1
3336,6,45,2024-02-21,9,29.94,0.05,269.46000000000004,0.13473000000000002,269.32527000000005,2024,2,February,Wednesday,1
3337,8,61,2024-07-31,8,24.26,0.1,194.08,0.19408,193.88592,2024,7,July,Wednesday,3
3338,9,139,2024-07-30,5,81.1,0.25,405.5,1.01375,404.48625,2024,7,July,Tuesday,3
3339,1,64,2024-06-24,9,54.54,0.0,490.86,0.0,490.86,2024,6,June,Monday,2
3340,8,19,2024-07-09,4,61.27,0.0,245.08,0.0,245.08,2024,7,July,Tuesday,3
3341,3,84,2024-12-28,4,219.55,0.0,878.2,0.0,878.2,2024,12,December,Saturday,4
3342,7,98,2024-12-27,6,93.24,0.0,559.4399999999999,0.0,559.4399999999999,2024,12,December,Friday,4
3343,9,60,2024-07-27,8,27.88,0.1,223.04,0.22304000000000002,222.81696,2024,7,July,Saturday,3
3344,8,70,2024-03-17,10,149.07,0.25,1490.6999999999998,3.7267499999999996,1486.9732499999998,2024,3,March,Sunday,1
3346,2,139,2024-09-26,12,81.1,0.0,973.1999999999999,0.0,973.1999999999999,2024,9,September,Thursday,3
3347,1,128,2024-02-19,4,177.81,0.15,711.24,1.06686,710.17314,2024,2,February,Monday,1
3348,6,70,2024-07-15,8,149.07,0.0,1192.56,0.0,1192.56,2024,7,July,Monday,3
3349,5,82,2024-07-28,8,111.57,0.0,892.56,0.0,892.56,2024,7,July,Sunday,3
3350,3,26,2024-12-21,6,163.65,0.05,981.9000000000001,0.49095000000000005,981.4090500000001,2024,12,December,Saturday,4
3351,8,10,2024-02-03,6,136.82,0.25,820.92,2.0523,818.8677,2024,2,February,Saturday,1
3352,5,7,2024-11-16,9,12.29,0.0,110.60999999999999,0.0,110.60999999999999,2024,11,November,Saturday,4
3353,4,3,2024-09-20,4,91.88,0.25,367.52,0.9188,366.6012,2024,9,September,Friday,3
3354,8,81,2024-11-03,8,39.73,0.05,317.84,0.15892,317.68107999999995,2024,11,November,Sunday,4
3355,3,107,2024-09-27,2,9.07,0.1,18.14,0.01814,18.12186,2024,9,September,Friday,3
3356,5,78,2024-11-23,6,125.42,0.0,752.52,0.0,752.52,2024,11,November,Saturday,4
3357,5,16,2024-06-03,10,78.24,0.1,782.4,0.7824000000000001,781.6175999999999,2024,6,June,Monday,2
3358,2,133,2024-12-12,7,107.43,0.0,752.01,0.0,752.01,2024,12,December,Thursday,4
3359,6,161,2024-07-01,7,203.07,0.15,1421.49,2.132235,1419.357765,2024,7,July,Monday,3
3360,7,53,2024-12-06,11,131.05,0.0,1441.5500000000002,0.0,1441.5500000000002,2024,12,December,Friday,4
3361,7,26,2024-05-11,11,163.65,0.0,1800.15,0.0,1800.15,2024,5,May,Saturday,2
3362,1,105,2024-01-20,8,136.88,0.15,1095.04,1.64256,1093.39744,2024,1,January,Saturday,1
3363,1,135,2024-01-09,3,198.75,0.05,596.25,0.298125,595.951875,2024,1,January,Tuesday,1
3364,8,140,2024-07-25,3,147.3,0.15,441.90000000000003,0.6628499999999999,441.23715000000004,2024,7,July,Thursday,3
3365,10,163,2024-12-19,5,102.16,0.1,510.79999999999995,0.5108,510.28919999999994,2024,12,December,Thursday,4
3366,5,6,2024-12-06,4,18.62,0.25,74.48,0.1862,74.2938,2024,12,December,Friday,4
3367,7,80,2024-12-08,12,210.02,0.15,2520.2400000000002,3.78036,2516.45964,2024,12,December,Sunday,4
3368,3,124,2024-02-06,3,19.68,0.15,59.04,0.08856,58.95144,2024,2,February,Tuesday,1
3369,4,3,2024-02-12,1,91.88,0.0,91.88,0.0,91.88,2024,2,February,Monday,1
3370,3,68,2024-12-11,6,17.26,0.15,103.56,0.15533999999999998,103.40466,2024,12,December,Wednesday,4
3371,4,82,2024-11-03,9,111.57,0.15,1004.1299999999999,1.506195,1002.6238049999998,2024,11,November,Sunday,4
3372,3,10,2024-11-27,6,136.82,0.0,820.92,0.0,820.92,2024,11,November,Wednesday,4
3373,10,51,2024-12-21,4,160.16,0.05,640.64,0.32032000000000005,640.31968,2024,12,December,Saturday,4
3374,9,128,2024-12-20,9,177.81,0.25,1600.29,4.000725,1596.2892749999999,2024,12,December,Friday,4
3375,6,125,2024-12-18,2,151.37,0.0,302.74,0.0,302.74,2024,12,December,Wednesday,4
3376,6,83,2024-07-10,3,48.4,0.05,145.2,0.0726,145.1274,2024,7,July,Wednesday,3
3377,9,30,2024-04-05,6,212.07,0.25,1272.42,3.1810500000000004,1269.2389500000002,2024,4,April,Friday,2
3378,6,8,2024-08-24,1,98.81,0.0,98.81,0.0,98.81,2024,8,August,Saturday,3
3379,10,18,2024-03-22,9,204.77,0.05,1842.93,0.921465,1842.0085350000002,2024,3,March,Friday,1
3380,8,49,2024-12-16,5,89.67,0.15,448.35,0.6725249999999999,447.677475,2024,12,December,Monday,4
3381,1,123,2024-05-09,6,108.4,0.1,650.4000000000001,0.6504000000000001,649.7496000000001,2024,5,May,Thursday,2
3382,10,150,2024-01-05,3,89.35,0.1,268.04999999999995,0.26804999999999995,267.78194999999994,2024,1,January,Friday,1
3383,4,39,2024-03-25,6,112.9,0.25,677.4000000000001,1.6935000000000002,675.7065000000001,2024,3,March,Monday,1
3384,8,87,2024-02-27,9,211.16,0.25,1900.44,4.7511,1895.6889,2024,2,February,Tuesday,1
3385,1,7,2024-12-28,1,12.29,0.0,12.29,0.0,12.29,2024,12,December,Saturday,4
3386,2,148,2024-10-31,12,126.73,0.0,1520.76,0.0,1520.76,2024,10,October,Thursday,4
3387,5,90,2024-02-04,8,98.0,0.15,784.0,1.176,782.824,2024,2,February,Sunday,1
3388,10,116,2024-05-30,5,182.63,0.1,913.15,0.91315,912.23685,2024,5,May,Thursday,2
3389,6,128,2024-03-26,5,177.81,0.05,889.05,0.444525,888.605475,2024,3,March,Tuesday,1
3390,8,57,2024-12-14,4,75.29,0.0,301.16,0.0,301.16,2024,12,December,Saturday,4
3391,4,65,2024-07-11,7,65.09,0.1,455.63,0.45563000000000003,455.17437,2024,7,July,Thursday,3
3392,3,94,2024-10-01,7,179.27,0.25,1254.89,3.1372250000000004,1251.7527750000002,2024,10,October,Tuesday,4
3393,5,132,2024-02-25,9,133.08,0.0,1197.72,0.0,1197.72,2024,2,February,Sunday,1
3394,6,155,2024-12-29,6,165.6,0.25,993.5999999999999,2.484,991.1159999999999,2024,12,December,Sunday,4
3395,8,34,2024-06-11,7,99.91,0.0,699.37,0.0,699.37,2024,6,June,Tuesday,2
3396,6,3,2024-12-15,10,91.88,0.0,918.8,0.0,918.8,2024,12,December,Sunday,4
3397,7,150,2024-09-15,11,89.35,0.0,982.8499999999999,0.0,982.8499999999999,2024,9,September,Sunday,3
3398,6,135,2024-09-16,10,198.75,0.0,1987.5,0.0,1987.5,2024,9,September,Monday,3
3399,7,16,2024-11-20,9,78.24,0.0,704.16,0.0,704.16,2024,11,November,Wednesday,4
3400,9,130,2024-07-26,5,200.9,0.05,1004.5,0.50225,1003.99775,2024,7,July,Friday,3
3401,8,162,2024-04-28,9,125.27,0.05,1127.43,0.5637150000000001,1126.866285,2024,4,April,Sunday,2
3402,2,70,2024-09-14,11,149.07,0.05,1639.77,0.819885,1638.9501149999999,2024,9,September,Saturday,3
3403,10,80,2024-11-11,7,210.02,0.15,1470.14,2.20521,1467.93479,2024,11,November,Monday,4
3404,6,61,2024-07-10,1,24.26,0.25,24.26,0.06065,24.199350000000003,2024,7,July,Wednesday,3
3405,4,138,2024-03-30,7,98.66,0.15,690.62,1.03593,689.58407,2024,3,March,Saturday,1
3406,1,32,2024-12-11,4,195.25,0.0,781.0,0.0,781.0,2024,12,December,Wednesday,4
3407,7,17,2024-03-22,10,92.08,0.15,920.8,1.3811999999999998,919.4187999999999,2024,3,March,Friday,1
3408,5,74,2024-06-14,10,77.0,0.0,770.0,0.0,770.0,2024,6,June,Friday,2
3409,1,152,2024-11-04,1,77.49,0.15,77.49,0.11623499999999998,77.37376499999999,2024,11,November,Monday,4
3410,2,34,2024-05-06,7,99.91,0.0,699.37,0.0,699.37,2024,5,May,Monday,2
3411,6,87,2024-01-23,1,211.16,0.05,211.16,0.10558,211.05442,2024,1,January,Tuesday,1
3412,7,123,2024-08-15,4,108.4,0.1,433.6,0.43360000000000004,433.1664,2024,8,August,Thursday,3
3413,1,114,2024-01-13,4,137.91,0.0,551.64,0.0,551.64,2024,1,January,Saturday,1
3414,1,26,2024-12-19,2,163.65,0.0,327.3,0.0,327.3,2024,12,December,Thursday,4
3415,2,121,2024-12-28,4,164.69,0.0,658.76,0.0,658.76,2024,12,December,Saturday,4
3416,1,5,2024-05-08,9,152.79,0.25,1375.11,3.437775,1371.6722249999998,2024,5,May,Wednesday,2
3417,4,101,2024-11-27,6,131.65,0.0,789.9000000000001,0.0,789.9000000000001,2024,11,November,Wednesday,4
3418,10,43,2024-02-27,10,88.26,0.0,882.6,0.0,882.6,2024,2,February,Tuesday,1
3419,1,34,2024-11-08,6,99.91,0.15,599.46,0.8991899999999999,598.5608100000001,2024,11,November,Friday,4
3420,4,147,2024-07-17,8,159.14,0.15,1273.12,1.9096799999999998,1271.21032,2024,7,July,Wednesday,3
3421,8,49,2024-12-16,5,89.67,0.25,448.35,1.120875,447.229125,2024,12,December,Monday,4
3423,7,18,2024-03-22,6,204.77,0.25,1228.6200000000001,3.0715500000000002,1225.5484500000002,2024,3,March,Friday,1
3424,6,130,2024-03-09,1,200.9,0.15,200.9,0.30135,200.59865,2024,3,March,Saturday,1
3425,4,4,2024-08-17,4,167.47,0.0,669.88,0.0,669.88,2024,8,August,Saturday,3
3426,7,142,2024-09-20,5,36.7,0.0,183.5,0.0,183.5,2024,9,September,Friday,3
3427,7,136,2024-05-14,6,182.39,0.0,1094.34,0.0,1094.34,2024,5,May,Tuesday,2
3428,9,51,2024-07-19,8,160.16,0.0,1281.28,0.0,1281.28,2024,7,July,Friday,3
3429,10,116,2024-10-28,10,182.63,0.0,1826.3,0.0,1826.3,2024,10,October,Monday,4
3430,10,140,2024-05-03,8,147.3,0.0,1178.4,0.0,1178.4,2024,5,May,Friday,2
3431,3,57,2024-11-04,10,75.29,0.05,752.9000000000001,0.37645,752.5235500000001,2024,11,November,Monday,4
3432,8,112,2024-11-29,10,58.1,0.0,581.0,0.0,581.0,2024,11,November,Friday,4
3433,2,138,2024-02-29,2,98.66,0.0,197.32,0.0,197.32,2024,2,February,Thursday,1
3434,5,32,2024-04-04,4,195.25,0.0,781.0,0.0,781.0,2024,4,April,Thursday,2
3435,7,154,2024-05-23,7,104.34,0.0,730.38,0.0,730.38,2024,5,May,Thursday,2
3436,6,159,2024-09-17,2,51.69,0.05,103.38,0.05169000000000001,103.32831,2024,9,September,Tuesday,3
3437,5,78,2024-05-10,8,125.42,0.05,1003.36,0.50168,1002.85832,2024,5,May,Friday,2
3438,6,77,2024-11-05,1,68.92,0.1,68.92,0.06892000000000001,68.85108,2024,11,November,Tuesday,4
3439,2,167,2024-04-06,8,20.08,0.1,160.64,0.16064,160.47935999999999,2024,4,April,Saturday,2
3441,9,118,2024-08-28,8,153.88,0.0,1231.04,0.0,1231.04,2024,8,August,Wednesday,3
3442,6,79,2024-07-21,1,156.97,0.15,156.97,0.235455,156.734545,2024,7,July,Sunday,3
3443,3,85,2024-07-15,8,88.45,0.0,707.6,0.0,707.6,2024,7,July,Monday,3
3444,9,44,2024-01-15,11,260.43,0.15,2864.73,4.297095,2860.432905,2024,1,January,Monday,1
3445,7,61,2024-12-10,4,24.26,0.0,97.04,0.0,97.04,2024,12,December,Tuesday,4
3446,9,28,2024-05-28,1,143.98,0.15,143.98,0.21596999999999997,143.76403,2024,5,May,Tuesday,2
3447,5,73,2024-10-28,4,242.79,0.0,971.16,0.0,971.16,2024,10,October,Monday,4
3448,9,133,2024-05-03,8,107.43,0.0,859.44,0.0,859.44,2024,5,May,Friday,2
3449,6,89,2024-01-21,4,16.36,0.0,65.44,0.0,65.44,2024,1,January,Sunday,1
3450,9,76,2024-06-01,10,150.97,0.05,1509.7,0.75485,1508.94515,2024,6,June,Saturday,2
3451,8,158,2024-03-28,12,81.38,0.0,976.56,0.0,976.56,2024,3,March,Thursday,1
3452,7,31,2024-11-27,3,110.33,0.15,330.99,0.496485,330.493515,2024,11,November,Wednesday,4
3453,9,35,2024-03-27,11,8.64,0.0,95.04,0.0,95.04,2024,3,March,Wednesday,1
3454,4,90,2024-10-17,10,98.0,0.1,980.0,0.98,979.02,2024,10,October,Thursday,4
3455,8,167,2024-09-26,12,20.08,0.15,240.95999999999998,0.36144,240.59856,2024,9,September,Thursday,3
3456,10,101,2024-11-03,4,131.65,0.25,526.6,1.3165,525.2835,2024,11,November,Sunday,4
3457,4,31,2024-12-03,9,110.33,0.05,992.97,0.49648500000000007,992.473515,2024,12,December,Tuesday,4
3458,6,35,2024-04-30,12,8.64,0.05,103.68,0.05184000000000001,103.62816000000001,2024,4,April,Tuesday,2
3459,6,98,2024-01-13,11,93.24,0.0,1025.6399999999999,0.0,1025.6399999999999,2024,1,January,Saturday,1
3460,6,76,2024-11-01,5,150.97,0.0,754.85,0.0,754.85,2024,11,November,Friday,4
3461,10,142,2024-11-26,1,36.7,0.25,36.7,0.09175000000000001,36.608250000000005,2024,11,November,Tuesday,4
3462,7,15,2024-05-04,7,149.2,0.0,1044.3999999999999,0.0,1044.3999999999999,2024,5,May,Saturday,2
3463,7,55,2024-04-10,8,120.86,0.25,966.88,2.4172,964.4628,2024,4,April,Wednesday,2
3465,9,153,2024-08-15,3,149.65,0.05,448.95000000000005,0.22447500000000006,448.72552500000006,2024,8,August,Thursday,3
3466,8,21,2024-12-21,9,89.09,0.1,801.8100000000001,0.8018100000000001,801.00819,2024,12,December,Saturday,4
3467,6,62,2024-10-09,3,11.77,0.0,35.31,0.0,35.31,2024,10,October,Wednesday,4
3468,2,109,2024-06-10,3,204.21,0.05,612.63,0.306315,612.323685,2024,6,June,Monday,2
3469,4,116,2024-02-17,6,182.63,0.0,1095.78,0.0,1095.78,2024,2,February,Saturday,1
3470,5,33,2024-06-07,5,162.49,0.1,812.45,0.81245,811.63755,2024,6,June,Friday,2
3471,3,89,2024-04-08,9,16.36,0.0,147.24,0.0,147.24,2024,4,April,Monday,2
3472,1,50,2024-09-29,4,168.2,0.1,672.8,0.6728000000000001,672.1271999999999,2024,9,September,Sunday,3
3473,8,99,2024-11-05,6,207.07,0.0,1242.42,0.0,1242.42,2024,11,November,Tuesday,4
3474,5,89,2024-01-15,9,16.36,0.05,147.24,0.07362,147.16638,2024,1,January,Monday,1
3475,7,105,2024-12-23,5,136.88,0.1,684.4,0.6844,683.7156,2024,12,December,Monday,4
3476,2,60,2024-06-18,4,27.88,0.0,111.52,0.0,111.52,2024,6,June,Tuesday,2
3477,5,145,2024-09-27,12,33.88,0.0,406.56000000000006,0.0,406.56000000000006,2024,9,September,Friday,3
3478,8,170,2024-02-08,7,8.38,0.0,58.660000000000004,0.0,58.660000000000004,2024,2,February,Thursday,1
3479,9,159,2024-11-05,1,51.69,0.1,51.69,0.05169000000000001,51.63831,2024,11,November,Tuesday,4
3480,9,156,2024-07-02,8,173.78,0.25,1390.24,3.4756,1386.7644,2024,7,July,Tuesday,3
3481,9,86,2024-05-20,6,125.76,0.0,754.5600000000001,0.0,754.5600000000001,2024,5,May,Monday,2
3482,6,71,2024-12-19,9,11.55,0.0,103.95,0.0,103.95,2024,12,December,Thursday,4
3483,9,12,2024-11-15,4,105.87,0.0,423.48,0.0,423.48,2024,11,November,Friday,4
3484,3,97,2024-04-13,4,51.84,0.0,207.36,0.0,207.36,2024,4,April,Saturday,2
3485,8,29,2024-08-03,5,128.85,0.1,644.25,0.64425,643.60575,2024,8,August,Saturday,3
3486,1,109,2024-11-14,6,204.21,0.25,1225.26,3.06315,1222.19685,2024,11,November,Thursday,4
3487,5,15,2024-12-19,2,149.2,0.1,298.4,0.2984,298.10159999999996,2024,12,December,Thursday,4
3488,3,130,2024-09-24,10,200.9,0.15,2009.0,3.0134999999999996,2005.9865,2024,9,September,Tuesday,3
3489,7,24,2024-05-09,6,80.42,0.15,482.52,0.72378,481.79622,2024,5,May,Thursday,2
3490,2,104,2024-11-05,5,246.47,0.0,1232.35,0.0,1232.35,2024,11,November,Tuesday,4
3491,9,67,2024-03-04,9,107.18,0.0,964.6200000000001,0.0,964.6200000000001,2024,3,March,Monday,1
3492,1,42,2024-03-01,2,169.87,0.25,339.74,0.84935,338.89065,2024,3,March,Friday,1
3493,10,20,2024-04-08,12,150.34,0.15,1804.08,2.70612,1801.3738799999999,2024,4,April,Monday,2
3494,4,165,2024-02-18,4,56.11,0.15,224.44,0.33665999999999996,224.10334,2024,2,February,Sunday,1
3495,2,128,2024-11-27,3,177.81,0.25,533.4300000000001,1.3335750000000002,532.0964250000001,2024,11,November,Wednesday,4
3496,6,170,2024-03-23,8,8.38,0.15,67.04,0.10056000000000001,66.93944,2024,3,March,Saturday,1
3497,6,45,2024-10-29,10,29.94,0.0,299.40000000000003,0.0,299.40000000000003,2024,10,October,Tuesday,4
3498,8,147,2024-08-16,12,159.14,0.25,1909.6799999999998,4.7741999999999996,1904.9057999999998,2024,8,August,Friday,3
3499,6,13,2024-02-28,7,91.64,0.0,641.48,0.0,641.48,2024,2,February,Wednesday,1
3500,6,79,2024-08-13,7,156.97,0.0,1098.79,0.0,1098.79,2024,8,August,Tuesday,3
3501,9,164,2024-08-02,7,78.92,0.0,552.44,0.0,552.44,2024,8,August,Friday,3
3502,4,95,2024-10-17,2,244.81,0.25,489.62,1.22405,488.39595,2024,10,October,Thursday,4
3503,10,51,2024-12-27,9,160.16,0.15,1441.44,2.16216,1439.27784,2024,12,December,Friday,4
3504,9,148,2024-12-05,2,126.73,0.25,253.46,0.63365,252.82635000000002,2024,12,December,Thursday,4
3505,6,110,2024-12-15,10,240.3,0.25,2403.0,6.0075,2396.9925,2024,12,December,Sunday,4
3506,8,23,2024-12-11,5,135.4,0.1,677.0,0.677,676.323,2024,12,December,Wednesday,4
3507,4,36,2024-12-28,10,31.45,0.1,314.5,0.3145,314.1855,2024,12,December,Saturday,4
3509,10,158,2024-07-30,5,81.38,0.0,406.9,0.0,406.9,2024,7,July,Tuesday,3
3510,1,146,2024-09-10,9,127.32,0.05,1145.8799999999999,0.57294,1145.3070599999999,2024,9,September,Tuesday,3
3511,3,153,2024-04-16,10,149.65,0.15,1496.5,2.24475,1494.25525,2024,4,April,Tuesday,2
3512,10,125,2024-02-07,9,151.37,0.25,1362.33,3.4058249999999997,1358.9241749999999,2024,2,February,Wednesday,1
3513,6,105,2024-08-03,3,136.88,0.05,410.64,0.20532,410.43468,2024,8,August,Saturday,3
3514,5,11,2024-03-20,11,117.42,0.15,1291.6200000000001,1.9374300000000002,1289.6825700000002,2024,3,March,Wednesday,1
3515,1,148,2024-11-28,10,126.73,0.0,1267.3,0.0,1267.3,2024,11,November,Thursday,4
3516,10,82,2024-09-08,8,111.57,0.0,892.56,0.0,892.56,2024,9,September,Sunday,3
3517,6,77,2024-01-08,4,68.92,0.0,275.68,0.0,275.68,2024,1,January,Monday,1
3518,4,31,2024-02-16,6,110.33,0.25,661.98,1.6549500000000001,660.32505,2024,2,February,Friday,1
3519,2,115,2024-11-28,11,212.31,0.1,2335.41,2.33541,2333.0745899999997,2024,11,November,Thursday,4
3520,2,96,2024-04-06,6,169.6,0.1,1017.5999999999999,1.0175999999999998,1016.5823999999999,2024,4,April,Saturday,2
3521,4,101,2024-12-08,10,131.65,0.0,1316.5,0.0,1316.5,2024,12,December,Sunday,4
3522,2,151,2024-04-11,3,22.4,0.05,67.19999999999999,0.03359999999999999,67.16639999999998,2024,4,April,Thursday,2
3523,10,117,2024-04-05,7,144.39,0.25,1010.7299999999999,2.5268249999999997,1008.2031749999999,2024,4,April,Friday,2
3524,6,163,2024-11-16,3,102.16,0.0,306.48,0.0,306.48,2024,11,November,Saturday,4
3525,8,109,2024-12-02,9,204.21,0.05,1837.89,0.9189450000000001,1836.9710550000002,2024,12,December,Monday,4
3526,5,32,2024-12-01,4,195.25,0.0,781.0,0.0,781.0,2024,12,December,Sunday,4
3527,1,131,2024-07-01,7,141.63,0.1,991.41,0.99141,990.41859,2024,7,July,Monday,3
3528,10,145,2024-09-23,8,33.88,0.0,271.04,0.0,271.04,2024,9,September,Monday,3
3529,1,66,2024-11-18,6,254.58,0.0,1527.48,0.0,1527.48,2024,11,November,Monday,4
3530,3,9,2024-08-30,11,100.29,0.0,1103.19,0.0,1103.19,2024,8,August,Friday,3
3531,4,165,2024-06-07,2,56.11,0.0,112.22,0.0,112.22,2024,6,June,Friday,2
3532,1,28,2024-04-07,5,143.98,0.15,719.9,1.07985,718.82015,2024,4,April,Sunday,2
3533,8,106,2024-08-03,11,97.25,0.0,1069.75,0.0,1069.75,2024,8,August,Saturday,3
3534,8,28,2024-04-28,11,143.98,0.25,1583.78,3.95945,1579.82055,2024,4,April,Sunday,2
3535,10,115,2024-12-10,5,212.31,0.0,1061.55,0.0,1061.55,2024,12,December,Tuesday,4
3536,7,11,2024-05-25,5,117.42,0.0,587.1,0.0,587.1,2024,5,May,Saturday,2
3537,10,140,2024-09-24,7,147.3,0.0,1031.1000000000001,0.0,1031.1000000000001,2024,9,September,Tuesday,3
3538,5,78,2024-11-26,8,125.42,0.05,1003.36,0.50168,1002.85832,2024,11,November,Tuesday,4
3539,4,58,2024-08-21,10,216.14,0.0,2161.3999999999996,0.0,2161.3999999999996,2024,8,August,Wednesday,3
3540,8,143,2024-02-25,9,233.86,0.0,2104.7400000000002,0.0,2104.7400000000002,2024,2,February,Sunday,1
3541,5,36,2024-05-02,2,31.45,0.25,62.9,0.15725,62.74275,2024,5,May,Thursday,2
3542,8,105,2024-06-14,6,136.88,0.0,821.28,0.0,821.28,2024,6,June,Friday,2
3543,6,32,2024-10-13,3,195.25,0.0,585.75,0.0,585.75,2024,10,October,Sunday,4
3544,9,8,2024-08-29,4,98.81,0.0,395.24,0.0,395.24,2024,8,August,Thursday,3
3545,1,140,2024-08-20,9,147.3,0.25,1325.7,3.31425,1322.3857500000001,2024,8,August,Tuesday,3
3546,5,15,2024-11-19,12,149.2,0.05,1790.3999999999999,0.8952,1789.5048,2024,11,November,Tuesday,4
3547,5,144,2024-02-01,9,72.5,0.05,652.5,0.32625,652.17375,2024,2,February,Thursday,1
3548,1,87,2024-11-11,5,211.16,0.05,1055.8,0.5279,1055.2721,2024,11,November,Monday,4
3549,7,83,2024-12-25,7,48.4,0.0,338.8,0.0,338.8,2024,12,December,Wednesday,4
3550,4,130,2024-06-22,12,200.9,0.05,2410.8,1.2054000000000002,2409.5946000000004,2024,6,June,Saturday,2
3551,3,64,2024-08-15,3,54.54,0.0,163.62,0.0,163.62,2024,8,August,Thursday,3
3552,1,105,2024-03-09,11,136.88,0.05,1505.6799999999998,0.75284,1504.9271599999997,2024,3,March,Saturday,1
3553,9,49,2024-12-18,6,89.67,0.25,538.02,1.3450499999999999,536.67495,2024,12,December,Wednesday,4
3554,6,169,2024-04-11,1,48.02,0.0,48.02,0.0,48.02,2024,4,April,Thursday,2
3555,6,10,2024-10-20,3,136.82,0.0,410.46,0.0,410.46,2024,10,October,Sunday,4
3556,7,8,2024-09-27,12,98.81,0.0,1185.72,0.0,1185.72,2024,9,September,Friday,3
3557,3,51,2024-12-09,1,160.16,0.1,160.16,0.16016000000000002,159.99984,2024,12,December,Monday,4
3558,8,24,2024-03-14,3,80.42,0.0,241.26,0.0,241.26,2024,3,March,Thursday,1
3559,8,161,2024-12-27,3,203.07,0.0,609.21,0.0,609.21,2024,12,December,Friday,4
3560,2,139,2024-11-26,2,81.1,0.05,162.2,0.08109999999999999,162.1189,2024,11,November,Tuesday,4
3561,8,152,2024-02-25,5,77.49,0.05,387.45,0.19372500000000004,387.256275,2024,2,February,Sunday,1
3562,1,153,2024-06-26,6,149.65,0.15,897.9000000000001,1.34685,896.5531500000001,2024,6,June,Wednesday,2
3563,10,115,2024-06-15,10,212.31,0.15,2123.1,3.1846499999999995,2119.9153499999998,2024,6,June,Saturday,2
3564,2,79,2024-03-07,2,156.97,0.0,313.94,0.0,313.94,2024,3,March,Thursday,1
3565,3,55,2024-12-17,9,120.86,0.05,1087.74,0.54387,1087.19613,2024,12,December,Tuesday,4
3566,5,159,2024-11-22,2,51.69,0.05,103.38,0.05169000000000001,103.32831,2024,11,November,Friday,4
3567,8,169,2024-07-09,4,48.02,0.0,192.08,0.0,192.08,2024,7,July,Tuesday,3
3568,8,106,2024-08-01,9,97.25,0.05,875.25,0.43762500000000004,874.812375,2024,8,August,Thursday,3
3569,3,19,2024-02-26,8,61.27,0.0,490.16,0.0,490.16,2024,2,February,Monday,1
3570,9,127,2024-09-15,12,51.12,0.05,613.4399999999999,0.30672,613.1332799999999,2024,9,September,Sunday,3
3571,5,117,2024-12-20,2,144.39,0.0,288.78,0.0,288.78,2024,12,December,Friday,4
3572,10,130,2024-01-25,10,200.9,0.0,2009.0,0.0,2009.0,2024,1,January,Thursday,1
3573,1,85,2024-06-22,7,88.45,0.0,619.15,0.0,619.15,2024,6,June,Saturday,2
3574,7,109,2024-04-15,1,204.21,0.0,204.21,0.0,204.21,2024,4,April,Monday,2
3575,6,167,2024-02-13,3,20.08,0.1,60.239999999999995,0.06024,60.179759999999995,2024,2,February,Tuesday,1
3576,5,132,2024-01-01,8,133.08,0.15,1064.64,1.59696,1063.04304,2024,1,January,Monday,1
3577,9,138,2024-01-19,8,98.66,0.0,789.28,0.0,789.28,2024,1,January,Friday,1
3578,9,46,2024-02-02,3,46.4,0.25,139.2,0.348,138.85199999999998,2024,2,February,Friday,1
3579,8,75,2024-06-19,12,29.49,0.15,353.88,0.53082,353.34918,2024,6,June,Wednesday,2
3580,5,165,2024-05-04,6,56.11,0.1,336.65999999999997,0.33665999999999996,336.32334,2024,5,May,Saturday,2
3581,7,3,2024-03-13,9,91.88,0.05,826.92,0.41346000000000005,826.50654,2024,3,March,Wednesday,1
3582,2,69,2024-02-02,10,68.64,0.0,686.4,0.0,686.4,2024,2,February,Friday,1
3583,10,48,2024-01-04,2,43.06,0.05,86.12,0.04306,86.07694000000001,2024,1,January,Thursday,1
3584,5,83,2024-06-05,4,48.4,0.0,193.6,0.0,193.6,2024,6,June,Wednesday,2
3585,10,48,2024-07-19,2,43.06,0.1,86.12,0.08612,86.03388000000001,2024,7,July,Friday,3
3586,2,20,2024-12-29,11,150.34,0.0,1653.74,0.0,1653.74,2024,12,December,Sunday,4
3587,8,130,2024-05-26,4,200.9,0.0,803.6,0.0,803.6,2024,5,May,Sunday,2
3588,6,56,2024-03-15,11,91.09,0.0,1001.99,0.0,1001.99,2024,3,March,Friday,1
3589,10,29,2024-03-21,4,128.85,0.25,515.4,1.2885,514.1115,2024,3,March,Thursday,1
3590,6,14,2024-11-14,4,13.97,0.05,55.88,0.027940000000000006,55.85206,2024,11,November,Thursday,4
3591,4,88,2024-11-24,6,106.78,0.0,640.6800000000001,0.0,640.6800000000001,2024,11,November,Sunday,4
3592,2,135,2024-05-29,11,198.75,0.0,2186.25,0.0,2186.25,2024,5,May,Wednesday,2
3593,9,152,2024-03-12,5,77.49,0.05,387.45,0.19372500000000004,387.256275,2024,3,March,Tuesday,1
3594,3,53,2024-09-11,9,131.05,0.25,1179.45,2.9486250000000003,1176.501375,2024,9,September,Wednesday,3
3595,10,92,2024-08-08,8,96.38,0.0,771.04,0.0,771.04,2024,8,August,Thursday,3
3596,3,61,2024-02-24,4,24.26,0.05,97.04,0.04852,96.99148000000001,2024,2,February,Saturday,1
3597,3,161,2024-12-28,4,203.07,0.0,812.28,0.0,812.28,2024,12,December,Saturday,4
3598,7,79,2024-03-10,8,156.97,0.0,1255.76,0.0,1255.76,2024,3,March,Sunday,1
3599,8,69,2024-03-29,9,68.64,0.0,617.76,0.0,617.76,2024,3,March,Friday,1
3600,1,93,2024-11-28,8,187.19,0.0,1497.52,0.0,1497.52,2024,11,November,Thursday,4
3601,1,80,2024-05-25,5,210.02,0.0,1050.1000000000001,0.0,1050.1000000000001,2024,5,May,Saturday,2
3602,1,30,2024-04-21,10,212.07,0.0,2120.7,0.0,2120.7,2024,4,April,Sunday,2
3603,2,61,2024-02-21,8,24.26,0.1,194.08,0.19408,193.88592,2024,2,February,Wednesday,1
3604,5,60,2024-02-07,9,27.88,0.15,250.92,0.37638,250.54361999999998,2024,2,February,Wednesday,1
3605,4,148,2024-07-07,1,126.73,0.0,126.73,0.0,126.73,2024,7,July,Sunday,3
3606,10,87,2024-11-17,11,211.16,0.15,2322.7599999999998,3.484139999999999,2319.2758599999997,2024,11,November,Sunday,4
3607,8,154,2024-09-28,7,104.34,0.0,730.38,0.0,730.38,2024,9,September,Saturday,3
3608,6,162,2024-05-21,9,125.27,0.0,1127.43,0.0,1127.43,2024,5,May,Tuesday,2
3609,7,42,2024-07-27,1,169.87,0.0,169.87,0.0,169.87,2024,7,July,Saturday,3
3610,1,118,2024-10-14,7,153.88,0.05,1077.1599999999999,0.53858,1076.62142,2024,10,October,Monday,4
3611,7,120,2024-02-12,9,234.32,0.0,2108.88,0.0,2108.88,2024,2,February,Monday,1
3612,9,128,2024-12-01,1,177.81,0.0,177.81,0.0,177.81,2024,12,December,Sunday,4
3613,3,44,2024-07-24,9,260.43,0.0,2343.87,0.0,2343.87,2024,7,July,Wednesday,3
3614,4,93,2024-06-21,8,187.19,0.1,1497.52,1.4975200000000002,1496.02248,2024,6,June,Friday,2
3615,5,123,2024-03-03,1,108.4,0.0,108.4,0.0,108.4,2024,3,March,Sunday,1
3616,10,2,2024-08-09,9,81.57,0.05,734.1299999999999,0.367065,733.7629349999999,2024,8,August,Friday,3
3617,7,89,2024-04-23,3,16.36,0.1,49.08,0.049080000000000006,49.03092,2024,4,April,Tuesday,2
3618,6,143,2024-01-27,2,233.86,0.15,467.72,0.70158,467.01842000000005,2024,1,January,Saturday,1
3619,4,134,2024-11-26,10,141.92,0.1,1419.1999999999998,1.4191999999999998,1417.7807999999998,2024,11,November,Tuesday,4
3620,1,84,2024-12-09,4,219.55,0.25,878.2,2.1955,876.0045,2024,12,December,Monday,4
3621,9,19,2024-12-01,5,61.27,0.05,306.35,0.15317500000000003,306.19682500000005,2024,12,December,Sunday,4
3622,7,127,2024-01-16,8,51.12,0.1,408.96,0.40896,408.55104,2024,1,January,Tuesday,1
3623,5,60,2024-05-02,3,27.88,0.0,83.64,0.0,83.64,2024,5,May,Thursday,2
3624,4,100,2024-07-25,5,120.25,0.0,601.25,0.0,601.25,2024,7,July,Thursday,3
3625,1,74,2024-06-14,4,77.0,0.0,308.0,0.0,308.0,2024,6,June,Friday,2
3626,7,85,2024-03-05,7,88.45,0.0,619.15,0.0,619.15,2024,3,March,Tuesday,1
3627,8,69,2024-04-12,6,68.64,0.1,411.84000000000003,0.41184000000000004,411.42816000000005,2024,4,April,Friday,2
3628,8,20,2024-12-06,3,150.34,0.0,451.02,0.0,451.02,2024,12,December,Friday,4
3629,6,54,2024-09-24,7,241.98,0.15,1693.86,2.54079,1691.3192099999999,2024,9,September,Tuesday,3
3630,4,94,2024-02-08,2,179.27,0.1,358.54,0.3585400000000001,358.18146,2024,2,February,Thursday,1
3631,9,118,2024-04-25,10,153.88,0.0,1538.8,0.0,1538.8,2024,4,April,Thursday,2
3632,9,118,2024-08-14,9,153.88,0.15,1384.92,2.07738,1382.8426200000001,2024,8,August,Wednesday,3
3633,7,64,2024-05-14,10,54.54,0.0,545.4,0.0,545.4,2024,5,May,Tuesday,2
3634,6,46,2024-11-30,5,46.4,0.1,232.0,0.23200000000000004,231.768,2024,11,November,Saturday,4
3635,5,121,2024-06-12,8,164.69,0.0,1317.52,0.0,1317.52,2024,6,June,Wednesday,2
3636,2,120,2024-09-26,12,234.32,0.25,2811.84,7.0296,2804.8104000000003,2024,9,September,Thursday,3
3637,6,125,2024-12-04,12,151.37,0.0,1816.44,0.0,1816.44,2024,12,December,Wednesday,4
3638,6,160,2024-04-17,3,215.87,0.0,647.61,0.0,647.61,2024,4,April,Wednesday,2
3639,6,98,2024-12-07,7,93.24,0.25,652.68,1.6317,651.0482999999999,2024,12,December,Saturday,4
3640,1,89,2024-06-15,10,16.36,0.0,163.6,0.0,163.6,2024,6,June,Saturday,2
3641,5,118,2024-11-11,11,153.88,0.0,1692.6799999999998,0.0,1692.6799999999998,2024,11,November,Monday,4
3642,4,9,2024-07-29,8,100.29,0.0,802.32,0.0,802.32,2024,7,July,Monday,3
3643,3,63,2024-09-16,8,110.07,0.15,880.56,1.3208399999999998,879.23916,2024,9,September,Monday,3
3644,4,14,2024-02-18,10,13.97,0.1,139.70000000000002,0.13970000000000002,139.5603,2024,2,February,Sunday,1
3645,10,66,2024-06-05,11,254.58,0.05,2800.38,1.40019,2798.9798100000003,2024,6,June,Wednesday,2
3646,3,76,2024-11-28,10,150.97,0.0,1509.7,0.0,1509.7,2024,11,November,Thursday,4
3647,10,108,2024-03-06,6,151.96,0.0,911.76,0.0,911.76,2024,3,March,Wednesday,1
3648,10,24,2024-12-18,2,80.42,0.05,160.84,0.08041999999999999,160.75958,2024,12,December,Wednesday,4
3649,7,80,2024-10-13,12,210.02,0.05,2520.2400000000002,1.2601200000000001,2518.9798800000003,2024,10,October,Sunday,4
3650,6,149,2024-09-30,11,212.9,0.0,2341.9,0.0,2341.9,2024,9,September,Monday,3
3651,6,48,2024-07-10,6,43.06,0.15,258.36,0.38754,257.97246,2024,7,July,Wednesday,3
3652,9,9,2024-02-02,1,100.29,0.0,100.29,0.0,100.29,2024,2,February,Friday,1
3653,7,131,2024-07-09,11,141.63,0.1,1557.9299999999998,1.55793,1556.37207,2024,7,July,Tuesday,3
3654,5,18,2024-11-04,10,204.77,0.0,2047.7,0.0,2047.7,2024,11,November,Monday,4
3655,5,15,2024-11-27,1,149.2,0.0,149.2,0.0,149.2,2024,11,November,Wednesday,4
3656,7,102,2024-07-24,12,25.17,0.1,302.04,0.30204000000000003,301.73796000000004,2024,7,July,Wednesday,3
3657,9,12,2024-11-28,8,105.87,0.1,846.96,0.8469600000000002,846.1130400000001,2024,11,November,Thursday,4
3658,5,102,2024-07-21,5,25.17,0.0,125.85000000000001,0.0,125.85000000000001,2024,7,July,Sunday,3
3659,5,10,2024-09-28,12,136.82,0.1,1641.84,1.64184,1640.19816,2024,9,September,Saturday,3
3660,6,27,2024-01-19,9,83.28,0.25,749.52,1.8738,747.6462,2024,1,January,Friday,1
3661,5,15,2024-12-23,1,149.2,0.25,149.2,0.373,148.827,2024,12,December,Monday,4
3662,5,125,2024-03-05,2,151.37,0.05,302.74,0.15137,302.58863,2024,3,March,Tuesday,1
3663,7,160,2024-12-07,3,215.87,0.1,647.61,0.6476100000000001,646.96239,2024,12,December,Saturday,4
3664,2,107,2024-12-08,12,9.07,0.0,108.84,0.0,108.84,2024,12,December,Sunday,4
3665,9,7,2024-04-02,1,12.29,0.0,12.29,0.0,12.29,2024,4,April,Tuesday,2
3666,9,47,2024-10-06,3,118.87,0.15,356.61,0.534915,356.075085,2024,10,October,Sunday,4
3667,3,80,2024-11-07,6,210.02,0.0,1260.1200000000001,0.0,1260.1200000000001,2024,11,November,Thursday,4
3668,7,5,2024-06-11,5,152.79,0.05,763.9499999999999,0.38197499999999995,763.5680249999999,2024,6,June,Tuesday,2
3669,3,103,2024-04-22,7,143.37,0.05,1003.59,0.501795,1003.088205,2024,4,April,Monday,2
3670,4,29,2024-05-12,5,128.85,0.0,644.25,0.0,644.25,2024,5,May,Sunday,2
3671,4,147,2024-03-27,10,159.14,0.1,1591.3999999999999,1.5914,1589.8085999999998,2024,3,March,Wednesday,1
3672,8,146,2024-01-12,8,127.32,0.15,1018.56,1.5278399999999999,1017.03216,2024,1,January,Friday,1
3673,5,76,2024-12-15,3,150.97,0.0,452.90999999999997,0.0,452.90999999999997,2024,12,December,Sunday,4
3674,3,115,2024-01-08,5,212.31,0.1,1061.55,1.06155,1060.48845,2024,1,January,Monday,1
3675,2,39,2024-10-15,6,112.9,0.0,677.4000000000001,0.0,677.4000000000001,2024,10,October,Tuesday,4
3676,5,108,2024-08-22,12,151.96,0.05,1823.52,0.91176,1822.60824,2024,8,August,Thursday,3
3677,3,57,2024-12-02,8,75.29,0.0,602.32,0.0,602.32,2024,12,December,Monday,4
3679,8,4,2024-08-21,10,167.47,0.1,1674.7,1.6747000000000003,1673.0253,2024,8,August,Wednesday,3
3680,9,124,2024-12-19,1,19.68,0.0,19.68,0.0,19.68,2024,12,December,Thursday,4
3681,1,37,2024-12-28,1,19.91,0.0,19.91,0.0,19.91,2024,12,December,Saturday,4
3682,10,51,2024-05-26,11,160.16,0.05,1761.76,0.8808800000000001,1760.87912,2024,5,May,Sunday,2
3683,4,11,2024-12-28,7,117.42,0.0,821.94,0.0,821.94,2024,12,December,Saturday,4
3684,9,119,2024-07-02,8,38.1,0.0,304.8,0.0,304.8,2024,7,July,Tuesday,3
3685,8,21,2024-11-11,11,89.09,0.05,979.99,0.48999500000000007,979.500005,2024,11,November,Monday,4
3686,6,12,2024-12-20,11,105.87,0.1,1164.5700000000002,1.1645700000000003,1163.4054300000003,2024,12,December,Friday,4
3687,9,37,2024-09-08,1,19.91,0.25,19.91,0.049775,19.860225,2024,9,September,Sunday,3
3688,3,122,2024-12-04,7,28.93,0.15,202.51,0.30376499999999995,202.206235,2024,12,December,Wednesday,4
3689,1,120,2024-09-28,2,234.32,0.0,468.64,0.0,468.64,2024,9,September,Saturday,3
3690,1,18,2024-11-28,10,204.77,0.1,2047.7,2.0477000000000003,2045.6523,2024,11,November,Thursday,4
3691,2,127,2024-11-22,5,51.12,0.05,255.6,0.12780000000000002,255.4722,2024,11,November,Friday,4
3692,4,52,2024-06-12,2,158.1,0.1,316.2,0.31620000000000004,315.8838,2024,6,June,Wednesday,2
3693,10,102,2024-03-13,8,25.17,0.0,201.36,0.0,201.36,2024,3,March,Wednesday,1
3694,10,10,2024-10-06,6,136.82,0.0,820.92,0.0,820.92,2024,10,October,Sunday,4
3696,4,104,2024-10-26,7,246.47,0.0,1725.29,0.0,1725.29,2024,10,October,Saturday,4
3697,1,29,2024-10-06,4,128.85,0.1,515.4,0.5154,514.8846,2024,10,October,Sunday,4
3698,3,131,2024-09-30,4,141.63,0.0,566.52,0.0,566.52,2024,9,September,Monday,3
3699,6,63,2024-03-14,11,110.07,0.05,1210.77,0.605385,1210.164615,2024,3,March,Thursday,1
3700,7,69,2024-07-20,12,68.64,0.05,823.6800000000001,0.41184000000000004,823.2681600000001,2024,7,July,Saturday,3
3701,6,118,2024-01-30,11,153.88,0.15,1692.6799999999998,2.5390199999999994,1690.14098,2024,1,January,Tuesday,1
3702,3,93,2024-11-19,12,187.19,0.25,2246.2799999999997,5.6156999999999995,2240.6643,2024,11,November,Tuesday,4
3703,4,5,2024-11-18,7,152.79,0.0,1069.53,0.0,1069.53,2024,11,November,Monday,4
3704,1,89,2024-01-23,7,16.36,0.15,114.52,0.17177999999999996,114.34822,2024,1,January,Tuesday,1
3705,5,16,2024-04-23,3,78.24,0.1,234.71999999999997,0.23471999999999998,234.48527999999996,2024,4,April,Tuesday,2
3706,2,129,2024-08-02,10,151.03,0.0,1510.3,0.0,1510.3,2024,8,August,Friday,3
3707,6,70,2024-05-14,6,149.07,0.0,894.42,0.0,894.42,2024,5,May,Tuesday,2
3708,6,79,2024-03-13,7,156.97,0.15,1098.79,1.648185,1097.141815,2024,3,March,Wednesday,1
3709,2,126,2024-05-06,3,28.64,0.0,85.92,0.0,85.92,2024,5,May,Monday,2
3710,3,139,2024-02-04,5,81.1,0.0,405.5,0.0,405.5,2024,2,February,Sunday,1
3711,4,73,2024-12-08,4,242.79,0.0,971.16,0.0,971.16,2024,12,December,Sunday,4
3712,6,15,2024-11-11,9,149.2,0.25,1342.8,3.3569999999999998,1339.443,2024,11,November,Monday,4
3713,8,163,2024-04-28,11,102.16,0.1,1123.76,1.12376,1122.63624,2024,4,April,Sunday,2
3714,6,81,2024-08-16,10,39.73,0.0,397.29999999999995,0.0,397.29999999999995,2024,8,August,Friday,3
3715,2,133,2024-06-21,1,107.43,0.15,107.43,0.16114499999999998,107.268855,2024,6,June,Friday,2
3716,9,124,2024-06-13,5,19.68,0.05,98.4,0.04920000000000001,98.3508,2024,6,June,Thursday,2
3717,9,120,2024-12-07,6,234.32,0.25,1405.92,3.5148,1402.4052000000001,2024,12,December,Saturday,4
3718,6,111,2024-11-25,12,43.1,0.0,517.2,0.0,517.2,2024,11,November,Monday,4
3719,5,104,2024-10-13,6,246.47,0.1,1478.82,1.47882,1477.34118,2024,10,October,Sunday,4
3720,8,154,2024-12-27,3,104.34,0.15,313.02,0.46952999999999995,312.55046999999996,2024,12,December,Friday,4
3721,10,34,2024-04-28,5,99.91,0.0,499.54999999999995,0.0,499.54999999999995,2024,4,April,Sunday,2
3722,6,126,2024-10-11,12,28.64,0.25,343.68,0.8592,342.8208,2024,10,October,Friday,4
3723,8,70,2024-06-06,2,149.07,0.0,298.14,0.0,298.14,2024,6,June,Thursday,2
3724,8,125,2024-01-21,9,151.37,0.0,1362.33,0.0,1362.33,2024,1,January,Sunday,1
3725,2,70,2024-12-25,5,149.07,0.15,745.3499999999999,1.1180249999999998,744.2319749999999,2024,12,December,Wednesday,4
3726,8,121,2024-10-22,3,164.69,0.0,494.07,0.0,494.07,2024,10,October,Tuesday,4
3727,6,53,2024-05-24,6,131.05,0.05,786.3000000000001,0.39315000000000005,785.9068500000001,2024,5,May,Friday,2
3728,1,143,2024-08-07,11,233.86,0.0,2572.46,0.0,2572.46,2024,8,August,Wednesday,3
3729,7,79,2024-05-26,4,156.97,0.1,627.88,0.62788,627.25212,2024,5,May,Sunday,2
3730,1,16,2024-11-19,5,78.24,0.25,391.2,0.978,390.222,2024,11,November,Tuesday,4
3731,1,48,2024-12-06,7,43.06,0.15,301.42,0.45213000000000003,300.96787,2024,12,December,Friday,4
3732,9,95,2024-01-24,5,244.81,0.0,1224.05,0.0,1224.05,2024,1,January,Wednesday,1
3733,3,93,2024-11-18,10,187.19,0.05,1871.9,0.9359500000000002,1870.96405,2024,11,November,Monday,4
3734,3,41,2024-10-09,11,157.72,0.1,1734.92,1.7349200000000002,1733.18508,2024,10,October,Wednesday,4
3735,5,2,2024-02-21,10,81.57,0.0,815.6999999999999,0.0,815.6999999999999,2024,2,February,Wednesday,1
3736,9,123,2024-03-27,5,108.4,0.25,542.0,1.355,540.645,2024,3,March,Wednesday,1
3737,4,152,2024-07-20,11,77.49,0.05,852.39,0.42619500000000005,851.963805,2024,7,July,Saturday,3
3738,3,35,2024-10-21,9,8.64,0.0,77.76,0.0,77.76,2024,10,October,Monday,4
3739,8,158,2024-01-21,9,81.38,0.0,732.42,0.0,732.42,2024,1,January,Sunday,1
3740,9,149,2024-12-27,3,212.9,0.0,638.7,0.0,638.7,2024,12,December,Friday,4
3741,3,98,2024-06-17,8,93.24,0.0,745.92,0.0,745.92,2024,6,June,Monday,2
3742,4,111,2024-05-10,12,43.1,0.1,517.2,0.5172000000000001,516.6828,2024,5,May,Friday,2
3743,8,15,2024-10-18,5,149.2,0.25,746.0,1.865,744.135,2024,10,October,Friday,4
3744,5,35,2024-12-19,1,8.64,0.0,8.64,0.0,8.64,2024,12,December,Thursday,4
3745,6,99,2024-12-20,1,207.07,0.0,207.07,0.0,207.07,2024,12,December,Friday,4
3746,4,14,2024-02-07,11,13.97,0.05,153.67000000000002,0.07683500000000001,153.59316500000003,2024,2,February,Wednesday,1
3747,10,64,2024-11-18,1,54.54,0.1,54.54,0.054540000000000005,54.485459999999996,2024,11,November,Monday,4
3748,4,17,2024-07-07,9,92.08,0.0,828.72,0.0,828.72,2024,7,July,Sunday,3
3749,9,19,2024-05-08,11,61.27,0.15,673.97,1.010955,672.9590450000001,2024,5,May,Wednesday,2
3751,2,102,2024-12-15,9,25.17,0.15,226.53000000000003,0.339795,226.19020500000002,2024,12,December,Sunday,4
3752,10,101,2024-03-19,10,131.65,0.1,1316.5,1.3165,1315.1835,2024,3,March,Tuesday,1
3753,10,11,2024-08-21,11,117.42,0.0,1291.6200000000001,0.0,1291.6200000000001,2024,8,August,Wednesday,3
3754,3,111,2024-01-04,6,43.1,0.05,258.6,0.12930000000000003,258.4707,2024,1,January,Thursday,1
3755,1,122,2024-09-30,7,28.93,0.0,202.51,0.0,202.51,2024,9,September,Monday,3
3756,7,17,2024-07-31,11,92.08,0.0,1012.88,0.0,1012.88,2024,7,July,Wednesday,3
3757,6,2,2024-11-19,11,81.57,0.0,897.27,0.0,897.27,2024,11,November,Tuesday,4
3758,7,22,2024-06-16,7,28.7,0.1,200.9,0.20090000000000002,200.69910000000002,2024,6,June,Sunday,2
3759,9,27,2024-01-01,8,83.28,0.0,666.24,0.0,666.24,2024,1,January,Monday,1
3760,9,67,2024-12-28,8,107.18,0.25,857.44,2.1436,855.2964000000001,2024,12,December,Saturday,4
3761,3,148,2024-05-07,9,126.73,0.0,1140.57,0.0,1140.57,2024,5,May,Tuesday,2
3762,1,48,2024-06-21,5,43.06,0.25,215.3,0.53825,214.76175,2024,6,June,Friday,2
3763,1,67,2024-03-16,1,107.18,0.1,107.18,0.10718000000000001,107.07282000000001,2024,3,March,Saturday,1
3764,10,47,2024-07-21,7,118.87,0.15,832.09,1.248135,830.841865,2024,7,July,Sunday,3
3765,7,129,2024-06-03,8,151.03,0.25,1208.24,3.0206,1205.2194,2024,6,June,Monday,2
3766,9,97,2024-11-05,6,51.84,0.0,311.04,0.0,311.04,2024,11,November,Tuesday,4
3767,5,76,2024-04-22,6,150.97,0.0,905.8199999999999,0.0,905.8199999999999,2024,4,April,Monday,2
3768,10,133,2024-03-31,6,107.43,0.25,644.58,1.61145,642.96855,2024,3,March,Sunday,1
3770,10,144,2024-07-01,6,72.5,0.15,435.0,0.6525,434.3475,2024,7,July,Monday,3
3771,10,56,2024-03-09,1,91.09,0.25,91.09,0.227725,90.862275,2024,3,March,Saturday,1
3772,1,22,2024-05-15,4,28.7,0.25,114.8,0.287,114.51299999999999,2024,5,May,Wednesday,2
3773,4,4,2024-02-03,10,167.47,0.15,1674.7,2.51205,1672.18795,2024,2,February,Saturday,1
3774,6,113,2024-12-10,2,114.72,0.05,229.44,0.11472000000000002,229.32528,2024,12,December,Tuesday,4
3775,5,4,2024-02-22,4,167.47,0.0,669.88,0.0,669.88,2024,2,February,Thursday,1
3776,4,52,2024-10-08,6,158.1,0.0,948.5999999999999,0.0,948.5999999999999,2024,10,October,Tuesday,4
3777,4,106,2024-06-07,11,97.25,0.0,1069.75,0.0,1069.75,2024,6,June,Friday,2
3778,1,18,2024-02-08,3,204.77,0.1,614.3100000000001,0.6143100000000001,613.69569,2024,2,February,Thursday,1
3779,7,146,2024-05-08,11,127.32,0.1,1400.52,1.40052,1399.11948,2024,5,May,Wednesday,2
3780,1,29,2024-12-11,2,128.85,0.15,257.7,0.38654999999999995,257.31345,2024,12,December,Wednesday,4
3781,10,150,2024-11-03,4,89.35,0.15,357.4,0.5360999999999999,356.8639,2024,11,November,Sunday,4
3782,4,13,2024-02-03,9,91.64,0.25,824.76,2.0619,822.6981,2024,2,February,Saturday,1
3783,9,163,2024-01-01,2,102.16,0.0,204.32,0.0,204.32,2024,1,January,Monday,1
3784,5,11,2024-11-10,4,117.42,0.15,469.68,0.70452,468.97548,2024,11,November,Sunday,4
3785,1,79,2024-02-06,6,156.97,0.1,941.8199999999999,0.94182,940.8781799999999,2024,2,February,Tuesday,1
3786,2,117,2024-11-06,7,144.39,0.0,1010.7299999999999,0.0,1010.7299999999999,2024,11,November,Wednesday,4
3787,9,61,2024-10-13,11,24.26,0.05,266.86,0.13343000000000002,266.72657000000004,2024,10,October,Sunday,4
3788,10,37,2024-11-10,2,19.91,0.15,39.82,0.05973,39.76027,2024,11,November,Sunday,4
3789,3,151,2024-09-24,6,22.4,0.25,134.39999999999998,0.33599999999999997,134.06399999999996,2024,9,September,Tuesday,3
3790,1,145,2024-03-21,3,33.88,0.25,101.64000000000001,0.25410000000000005,101.38590000000002,2024,3,March,Thursday,1
3791,7,28,2024-11-17,10,143.98,0.0,1439.8,0.0,1439.8,2024,11,November,Sunday,4
3792,2,34,2024-11-14,6,99.91,0.05,599.46,0.29973000000000005,599.1602700000001,2024,11,November,Thursday,4
3793,10,109,2024-08-26,12,204.21,0.15,2450.52,3.6757799999999996,2446.84422,2024,8,August,Monday,3
3794,4,161,2024-12-17,6,203.07,0.1,1218.42,1.21842,1217.2015800000001,2024,12,December,Tuesday,4
3795,8,83,2024-03-25,12,48.4,0.15,580.8,0.8711999999999999,579.9287999999999,2024,3,March,Monday,1
3796,5,120,2024-11-18,5,234.32,0.15,1171.6,1.7573999999999999,1169.8426,2024,11,November,Monday,4
3797,4,154,2024-08-28,4,104.34,0.1,417.36,0.41736000000000006,416.94264000000004,2024,8,August,Wednesday,3
3798,7,30,2024-12-26,7,212.07,0.0,1484.49,0.0,1484.49,2024,12,December,Thursday,4
3799,9,10,2024-03-31,7,136.82,0.05,957.74,0.47887,957.26113,2024,3,March,Sunday,1
3800,7,165,2024-07-02,6,56.11,0.0,336.65999999999997,0.0,336.65999999999997,2024,7,July,Tuesday,3
3801,3,79,2024-04-22,5,156.97,0.0,784.85,0.0,784.85,2024,4,April,Monday,2
3802,8,36,2024-03-10,5,31.45,0.1,157.25,0.15725,157.09275,2024,3,March,Sunday,1
3803,9,129,2024-08-15,11,151.03,0.1,1661.33,1.6613300000000002,1659.66867,2024,8,August,Thursday,3
3804,9,146,2024-05-15,12,127.32,0.1,1527.84,1.5278399999999999,1526.31216,2024,5,May,Wednesday,2
3805,9,92,2024-05-23,6,96.38,0.25,578.28,1.4457,576.8343,2024,5,May,Thursday,2
3806,1,100,2024-08-23,5,120.25,0.0,601.25,0.0,601.25,2024,8,August,Friday,3
3807,2,164,2024-04-11,5,78.92,0.25,394.6,0.9865,393.61350000000004,2024,4,April,Thursday,2
3808,1,140,2024-06-28,12,147.3,0.25,1767.6000000000001,4.4190000000000005,1763.181,2024,6,June,Friday,2
3809,7,23,2024-10-08,9,135.4,0.1,1218.6000000000001,1.2186000000000001,1217.3814000000002,2024,10,October,Tuesday,4
3810,5,48,2024-11-12,7,43.06,0.15,301.42,0.45213000000000003,300.96787,2024,11,November,Tuesday,4
3811,8,104,2024-12-14,1,246.47,0.0,246.47,0.0,246.47,2024,12,December,Saturday,4
3812,6,137,2024-12-18,12,165.65,0.0,1987.8000000000002,0.0,1987.8000000000002,2024,12,December,Wednesday,4
3813,1,45,2024-04-06,4,29.94,0.0,119.76,0.0,119.76,2024,4,April,Saturday,2
3814,9,151,2024-06-29,11,22.4,0.15,246.39999999999998,0.36959999999999993,246.0304,2024,6,June,Saturday,2
3815,7,7,2024-09-06,9,12.29,0.05,110.60999999999999,0.055305,110.55469499999998,2024,9,September,Friday,3
3816,9,46,2024-12-08,5,46.4,0.25,232.0,0.58,231.42,2024,12,December,Sunday,4
3818,4,52,2024-10-27,3,158.1,0.0,474.29999999999995,0.0,474.29999999999995,2024,10,October,Sunday,4
3819,8,52,2024-08-19,7,158.1,0.1,1106.7,1.1067000000000002,1105.5933,2024,8,August,Monday,3
3820,6,29,2024-06-24,1,128.85,0.0,128.85,0.0,128.85,2024,6,June,Monday,2
3821,4,120,2024-12-08,5,234.32,0.05,1171.6,0.5858,1171.0141999999998,2024,12,December,Sunday,4
3822,4,105,2024-12-04,7,136.88,0.0,958.16,0.0,958.16,2024,12,December,Wednesday,4
3823,9,51,2024-03-08,6,160.16,0.0,960.96,0.0,960.96,2024,3,March,Friday,1
3824,1,15,2024-01-30,4,149.2,0.1,596.8,0.5968,596.2031999999999,2024,1,January,Tuesday,1
3825,1,57,2024-10-28,7,75.29,0.05,527.0300000000001,0.26351500000000005,526.7664850000001,2024,10,October,Monday,4
3826,4,1,2024-02-08,11,38.35,0.0,421.85,0.0,421.85,2024,2,February,Thursday,1
3827,6,165,2024-11-27,1,56.11,0.25,56.11,0.140275,55.969725,2024,11,November,Wednesday,4
3828,8,36,2024-11-06,12,31.45,0.0,377.4,0.0,377.4,2024,11,November,Wednesday,4
3829,10,144,2024-12-11,1,72.5,0.1,72.5,0.0725,72.4275,2024,12,December,Wednesday,4
3830,6,70,2024-07-26,7,149.07,0.05,1043.49,0.521745,1042.968255,2024,7,July,Friday,3
3831,4,77,2024-12-11,9,68.92,0.05,620.28,0.31013999999999997,619.9698599999999,2024,12,December,Wednesday,4
3832,7,147,2024-11-10,5,159.14,0.15,795.6999999999999,1.1935499999999999,794.50645,2024,11,November,Sunday,4
3833,1,122,2024-07-03,4,28.93,0.15,115.72,0.17358,115.54642,2024,7,July,Wednesday,3
3834,10,49,2024-07-10,6,89.67,0.0,538.02,0.0,538.02,2024,7,July,Wednesday,3
3835,7,162,2024-02-06,5,125.27,0.0,626.35,0.0,626.35,2024,2,February,Tuesday,1
3836,3,29,2024-01-26,3,128.85,0.0,386.54999999999995,0.0,386.54999999999995,2024,1,January,Friday,1
3837,7,47,2024-12-12,5,118.87,0.0,594.35,0.0,594.35,2024,12,December,Thursday,4
3838,9,17,2024-02-29,10,92.08,0.05,920.8,0.4604,920.3395999999999,2024,2,February,Thursday,1
3840,6,92,2024-05-25,2,96.38,0.0,192.76,0.0,192.76,2024,5,May,Saturday,2
3841,8,99,2024-11-16,5,207.07,0.0,1035.35,0.0,1035.35,2024,11,November,Saturday,4
3842,2,126,2024-06-08,7,28.64,0.15,200.48000000000002,0.30072000000000004,200.17928,2024,6,June,Saturday,2
3843,5,159,2024-11-08,4,51.69,0.0,206.76,0.0,206.76,2024,11,November,Friday,4
3844,9,159,2024-07-11,8,51.69,0.1,413.52,0.41352000000000005,413.10648,2024,7,July,Thursday,3
3845,8,9,2024-09-30,1,100.29,0.15,100.29,0.15043499999999999,100.139565,2024,9,September,Monday,3
3846,9,166,2024-05-09,8,44.53,0.0,356.24,0.0,356.24,2024,5,May,Thursday,2
3847,2,105,2024-11-07,8,136.88,0.0,1095.04,0.0,1095.04,2024,11,November,Thursday,4
3848,7,3,2024-12-06,12,91.88,0.0,1102.56,0.0,1102.56,2024,12,December,Friday,4
3849,9,66,2024-01-18,8,254.58,0.1,2036.64,2.0366400000000002,2034.60336,2024,1,January,Thursday,1
3851,1,37,2024-09-27,2,19.91,0.0,39.82,0.0,39.82,2024,9,September,Friday,3
3852,3,79,2024-11-13,4,156.97,0.0,627.88,0.0,627.88,2024,11,November,Wednesday,4
3853,2,88,2024-07-04,1,106.78,0.05,106.78,0.05339000000000001,106.72661000000001,2024,7,July,Thursday,3
3854,8,163,2024-09-13,5,102.16,0.05,510.79999999999995,0.2554,510.54459999999995,2024,9,September,Friday,3
3856,3,149,2024-02-14,9,212.9,0.0,1916.1000000000001,0.0,1916.1000000000001,2024,2,February,Wednesday,1
3857,1,93,2024-11-28,2,187.19,0.1,374.38,0.37438000000000005,374.00562,2024,11,November,Thursday,4
3858,6,153,2024-11-01,12,149.65,0.1,1795.8000000000002,1.7958000000000005,1794.0042,2024,11,November,Friday,4
3859,3,110,2024-11-25,7,240.3,0.0,1682.1000000000001,0.0,1682.1000000000001,2024,11,November,Monday,4
3860,2,41,2024-10-09,1,157.72,0.25,157.72,0.3943,157.3257,2024,10,October,Wednesday,4
3861,3,163,2024-10-28,8,102.16,0.1,817.28,0.8172800000000001,816.46272,2024,10,October,Monday,4
3862,4,79,2024-07-23,11,156.97,0.05,1726.67,0.8633350000000002,1725.806665,2024,7,July,Tuesday,3
3863,8,38,2024-03-15,10,27.57,0.05,275.7,0.13785,275.56215,2024,3,March,Friday,1
3864,5,67,2024-03-10,8,107.18,0.0,857.44,0.0,857.44,2024,3,March,Sunday,1
3865,3,27,2024-12-19,6,83.28,0.25,499.68,1.2492,498.43080000000003,2024,12,December,Thursday,4
3866,8,60,2024-12-07,1,27.88,0.1,27.88,0.027880000000000002,27.85212,2024,12,December,Saturday,4
3867,1,82,2024-01-29,4,111.57,0.0,446.28,0.0,446.28,2024,1,January,Monday,1
3868,2,66,2024-02-27,7,254.58,0.0,1782.0600000000002,0.0,1782.0600000000002,2024,2,February,Tuesday,1
3869,1,11,2024-01-11,6,117.42,0.0,704.52,0.0,704.52,2024,1,January,Thursday,1
3870,3,133,2024-10-15,8,107.43,0.25,859.44,2.1486,857.2914000000001,2024,10,October,Tuesday,4
3871,5,161,2024-08-16,6,203.07,0.0,1218.42,0.0,1218.42,2024,8,August,Friday,3
3872,1,85,2024-10-16,7,88.45,0.0,619.15,0.0,619.15,2024,10,October,Wednesday,4
3873,7,107,2024-02-03,6,9.07,0.0,54.42,0.0,54.42,2024,2,February,Saturday,1
3874,9,155,2024-06-04,12,165.6,0.1,1987.1999999999998,1.9872,1985.2127999999998,2024,6,June,Tuesday,2
3875,7,4,2024-09-17,1,167.47,0.05,167.47,0.083735,167.386265,2024,9,September,Tuesday,3
3876,7,116,2024-11-05,4,182.63,0.1,730.52,0.7305200000000001,729.78948,2024,11,November,Tuesday,4
3877,1,110,2024-12-06,11,240.3,0.25,2643.3,6.608250000000001,2636.69175,2024,12,December,Friday,4
3878,6,87,2024-03-06,1,211.16,0.25,211.16,0.5279,210.6321,2024,3,March,Wednesday,1
3879,7,2,2024-06-14,9,81.57,0.0,734.1299999999999,0.0,734.1299999999999,2024,6,June,Friday,2
3880,4,26,2024-11-01,5,163.65,0.25,818.25,2.045625,816.204375,2024,11,November,Friday,4
3881,1,70,2024-10-10,9,149.07,0.25,1341.6299999999999,3.354075,1338.275925,2024,10,October,Thursday,4
3883,7,120,2024-05-23,10,234.32,0.05,2343.2,1.1716,2342.0283999999997,2024,5,May,Thursday,2
3884,5,3,2024-09-25,2,91.88,0.15,183.76,0.27563999999999994,183.48435999999998,2024,9,September,Wednesday,3
3885,9,63,2024-08-05,11,110.07,0.15,1210.77,1.816155,1208.953845,2024,8,August,Monday,3
3886,10,161,2024-05-09,6,203.07,0.0,1218.42,0.0,1218.42,2024,5,May,Thursday,2
3887,5,87,2024-07-30,11,211.16,0.1,2322.7599999999998,2.3227599999999997,2320.4372399999997,2024,7,July,Tuesday,3
3888,7,156,2024-11-26,10,173.78,0.25,1737.8,4.3445,1733.4555,2024,11,November,Tuesday,4
3889,1,161,2024-02-25,6,203.07,0.0,1218.42,0.0,1218.42,2024,2,February,Sunday,1
3890,2,18,2024-11-07,4,204.77,0.25,819.08,2.0477000000000003,817.0323000000001,2024,11,November,Thursday,4
3891,4,33,2024-11-23,7,162.49,0.05,1137.43,0.5687150000000001,1136.861285,2024,11,November,Saturday,4
3892,2,74,2024-12-05,7,77.0,0.0,539.0,0.0,539.0,2024,12,December,Thursday,4
3893,10,140,2024-09-22,6,147.3,0.0,883.8000000000001,0.0,883.8000000000001,2024,9,September,Sunday,3
3894,8,126,2024-07-07,6,28.64,0.1,171.84,0.17184000000000002,171.66816,2024,7,July,Sunday,3
3895,8,73,2024-10-13,4,242.79,0.25,971.16,2.4278999999999997,968.7321,2024,10,October,Sunday,4
3896,9,27,2024-10-03,9,83.28,0.0,749.52,0.0,749.52,2024,10,October,Thursday,4
3897,6,133,2024-12-03,9,107.43,0.0,966.8700000000001,0.0,966.8700000000001,2024,12,December,Tuesday,4
3898,5,46,2024-11-23,2,46.4,0.15,92.8,0.1392,92.6608,2024,11,November,Saturday,4
3899,4,79,2024-06-11,10,156.97,0.0,1569.7,0.0,1569.7,2024,6,June,Tuesday,2
3900,1,66,2024-12-28,2,254.58,0.0,509.16,0.0,509.16,2024,12,December,Saturday,4
3901,7,33,2024-12-01,9,162.49,0.15,1462.41,2.193615,1460.2163850000002,2024,12,December,Sunday,4
3902,1,37,2024-09-09,2,19.91,0.25,39.82,0.09955,39.72045,2024,9,September,Monday,3
3903,10,13,2024-10-02,10,91.64,0.15,916.4,1.3745999999999998,915.0254,2024,10,October,Wednesday,4
3904,7,151,2024-11-13,10,22.4,0.25,224.0,0.56,223.44,2024,11,November,Wednesday,4
3905,5,1,2024-12-17,1,38.35,0.05,38.35,0.019175,38.330825000000004,2024,12,December,Tuesday,4
3906,9,19,2024-02-04,9,61.27,0.0,551.4300000000001,0.0,551.4300000000001,2024,2,February,Sunday,1
3907,8,126,2024-09-24,9,28.64,0.1,257.76,0.25776,257.50224,2024,9,September,Tuesday,3
3908,8,8,2024-03-01,8,98.81,0.15,790.48,1.18572,789.2942800000001,2024,3,March,Friday,1
3909,3,156,2024-04-18,2,173.78,0.05,347.56,0.17378,347.38622,2024,4,April,Thursday,2
3910,4,137,2024-02-25,10,165.65,0.0,1656.5,0.0,1656.5,2024,2,February,Sunday,1
3911,9,154,2024-03-16,11,104.34,0.05,1147.74,0.57387,1147.16613,2024,3,March,Saturday,1
3912,4,103,2024-05-24,9,143.37,0.1,1290.33,1.29033,1289.03967,2024,5,May,Friday,2
3913,3,62,2024-01-22,11,11.77,0.0,129.47,0.0,129.47,2024,1,January,Monday,1
3914,5,47,2024-03-15,2,118.87,0.05,237.74,0.11887,237.62113000000002,2024,3,March,Friday,1
3915,2,4,2024-10-21,3,167.47,0.0,502.40999999999997,0.0,502.40999999999997,2024,10,October,Monday,4
3916,1,144,2024-12-17,1,72.5,0.25,72.5,0.18125,72.31875,2024,12,December,Tuesday,4
3917,5,97,2024-02-02,8,51.84,0.0,414.72,0.0,414.72,2024,2,February,Friday,1
3918,5,9,2024-12-26,3,100.29,0.05,300.87,0.150435,300.719565,2024,12,December,Thursday,4
3919,3,158,2024-07-05,1,81.38,0.0,81.38,0.0,81.38,2024,7,July,Friday,3
3920,4,131,2024-03-30,1,141.63,0.0,141.63,0.0,141.63,2024,3,March,Saturday,1
3921,2,45,2024-04-24,2,29.94,0.1,59.88,0.05988,59.82012,2024,4,April,Wednesday,2
3922,6,27,2024-05-08,9,83.28,0.25,749.52,1.8738,747.6462,2024,5,May,Wednesday,2
3923,9,54,2024-05-29,10,241.98,0.15,2419.7999999999997,3.6296999999999997,2416.1702999999998,2024,5,May,Wednesday,2
3924,6,85,2024-09-25,6,88.45,0.0,530.7,0.0,530.7,2024,9,September,Wednesday,3
3925,2,29,2024-03-15,1,128.85,0.0,128.85,0.0,128.85,2024,3,March,Friday,1
3926,1,32,2024-06-24,9,195.25,0.1,1757.25,1.7572500000000002,1755.49275,2024,6,June,Monday,2
3927,6,85,2024-03-25,8,88.45,0.0,707.6,0.0,707.6,2024,3,March,Monday,1
3928,9,151,2024-05-12,1,22.4,0.05,22.4,0.011199999999999998,22.3888,2024,5,May,Sunday,2
3929,10,25,2024-01-03,1,179.28,0.0,179.28,0.0,179.28,2024,1,January,Wednesday,1
3930,8,119,2024-11-23,3,38.1,0.1,114.30000000000001,0.11430000000000001,114.18570000000001,2024,11,November,Saturday,4
3931,3,96,2024-12-08,6,169.6,0.1,1017.5999999999999,1.0175999999999998,1016.5823999999999,2024,12,December,Sunday,4
3932,3,98,2024-08-03,6,93.24,0.25,559.4399999999999,1.3985999999999998,558.0414,2024,8,August,Saturday,3
3933,7,165,2024-12-19,1,56.11,0.25,56.11,0.140275,55.969725,2024,12,December,Thursday,4
3934,8,119,2024-04-28,7,38.1,0.05,266.7,0.13335,266.56665,2024,4,April,Sunday,2
3935,3,24,2024-05-21,1,80.42,0.0,80.42,0.0,80.42,2024,5,May,Tuesday,2
3936,7,67,2024-08-30,6,107.18,0.0,643.08,0.0,643.08,2024,8,August,Friday,3
3937,5,75,2024-04-24,1,29.49,0.1,29.49,0.02949,29.46051,2024,4,April,Wednesday,2
3938,7,119,2024-11-27,11,38.1,0.1,419.1,0.41910000000000003,418.6809,2024,11,November,Wednesday,4
3939,3,157,2024-06-02,6,147.67,0.15,886.02,1.32903,884.69097,2024,6,June,Sunday,2
3940,8,143,2024-07-04,12,233.86,0.0,2806.32,0.0,2806.32,2024,7,July,Thursday,3
3941,8,51,2024-11-02,1,160.16,0.1,160.16,0.16016000000000002,159.99984,2024,11,November,Saturday,4
3942,10,155,2024-11-23,4,165.6,0.05,662.4,0.3312,662.0688,2024,11,November,Saturday,4
3943,6,143,2024-12-15,3,233.86,0.0,701.58,0.0,701.58,2024,12,December,Sunday,4
3944,4,164,2024-08-15,7,78.92,0.0,552.44,0.0,552.44,2024,8,August,Thursday,3
3945,8,119,2024-11-27,11,38.1,0.25,419.1,1.04775,418.05225,2024,11,November,Wednesday,4
3946,1,100,2024-09-01,5,120.25,0.05,601.25,0.300625,600.949375,2024,9,September,Sunday,3
3947,1,19,2024-11-01,9,61.27,0.0,551.4300000000001,0.0,551.4300000000001,2024,11,November,Friday,4
3948,3,45,2024-02-08,2,29.94,0.0,59.88,0.0,59.88,2024,2,February,Thursday,1
3949,1,158,2024-11-05,10,81.38,0.25,813.8,2.0345,811.7655,2024,11,November,Tuesday,4
3950,4,69,2024-05-12,6,68.64,0.0,411.84000000000003,0.0,411.84000000000003,2024,5,May,Sunday,2
3951,1,5,2024-10-29,4,152.79,0.1,611.16,0.61116,610.5488399999999,2024,10,October,Tuesday,4
3952,6,146,2024-03-18,12,127.32,0.25,1527.84,3.8196,1524.0203999999999,2024,3,March,Monday,1
3953,10,141,2024-11-09,7,45.08,0.25,315.56,0.7889,314.7711,2024,11,November,Saturday,4
3954,8,149,2024-03-13,1,212.9,0.25,212.9,0.53225,212.36775,2024,3,March,Wednesday,1
3955,2,101,2024-07-02,6,131.65,0.0,789.9000000000001,0.0,789.9000000000001,2024,7,July,Tuesday,3
3956,8,43,2024-11-02,8,88.26,0.1,706.08,0.70608,705.37392,2024,11,November,Saturday,4
3957,1,29,2024-01-01,8,128.85,0.0,1030.8,0.0,1030.8,2024,1,January,Monday,1
3958,6,109,2024-12-04,4,204.21,0.1,816.84,0.8168400000000001,816.0231600000001,2024,12,December,Wednesday,4
3959,7,151,2024-10-12,3,22.4,0.0,67.19999999999999,0.0,67.19999999999999,2024,10,October,Saturday,4
3960,6,142,2024-04-03,12,36.7,0.25,440.40000000000003,1.101,439.29900000000004,2024,4,April,Wednesday,2
3962,4,141,2024-12-08,7,45.08,0.05,315.56,0.15778,315.40222,2024,12,December,Sunday,4
3963,10,48,2024-08-29,6,43.06,0.15,258.36,0.38754,257.97246,2024,8,August,Thursday,3
3964,9,90,2024-12-15,3,98.0,0.1,294.0,0.29400000000000004,293.706,2024,12,December,Sunday,4
3965,8,60,2024-09-11,3,27.88,0.25,83.64,0.2091,83.4309,2024,9,September,Wednesday,3
3966,7,124,2024-12-04,10,19.68,0.15,196.8,0.2952,196.50480000000002,2024,12,December,Wednesday,4
3967,3,35,2024-01-04,6,8.64,0.0,51.84,0.0,51.84,2024,1,January,Thursday,1
3968,9,14,2024-11-11,7,13.97,0.25,97.79,0.24447500000000003,97.54552500000001,2024,11,November,Monday,4
3969,9,75,2024-05-31,8,29.49,0.0,235.92,0.0,235.92,2024,5,May,Friday,2
3970,5,96,2024-11-19,11,169.6,0.1,1865.6,1.8656,1863.7343999999998,2024,11,November,Tuesday,4
3971,2,114,2024-06-18,1,137.91,0.0,137.91,0.0,137.91,2024,6,June,Tuesday,2
3972,1,97,2024-11-04,1,51.84,0.0,51.84,0.0,51.84,2024,11,November,Monday,4
3973,4,150,2024-04-06,7,89.35,0.05,625.4499999999999,0.312725,625.1372749999999,2024,4,April,Saturday,2
3974,6,119,2024-01-05,4,38.1,0.0,152.4,0.0,152.4,2024,1,January,Friday,1
3975,5,47,2024-01-09,7,118.87,0.25,832.09,2.080225,830.009775,2024,1,January,Tuesday,1
3976,4,87,2024-06-12,11,211.16,0.25,2322.7599999999998,5.8069,2316.9530999999997,2024,6,June,Wednesday,2
3977,7,136,2024-11-29,9,182.39,0.15,1641.5099999999998,2.4622649999999995,1639.0477349999999,2024,11,November,Friday,4
3978,7,165,2024-03-31,7,56.11,0.15,392.77,0.589155,392.180845,2024,3,March,Sunday,1
3979,3,104,2024-05-21,11,246.47,0.25,2711.17,6.777925,2704.392075,2024,5,May,Tuesday,2
3980,9,164,2024-04-10,7,78.92,0.1,552.44,0.55244,551.88756,2024,4,April,Wednesday,2
3981,9,91,2024-06-30,6,146.33,0.25,877.98,2.19495,875.7850500000001,2024,6,June,Sunday,2
3982,9,80,2024-09-06,5,210.02,0.0,1050.1000000000001,0.0,1050.1000000000001,2024,9,September,Friday,3
3983,1,98,2024-04-02,2,93.24,0.0,186.48,0.0,186.48,2024,4,April,Tuesday,2
3984,4,153,2024-12-01,8,149.65,0.1,1197.2,1.1972,1196.0028,2024,12,December,Sunday,4
3985,6,139,2024-12-04,1,81.1,0.0,81.1,0.0,81.1,2024,12,December,Wednesday,4
3986,1,73,2024-04-03,1,242.79,0.15,242.79,0.3641849999999999,242.425815,2024,4,April,Wednesday,2
3987,5,10,2024-02-07,5,136.82,0.0,684.0999999999999,0.0,684.0999999999999,2024,2,February,Wednesday,1
3988,6,136,2024-03-02,1,182.39,0.1,182.39,0.18239,182.20761,2024,3,March,Saturday,1
3989,9,166,2024-03-18,9,44.53,0.0,400.77,0.0,400.77,2024,3,March,Monday,1
3990,2,96,2024-05-17,1,169.6,0.15,169.6,0.25439999999999996,169.3456,2024,5,May,Friday,2
3991,3,61,2024-12-22,11,24.26,0.0,266.86,0.0,266.86,2024,12,December,Sunday,4
3992,2,82,2024-12-06,1,111.57,0.0,111.57,0.0,111.57,2024,12,December,Friday,4
3993,6,107,2024-10-26,8,9.07,0.05,72.56,0.03628,72.52372,2024,10,October,Saturday,4
3994,6,166,2024-06-12,9,44.53,0.0,400.77,0.0,400.77,2024,6,June,Wednesday,2
3995,3,166,2024-11-20,5,44.53,0.15,222.65,0.333975,222.316025,2024,11,November,Wednesday,4
3996,10,8,2024-05-11,10,98.81,0.0,988.1,0.0,988.1,2024,5,May,Saturday,2
3997,3,19,2024-10-03,5,61.27,0.0,306.35,0.0,306.35,2024,10,October,Thursday,4
3998,7,34,2024-12-28,8,99.91,0.0,799.28,0.0,799.28,2024,12,December,Saturday,4
3999,6,121,2024-07-10,11,164.69,0.15,1811.59,2.7173849999999997,1808.872615,2024,7,July,Wednesday,3
4000,1,39,2024-04-08,8,112.9,0.0,903.2,0.0,903.2,2024,4,April,Monday,2
4001,3,91,2024-03-02,8,146.33,0.05,1170.64,0.5853200000000001,1170.0546800000002,2024,3,March,Saturday,1
4002,10,170,2024-08-19,3,8.38,0.25,25.14,0.06285,25.07715,2024,8,August,Monday,3
4003,6,1,2024-07-31,1,38.35,0.15,38.35,0.05752500000000001,38.292475,2024,7,July,Wednesday,3
4004,5,25,2024-10-01,9,179.28,0.0,1613.52,0.0,1613.52,2024,10,October,Tuesday,4
4006,4,31,2024-07-21,6,110.33,0.15,661.98,0.99297,660.98703,2024,7,July,Sunday,3
4007,8,140,2024-11-15,12,147.3,0.0,1767.6000000000001,0.0,1767.6000000000001,2024,11,November,Friday,4
4008,8,105,2024-07-05,6,136.88,0.05,821.28,0.41064,820.86936,2024,7,July,Friday,3
4009,7,153,2024-01-06,8,149.65,0.15,1197.2,1.7958,1195.4042,2024,1,January,Saturday,1
4010,3,69,2024-03-28,7,68.64,0.1,480.48,0.48048,479.99952,2024,3,March,Thursday,1
4011,9,56,2024-07-15,4,91.09,0.1,364.36,0.36436,363.99564000000004,2024,7,July,Monday,3
4012,4,92,2024-12-09,9,96.38,0.0,867.42,0.0,867.42,2024,12,December,Monday,4
4013,10,117,2024-10-23,9,144.39,0.1,1299.5099999999998,1.29951,1298.2104899999997,2024,10,October,Wednesday,4
4014,4,165,2024-10-12,2,56.11,0.1,112.22,0.11222000000000001,112.10778,2024,10,October,Saturday,4
4015,6,133,2024-06-21,1,107.43,0.0,107.43,0.0,107.43,2024,6,June,Friday,2
4016,10,50,2024-10-02,5,168.2,0.0,841.0,0.0,841.0,2024,10,October,Wednesday,4
4017,7,110,2024-12-10,9,240.3,0.0,2162.7000000000003,0.0,2162.7000000000003,2024,12,December,Tuesday,4
4018,1,128,2024-12-28,12,177.81,0.0,2133.7200000000003,0.0,2133.7200000000003,2024,12,December,Saturday,4
4019,3,140,2024-11-24,10,147.3,0.1,1473.0,1.473,1471.527,2024,11,November,Sunday,4
4020,8,93,2024-12-21,9,187.19,0.1,1684.71,1.68471,1683.02529,2024,12,December,Saturday,4
4021,4,99,2024-02-17,3,207.07,0.15,621.21,0.931815,620.278185,2024,2,February,Saturday,1
4022,2,162,2024-10-21,4,125.27,0.1,501.08,0.5010800000000001,500.57892,2024,10,October,Monday,4
4023,8,130,2024-12-06,7,200.9,0.25,1406.3,3.5157499999999997,1402.78425,2024,12,December,Friday,4
4024,4,42,2024-03-06,11,169.87,0.0,1868.5700000000002,0.0,1868.5700000000002,2024,3,March,Wednesday,1
4025,7,77,2024-03-28,9,68.92,0.15,620.28,0.9304199999999999,619.34958,2024,3,March,Thursday,1
4026,6,141,2024-11-14,8,45.08,0.0,360.64,0.0,360.64,2024,11,November,Thursday,4
4027,8,6,2024-04-07,5,18.62,0.05,93.10000000000001,0.04655,93.05345000000001,2024,4,April,Sunday,2
4028,9,147,2024-09-06,10,159.14,0.25,1591.3999999999999,3.9784999999999995,1587.4215,2024,9,September,Friday,3
4029,1,161,2024-09-12,9,203.07,0.1,1827.6299999999999,1.82763,1825.8023699999999,2024,9,September,Thursday,3
4030,10,14,2024-04-27,7,13.97,0.25,97.79,0.24447500000000003,97.54552500000001,2024,4,April,Saturday,2
4031,6,88,2024-03-11,1,106.78,0.1,106.78,0.10678000000000001,106.67322,2024,3,March,Monday,1
4032,3,43,2024-05-05,6,88.26,0.15,529.5600000000001,0.7943400000000002,528.76566,2024,5,May,Sunday,2
4033,1,71,2024-05-04,6,11.55,0.0,69.30000000000001,0.0,69.30000000000001,2024,5,May,Saturday,2
4034,3,159,2024-06-11,1,51.69,0.0,51.69,0.0,51.69,2024,6,June,Tuesday,2
4035,8,4,2024-09-06,10,167.47,0.0,1674.7,0.0,1674.7,2024,9,September,Friday,3
4036,1,157,2024-04-17,1,147.67,0.0,147.67,0.0,147.67,2024,4,April,Wednesday,2
4037,7,90,2024-10-11,6,98.0,0.0,588.0,0.0,588.0,2024,10,October,Friday,4
4038,3,155,2024-08-28,12,165.6,0.0,1987.1999999999998,0.0,1987.1999999999998,2024,8,August,Wednesday,3
4039,9,7,2024-10-28,5,12.29,0.0,61.449999999999996,0.0,61.449999999999996,2024,10,October,Monday,4
4040,5,135,2024-08-11,5,198.75,0.0,993.75,0.0,993.75,2024,8,August,Sunday,3
4041,3,158,2024-05-16,3,81.38,0.15,244.14,0.3662099999999999,243.77379,2024,5,May,Thursday,2
4042,9,61,2024-11-14,4,24.26,0.15,97.04,0.14556000000000002,96.89444,2024,11,November,Thursday,4
4043,10,96,2024-12-19,7,169.6,0.0,1187.2,0.0,1187.2,2024,12,December,Thursday,4
4044,1,97,2024-11-03,10,51.84,0.0,518.4000000000001,0.0,518.4000000000001,2024,11,November,Sunday,4
4045,9,140,2024-04-16,5,147.3,0.0,736.5,0.0,736.5,2024,4,April,Tuesday,2
4046,5,107,2024-08-03,8,9.07,0.15,72.56,0.10884,72.45116,2024,8,August,Saturday,3
4047,10,8,2024-11-12,6,98.81,0.25,592.86,1.48215,591.37785,2024,11,November,Tuesday,4
4048,3,130,2024-09-03,4,200.9,0.15,803.6,1.2054,802.3946,2024,9,September,Tuesday,3
4049,1,119,2024-12-19,1,38.1,0.1,38.1,0.0381,38.0619,2024,12,December,Thursday,4
4050,10,90,2024-11-20,11,98.0,0.1,1078.0,1.078,1076.922,2024,11,November,Wednesday,4
4051,2,81,2024-10-08,9,39.73,0.1,357.57,0.35757,357.21243,2024,10,October,Tuesday,4
4052,10,75,2024-09-05,2,29.49,0.0,58.98,0.0,58.98,2024,9,September,Thursday,3
4053,2,14,2024-12-17,7,13.97,0.25,97.79,0.24447500000000003,97.54552500000001,2024,12,December,Tuesday,4
4054,8,6,2024-07-11,12,18.62,0.0,223.44,0.0,223.44,2024,7,July,Thursday,3
4055,3,93,2024-12-08,10,187.19,0.0,1871.9,0.0,1871.9,2024,12,December,Sunday,4
4056,4,129,2024-03-25,9,151.03,0.1,1359.27,1.35927,1357.91073,2024,3,March,Monday,1
4058,9,105,2024-09-05,5,136.88,0.25,684.4,1.7109999999999999,682.689,2024,9,September,Thursday,3
4059,1,14,2024-06-07,10,13.97,0.25,139.70000000000002,0.34925000000000006,139.35075,2024,6,June,Friday,2
4060,9,97,2024-03-28,5,51.84,0.25,259.20000000000005,0.6480000000000001,258.552,2024,3,March,Thursday,1
4061,10,54,2024-05-06,9,241.98,0.1,2177.8199999999997,2.1778199999999996,2175.64218,2024,5,May,Monday,2
4062,2,168,2024-11-15,10,115.57,0.1,1155.6999999999998,1.1557,1154.5442999999998,2024,11,November,Friday,4
4063,10,38,2024-12-23,2,27.57,0.15,55.14,0.08270999999999999,55.05729,2024,12,December,Monday,4
4064,7,151,2024-05-10,8,22.4,0.25,179.2,0.44799999999999995,178.75199999999998,2024,5,May,Friday,2
4065,9,145,2024-11-06,9,33.88,0.15,304.92,0.45738,304.46262,2024,11,November,Wednesday,4
4066,5,160,2024-06-25,11,215.87,0.0,2374.57,0.0,2374.57,2024,6,June,Tuesday,2
4067,1,15,2024-01-13,12,149.2,0.25,1790.3999999999999,4.476,1785.9239999999998,2024,1,January,Saturday,1
4068,4,78,2024-11-18,4,125.42,0.0,501.68,0.0,501.68,2024,11,November,Monday,4
4069,7,98,2024-01-09,2,93.24,0.0,186.48,0.0,186.48,2024,1,January,Tuesday,1
4070,6,89,2024-10-26,7,16.36,0.25,114.52,0.2863,114.2337,2024,10,October,Saturday,4
4071,7,4,2024-02-06,9,167.47,0.1,1507.23,1.50723,1505.72277,2024,2,February,Tuesday,1
4072,5,10,2024-02-12,10,136.82,0.15,1368.1999999999998,2.0523,1366.1476999999998,2024,2,February,Monday,1
4073,10,38,2024-08-01,3,27.57,0.0,82.71000000000001,0.0,82.71000000000001,2024,8,August,Thursday,3
4074,1,161,2024-10-28,1,203.07,0.15,203.07,0.30460499999999996,202.76539499999998,2024,10,October,Monday,4
4075,7,117,2024-08-11,12,144.39,0.25,1732.6799999999998,4.3317,1728.3482999999999,2024,8,August,Sunday,3
4076,7,149,2024-02-10,10,212.9,0.05,2129.0,1.0645,2127.9355,2024,2,February,Saturday,1
4077,10,167,2024-03-13,9,20.08,0.05,180.71999999999997,0.09036,180.62963999999997,2024,3,March,Wednesday,1
4078,5,68,2024-08-24,6,17.26,0.0,103.56,0.0,103.56,2024,8,August,Saturday,3
4079,9,102,2024-11-23,11,25.17,0.15,276.87,0.415305,276.454695,2024,11,November,Saturday,4
4080,4,162,2024-08-26,6,125.27,0.0,751.62,0.0,751.62,2024,8,August,Monday,3
4081,1,113,2024-06-22,12,114.72,0.05,1376.6399999999999,0.6883199999999999,1375.95168,2024,6,June,Saturday,2
4082,7,92,2024-10-03,7,96.38,0.05,674.66,0.33732999999999996,674.32267,2024,10,October,Thursday,4
4083,10,14,2024-02-09,7,13.97,0.25,97.79,0.24447500000000003,97.54552500000001,2024,2,February,Friday,1
4084,2,36,2024-08-11,5,31.45,0.0,157.25,0.0,157.25,2024,8,August,Sunday,3
4085,1,53,2024-02-29,5,131.05,0.05,655.25,0.32762500000000006,654.922375,2024,2,February,Thursday,1
4086,2,12,2024-12-15,8,105.87,0.0,846.96,0.0,846.96,2024,12,December,Sunday,4
4087,3,75,2024-12-18,7,29.49,0.05,206.42999999999998,0.103215,206.32678499999997,2024,12,December,Wednesday,4
4088,4,114,2024-10-03,2,137.91,0.0,275.82,0.0,275.82,2024,10,October,Thursday,4
4089,3,18,2024-06-01,11,204.77,0.15,2252.4700000000003,3.3787050000000005,2249.091295,2024,6,June,Saturday,2
4090,1,51,2024-11-27,6,160.16,0.25,960.96,2.4024,958.5576000000001,2024,11,November,Wednesday,4
4091,9,64,2024-09-29,10,54.54,0.0,545.4,0.0,545.4,2024,9,September,Sunday,3
4092,7,145,2024-11-01,1,33.88,0.0,33.88,0.0,33.88,2024,11,November,Friday,4
4093,10,36,2024-11-01,5,31.45,0.0,157.25,0.0,157.25,2024,11,November,Friday,4
4094,6,102,2024-12-30,3,25.17,0.25,75.51,0.18877500000000003,75.321225,2024,12,December,Monday,4
4095,6,144,2024-09-02,5,72.5,0.25,362.5,0.90625,361.59375,2024,9,September,Monday,3
4096,1,65,2024-06-18,5,65.09,0.0,325.45000000000005,0.0,325.45000000000005,2024,6,June,Tuesday,2
4097,1,55,2024-12-28,6,120.86,0.0,725.16,0.0,725.16,2024,12,December,Saturday,4
4098,5,36,2024-01-12,4,31.45,0.1,125.8,0.1258,125.6742,2024,1,January,Friday,1
4099,9,91,2024-12-05,4,146.33,0.0,585.32,0.0,585.32,2024,12,December,Thursday,4
4100,10,3,2024-03-01,9,91.88,0.0,826.92,0.0,826.92,2024,3,March,Friday,1
4101,7,134,2024-06-09,7,141.92,0.0,993.4399999999999,0.0,993.4399999999999,2024,6,June,Sunday,2
4102,4,7,2024-12-23,1,12.29,0.05,12.29,0.006145,12.283854999999999,2024,12,December,Monday,4
4103,1,140,2024-02-18,11,147.3,0.1,1620.3000000000002,1.6203000000000003,1618.6797000000001,2024,2,February,Sunday,1
4104,2,158,2024-02-03,11,81.38,0.0,895.18,0.0,895.18,2024,2,February,Saturday,1
4105,2,131,2024-12-19,4,141.63,0.0,566.52,0.0,566.52,2024,12,December,Thursday,4
4106,6,155,2024-01-13,7,165.6,0.0,1159.2,0.0,1159.2,2024,1,January,Saturday,1
4107,7,131,2024-12-21,10,141.63,0.1,1416.3,1.4163,1414.8836999999999,2024,12,December,Saturday,4
4108,8,67,2024-11-28,11,107.18,0.0,1178.98,0.0,1178.98,2024,11,November,Thursday,4
4109,6,92,2024-12-11,10,96.38,0.0,963.8,0.0,963.8,2024,12,December,Wednesday,4
4110,4,75,2024-01-31,2,29.49,0.25,58.98,0.14745,58.83255,2024,1,January,Wednesday,1
4111,4,154,2024-11-18,3,104.34,0.05,313.02,0.15651,312.86348999999996,2024,11,November,Monday,4
4112,4,142,2024-11-25,3,36.7,0.1,110.10000000000001,0.11010000000000002,109.9899,2024,11,November,Monday,4
4113,2,63,2024-07-29,10,110.07,0.0,1100.6999999999998,0.0,1100.6999999999998,2024,7,July,Monday,3
4114,3,153,2024-12-06,1,149.65,0.0,149.65,0.0,149.65,2024,12,December,Friday,4
4115,4,154,2024-08-19,2,104.34,0.1,208.68,0.20868000000000003,208.47132000000002,2024,8,August,Monday,3
4116,2,105,2024-07-13,1,136.88,0.0,136.88,0.0,136.88,2024,7,July,Saturday,3
4117,9,14,2024-02-06,9,13.97,0.0,125.73,0.0,125.73,2024,2,February,Tuesday,1
4118,9,152,2024-07-24,4,77.49,0.05,309.96,0.15498,309.80501999999996,2024,7,July,Wednesday,3
4119,7,73,2024-02-11,4,242.79,0.15,971.16,1.4567399999999997,969.70326,2024,2,February,Sunday,1
4120,2,11,2024-04-19,7,117.42,0.25,821.94,2.05485,819.8851500000001,2024,4,April,Friday,2
4121,9,137,2024-11-16,2,165.65,0.15,331.3,0.49695,330.80305,2024,11,November,Saturday,4
4122,5,111,2024-05-07,4,43.1,0.1,172.4,0.17240000000000003,172.2276,2024,5,May,Tuesday,2
4123,3,58,2024-02-24,12,216.14,0.0,2593.68,0.0,2593.68,2024,2,February,Saturday,1
4124,3,23,2024-08-21,12,135.4,0.25,1624.8000000000002,4.062,1620.7380000000003,2024,8,August,Wednesday,3
4125,5,77,2024-10-29,1,68.92,0.25,68.92,0.1723,68.7477,2024,10,October,Tuesday,4
4126,10,168,2024-12-07,3,115.57,0.15,346.71,0.520065,346.189935,2024,12,December,Saturday,4
4127,7,108,2024-11-02,12,151.96,0.15,1823.52,2.7352799999999995,1820.7847199999999,2024,11,November,Saturday,4
4128,9,78,2024-06-05,8,125.42,0.05,1003.36,0.50168,1002.85832,2024,6,June,Wednesday,2
4129,1,61,2024-01-08,4,24.26,0.0,97.04,0.0,97.04,2024,1,January,Monday,1
4130,2,129,2024-10-16,6,151.03,0.0,906.1800000000001,0.0,906.1800000000001,2024,10,October,Wednesday,4
4131,2,115,2024-10-12,3,212.31,0.0,636.9300000000001,0.0,636.9300000000001,2024,10,October,Saturday,4
4132,9,131,2024-10-09,12,141.63,0.15,1699.56,2.5493399999999995,1697.01066,2024,10,October,Wednesday,4
4133,4,101,2024-06-21,1,131.65,0.1,131.65,0.13165000000000002,131.51835,2024,6,June,Friday,2
4134,9,96,2024-04-04,8,169.6,0.15,1356.8,2.0351999999999997,1354.7648,2024,4,April,Thursday,2
4135,8,170,2024-08-01,5,8.38,0.0,41.900000000000006,0.0,41.900000000000006,2024,8,August,Thursday,3
4136,3,160,2024-07-07,6,215.87,0.0,1295.22,0.0,1295.22,2024,7,July,Sunday,3
4137,5,14,2024-06-21,3,13.97,0.15,41.910000000000004,0.062865,41.847135,2024,6,June,Friday,2
4138,2,120,2024-06-05,11,234.32,0.1,2577.52,2.5775200000000003,2574.94248,2024,6,June,Wednesday,2
4139,1,52,2024-12-19,12,158.1,0.0,1897.1999999999998,0.0,1897.1999999999998,2024,12,December,Thursday,4
4140,7,118,2024-11-14,2,153.88,0.25,307.76,0.7694,306.9906,2024,11,November,Thursday,4
4141,5,134,2024-03-26,3,141.92,0.05,425.76,0.21288,425.54712,2024,3,March,Tuesday,1
4142,6,109,2024-11-18,9,204.21,0.0,1837.89,0.0,1837.89,2024,11,November,Monday,4
4143,4,154,2024-08-13,8,104.34,0.1,834.72,0.8347200000000001,833.8852800000001,2024,8,August,Tuesday,3
4144,1,146,2024-06-20,2,127.32,0.1,254.64,0.25464,254.38536,2024,6,June,Thursday,2
4145,4,83,2024-03-22,7,48.4,0.0,338.8,0.0,338.8,2024,3,March,Friday,1
4146,6,115,2024-01-08,7,212.31,0.0,1486.17,0.0,1486.17,2024,1,January,Monday,1
4147,5,12,2024-01-22,11,105.87,0.1,1164.5700000000002,1.1645700000000003,1163.4054300000003,2024,1,January,Monday,1
4148,5,20,2024-10-02,2,150.34,0.05,300.68,0.15034,300.52966,2024,10,October,Wednesday,4
4149,3,21,2024-01-20,1,89.09,0.15,89.09,0.133635,88.956365,2024,1,January,Saturday,1
4150,3,124,2024-01-11,8,19.68,0.0,157.44,0.0,157.44,2024,1,January,Thursday,1
4151,5,29,2024-10-14,7,128.85,0.1,901.9499999999999,0.9019499999999999,901.0480499999999,2024,10,October,Monday,4
4152,8,70,2024-12-28,8,149.07,0.25,1192.56,2.9814,1189.5786,2024,12,December,Saturday,4
4153,2,161,2024-03-08,2,203.07,0.05,406.14,0.20307000000000003,405.93692999999996,2024,3,March,Friday,1
4154,9,154,2024-11-10,12,104.34,0.0,1252.08,0.0,1252.08,2024,11,November,Sunday,4
4155,3,162,2024-04-01,8,125.27,0.15,1002.16,1.50324,1000.65676,2024,4,April,Monday,2
4156,8,17,2024-01-21,7,92.08,0.05,644.56,0.32228,644.23772,2024,1,January,Sunday,1
4157,1,7,2024-12-14,10,12.29,0.05,122.89999999999999,0.06145,122.83855,2024,12,December,Saturday,4
4158,4,8,2024-07-01,6,98.81,0.0,592.86,0.0,592.86,2024,7,July,Monday,3
4159,5,34,2024-11-18,6,99.91,0.0,599.46,0.0,599.46,2024,11,November,Monday,4
4160,6,17,2024-12-05,5,92.08,0.05,460.4,0.2302,460.16979999999995,2024,12,December,Thursday,4
4161,2,90,2024-11-10,7,98.0,0.0,686.0,0.0,686.0,2024,11,November,Sunday,4
4162,4,12,2024-09-24,3,105.87,0.0,317.61,0.0,317.61,2024,9,September,Tuesday,3
4163,2,63,2024-01-08,1,110.07,0.0,110.07,0.0,110.07,2024,1,January,Monday,1
4164,4,97,2024-09-25,7,51.84,0.15,362.88,0.5443199999999999,362.33567999999997,2024,9,September,Wednesday,3
4166,9,153,2024-08-02,2,149.65,0.05,299.3,0.14965,299.15035,2024,8,August,Friday,3
4168,9,134,2024-11-12,8,141.92,0.15,1135.36,1.7030399999999997,1133.6569599999998,2024,11,November,Tuesday,4
4169,6,144,2024-10-31,3,72.5,0.0,217.5,0.0,217.5,2024,10,October,Thursday,4
4170,1,6,2024-11-07,8,18.62,0.0,148.96,0.0,148.96,2024,11,November,Thursday,4
4171,2,17,2024-08-29,6,92.08,0.1,552.48,0.5524800000000001,551.9275200000001,2024,8,August,Thursday,3
4172,8,49,2024-12-10,11,89.67,0.0,986.37,0.0,986.37,2024,12,December,Tuesday,4
4173,6,95,2024-09-08,12,244.81,0.0,2937.7200000000003,0.0,2937.7200000000003,2024,9,September,Sunday,3
4174,1,137,2024-01-21,2,165.65,0.1,331.3,0.33130000000000004,330.9687,2024,1,January,Sunday,1
4175,5,111,2024-11-23,6,43.1,0.1,258.6,0.25860000000000005,258.3414,2024,11,November,Saturday,4
4176,4,101,2024-05-08,12,131.65,0.0,1579.8000000000002,0.0,1579.8000000000002,2024,5,May,Wednesday,2
4177,5,142,2024-06-18,7,36.7,0.0,256.90000000000003,0.0,256.90000000000003,2024,6,June,Tuesday,2
4178,9,22,2024-10-14,6,28.7,0.15,172.2,0.2583,171.9417,2024,10,October,Monday,4
4179,8,144,2024-05-01,7,72.5,0.0,507.5,0.0,507.5,2024,5,May,Wednesday,2
4180,7,73,2024-12-02,8,242.79,0.25,1942.32,4.8557999999999995,1937.4642,2024,12,December,Monday,4
4181,6,164,2024-05-28,12,78.92,0.15,947.04,1.4205599999999998,945.6194399999999,2024,5,May,Tuesday,2
4183,7,73,2024-05-11,7,242.79,0.05,1699.53,0.849765,1698.680235,2024,5,May,Saturday,2
4184,2,159,2024-11-10,6,51.69,0.05,310.14,0.15506999999999999,309.98492999999996,2024,11,November,Sunday,4
4185,5,36,2024-07-24,2,31.45,0.25,62.9,0.15725,62.74275,2024,7,July,Wednesday,3
4186,3,99,2024-01-15,11,207.07,0.1,2277.77,2.2777700000000003,2275.49223,2024,1,January,Monday,1
4187,9,155,2024-07-13,10,165.6,0.1,1656.0,1.6560000000000001,1654.344,2024,7,July,Saturday,3
4188,8,112,2024-01-16,1,58.1,0.15,58.1,0.08715,58.01285,2024,1,January,Tuesday,1
4189,10,21,2024-11-19,2,89.09,0.0,178.18,0.0,178.18,2024,11,November,Tuesday,4
4190,7,164,2024-01-30,4,78.92,0.25,315.68,0.7892,314.8908,2024,1,January,Tuesday,1
4191,7,44,2024-03-29,10,260.43,0.0,2604.3,0.0,2604.3,2024,3,March,Friday,1
4192,8,146,2024-03-20,6,127.32,0.25,763.92,1.9098,762.0101999999999,2024,3,March,Wednesday,1
4193,7,133,2024-01-10,6,107.43,0.1,644.58,0.6445800000000002,643.93542,2024,1,January,Wednesday,1
4194,7,88,2024-11-28,5,106.78,0.15,533.9,0.80085,533.09915,2024,11,November,Thursday,4
4195,1,66,2024-11-25,12,254.58,0.15,3054.96,4.58244,3050.37756,2024,11,November,Monday,4
4197,3,76,2024-07-03,2,150.97,0.1,301.94,0.30194000000000004,301.63806,2024,7,July,Wednesday,3
4198,6,39,2024-02-17,12,112.9,0.0,1354.8000000000002,0.0,1354.8000000000002,2024,2,February,Saturday,1
4199,9,54,2024-07-02,3,241.98,0.0,725.9399999999999,0.0,725.9399999999999,2024,7,July,Tuesday,3
4200,8,89,2024-10-23,9,16.36,0.15,147.24,0.22086000000000003,147.01914000000002,2024,10,October,Wednesday,4
4201,6,37,2024-06-16,6,19.91,0.0,119.46000000000001,0.0,119.46000000000001,2024,6,June,Sunday,2
4202,6,83,2024-11-12,4,48.4,0.05,193.6,0.0968,193.5032,2024,11,November,Tuesday,4
4203,6,117,2024-04-20,10,144.39,0.15,1443.8999999999999,2.16585,1441.7341499999998,2024,4,April,Saturday,2
4204,9,134,2024-03-21,6,141.92,0.25,851.52,2.1288,849.3912,2024,3,March,Thursday,1
4205,3,104,2024-01-12,12,246.47,0.0,2957.64,0.0,2957.64,2024,1,January,Friday,1
4206,4,168,2024-11-15,9,115.57,0.25,1040.1299999999999,2.6003249999999998,1037.5296749999998,2024,11,November,Friday,4
4207,6,163,2024-12-27,8,102.16,0.0,817.28,0.0,817.28,2024,12,December,Friday,4
4208,5,115,2024-12-28,11,212.31,0.0,2335.41,0.0,2335.41,2024,12,December,Saturday,4
4209,3,68,2024-05-12,10,17.26,0.0,172.60000000000002,0.0,172.60000000000002,2024,5,May,Sunday,2
4210,6,130,2024-02-06,4,200.9,0.25,803.6,2.009,801.591,2024,2,February,Tuesday,1
4211,1,99,2024-11-21,7,207.07,0.05,1449.49,0.7247450000000001,1448.765255,2024,11,November,Thursday,4
4212,9,84,2024-01-26,11,219.55,0.15,2415.05,3.622575,2411.4274250000003,2024,1,January,Friday,1
4213,7,90,2024-12-18,12,98.0,0.1,1176.0,1.1760000000000002,1174.824,2024,12,December,Wednesday,4
4214,2,48,2024-10-06,3,43.06,0.0,129.18,0.0,129.18,2024,10,October,Sunday,4
4215,2,78,2024-12-26,10,125.42,0.25,1254.2,3.1355,1251.0645,2024,12,December,Thursday,4
4216,8,106,2024-07-05,11,97.25,0.05,1069.75,0.534875,1069.215125,2024,7,July,Friday,3
4217,8,108,2024-05-20,8,151.96,0.15,1215.68,1.82352,1213.8564800000001,2024,5,May,Monday,2
4218,6,27,2024-04-29,7,83.28,0.0,582.96,0.0,582.96,2024,4,April,Monday,2
4219,1,55,2024-03-27,5,120.86,0.1,604.3,0.6043,603.6957,2024,3,March,Wednesday,1
4220,8,136,2024-11-25,7,182.39,0.05,1276.73,0.638365,1276.091635,2024,11,November,Monday,4
4221,2,17,2024-12-06,3,92.08,0.0,276.24,0.0,276.24,2024,12,December,Friday,4
4222,3,86,2024-03-02,3,125.76,0.0,377.28000000000003,0.0,377.28000000000003,2024,3,March,Saturday,1
4223,3,82,2024-11-26,4,111.57,0.0,446.28,0.0,446.28,2024,11,November,Tuesday,4
4224,8,37,2024-08-30,6,19.91,0.05,119.46000000000001,0.059730000000000005,119.40027,2024,8,August,Friday,3
4225,9,23,2024-05-01,11,135.4,0.15,1489.4,2.2340999999999998,1487.1659000000002,2024,5,May,Wednesday,2
4226,6,74,2024-12-05,6,77.0,0.05,462.0,0.231,461.769,2024,12,December,Thursday,4
4227,2,147,2024-10-22,8,159.14,0.0,1273.12,0.0,1273.12,2024,10,October,Tuesday,4
4228,3,85,2024-03-19,9,88.45,0.0,796.0500000000001,0.0,796.0500000000001,2024,3,March,Tuesday,1
4229,7,15,2024-06-25,2,149.2,0.0,298.4,0.0,298.4,2024,6,June,Tuesday,2
4230,1,54,2024-09-24,8,241.98,0.05,1935.84,0.96792,1934.8720799999999,2024,9,September,Tuesday,3
4231,3,118,2024-04-28,6,153.88,0.25,923.28,2.3082,920.9717999999999,2024,4,April,Sunday,2
4232,8,86,2024-03-30,6,125.76,0.15,754.5600000000001,1.1318400000000002,753.42816,2024,3,March,Saturday,1
4233,7,18,2024-02-02,12,204.77,0.25,2457.2400000000002,6.1431000000000004,2451.0969000000005,2024,2,February,Friday,1
4234,7,6,2024-10-26,2,18.62,0.0,37.24,0.0,37.24,2024,10,October,Saturday,4
4235,5,153,2024-08-31,10,149.65,0.15,1496.5,2.24475,1494.25525,2024,8,August,Saturday,3
4236,10,119,2024-06-30,12,38.1,0.1,457.20000000000005,0.45720000000000005,456.74280000000005,2024,6,June,Sunday,2
4237,9,63,2024-05-13,7,110.07,0.05,770.49,0.38524500000000006,770.104755,2024,5,May,Monday,2
4238,3,146,2024-12-10,12,127.32,0.25,1527.84,3.8196,1524.0203999999999,2024,12,December,Tuesday,4
4239,2,160,2024-04-02,11,215.87,0.0,2374.57,0.0,2374.57,2024,4,April,Tuesday,2
4240,8,80,2024-08-15,4,210.02,0.15,840.08,1.26012,838.81988,2024,8,August,Thursday,3
4241,8,20,2024-05-14,5,150.34,0.0,751.7,0.0,751.7,2024,5,May,Tuesday,2
4242,2,9,2024-02-03,5,100.29,0.0,501.45000000000005,0.0,501.45000000000005,2024,2,February,Saturday,1
4243,9,41,2024-08-24,5,157.72,0.05,788.6,0.3943000000000001,788.2057,2024,8,August,Saturday,3
4244,4,137,2024-06-04,12,165.65,0.1,1987.8000000000002,1.9878000000000002,1985.8122,2024,6,June,Tuesday,2
4245,9,133,2024-11-04,9,107.43,0.15,966.8700000000001,1.4503050000000002,965.4196950000002,2024,11,November,Monday,4
4246,7,139,2024-08-11,1,81.1,0.1,81.1,0.08109999999999999,81.01889999999999,2024,8,August,Sunday,3
4247,3,155,2024-11-22,6,165.6,0.0,993.5999999999999,0.0,993.5999999999999,2024,11,November,Friday,4
4248,10,100,2024-04-26,4,120.25,0.25,481.0,1.2025,479.7975,2024,4,April,Friday,2
4249,9,63,2024-10-21,11,110.07,0.1,1210.77,1.21077,1209.55923,2024,10,October,Monday,4
4250,6,153,2024-10-30,12,149.65,0.0,1795.8000000000002,0.0,1795.8000000000002,2024,10,October,Wednesday,4
4251,2,82,2024-10-07,12,111.57,0.0,1338.84,0.0,1338.84,2024,10,October,Monday,4
4252,6,116,2024-05-14,6,182.63,0.1,1095.78,1.09578,1094.6842199999999,2024,5,May,Tuesday,2
4253,2,44,2024-11-04,9,260.43,0.1,2343.87,2.34387,2341.5261299999997,2024,11,November,Monday,4
4254,6,155,2024-02-25,9,165.6,0.0,1490.3999999999999,0.0,1490.3999999999999,2024,2,February,Sunday,1
4255,9,11,2024-12-23,5,117.42,0.0,587.1,0.0,587.1,2024,12,December,Monday,4
4256,8,30,2024-07-09,10,212.07,0.0,2120.7,0.0,2120.7,2024,7,July,Tuesday,3
4257,10,1,2024-12-28,4,38.35,0.25,153.4,0.3835,153.0165,2024,12,December,Saturday,4
4258,7,1,2024-10-28,4,38.35,0.0,153.4,0.0,153.4,2024,10,October,Monday,4
4259,1,117,2024-12-05,11,144.39,0.0,1588.29,0.0,1588.29,2024,12,December,Thursday,4
4260,6,47,2024-08-20,12,118.87,0.1,1426.44,1.4264400000000002,1425.01356,2024,8,August,Tuesday,3
4261,2,83,2024-02-07,3,48.4,0.0,145.2,0.0,145.2,2024,2,February,Wednesday,1
4262,10,158,2024-09-07,1,81.38,0.0,81.38,0.0,81.38,2024,9,September,Saturday,3
4263,9,38,2024-09-05,3,27.57,0.15,82.71000000000001,0.12406500000000001,82.585935,2024,9,September,Thursday,3
4264,7,42,2024-11-02,12,169.87,0.05,2038.44,1.01922,2037.4207800000001,2024,11,November,Saturday,4
4265,3,58,2024-08-05,7,216.14,0.25,1512.98,3.78245,1509.19755,2024,8,August,Monday,3
4266,9,146,2024-07-25,4,127.32,0.25,509.28,1.2731999999999999,508.0068,2024,7,July,Thursday,3
4267,2,90,2024-10-31,11,98.0,0.05,1078.0,0.539,1077.461,2024,10,October,Thursday,4
4268,7,69,2024-08-03,9,68.64,0.0,617.76,0.0,617.76,2024,8,August,Saturday,3
4269,5,82,2024-01-20,12,111.57,0.0,1338.84,0.0,1338.84,2024,1,January,Saturday,1
4270,4,82,2024-07-27,2,111.57,0.0,223.14,0.0,223.14,2024,7,July,Saturday,3
4271,9,137,2024-12-07,2,165.65,0.1,331.3,0.33130000000000004,330.9687,2024,12,December,Saturday,4
4272,1,61,2024-11-16,7,24.26,0.1,169.82000000000002,0.16982000000000003,169.65018000000003,2024,11,November,Saturday,4
4273,9,95,2024-02-01,6,244.81,0.25,1468.8600000000001,3.6721500000000002,1465.18785,2024,2,February,Thursday,1
4274,10,36,2024-08-03,5,31.45,0.0,157.25,0.0,157.25,2024,8,August,Saturday,3
4275,9,99,2024-09-15,11,207.07,0.0,2277.77,0.0,2277.77,2024,9,September,Sunday,3
4276,6,109,2024-04-11,5,204.21,0.0,1021.0500000000001,0.0,1021.0500000000001,2024,4,April,Thursday,2
4277,2,68,2024-03-26,10,17.26,0.25,172.60000000000002,0.43150000000000005,172.16850000000002,2024,3,March,Tuesday,1
4278,1,11,2024-03-25,6,117.42,0.0,704.52,0.0,704.52,2024,3,March,Monday,1
4279,2,44,2024-09-18,4,260.43,0.0,1041.72,0.0,1041.72,2024,9,September,Wednesday,3
4280,2,45,2024-02-24,11,29.94,0.05,329.34000000000003,0.16467,329.17533000000003,2024,2,February,Saturday,1
4281,6,144,2024-11-28,2,72.5,0.0,145.0,0.0,145.0,2024,11,November,Thursday,4
4282,5,148,2024-06-30,1,126.73,0.0,126.73,0.0,126.73,2024,6,June,Sunday,2
4283,6,7,2024-06-29,6,12.29,0.0,73.74,0.0,73.74,2024,6,June,Saturday,2
4284,9,133,2024-12-15,9,107.43,0.1,966.8700000000001,0.9668700000000001,965.9031300000001,2024,12,December,Sunday,4
4285,5,127,2024-09-06,10,51.12,0.0,511.2,0.0,511.2,2024,9,September,Friday,3
4286,9,49,2024-11-23,8,89.67,0.1,717.36,0.71736,716.64264,2024,11,November,Saturday,4
4287,1,160,2024-02-04,3,215.87,0.1,647.61,0.6476100000000001,646.96239,2024,2,February,Sunday,1
4288,3,2,2024-09-18,8,81.57,0.05,652.56,0.32628,652.23372,2024,9,September,Wednesday,3
4289,10,145,2024-04-20,12,33.88,0.05,406.56000000000006,0.20328000000000002,406.35672000000005,2024,4,April,Saturday,2
4290,10,157,2024-05-27,6,147.67,0.0,886.02,0.0,886.02,2024,5,May,Monday,2
4291,9,25,2024-11-24,9,179.28,0.15,1613.52,2.42028,1611.09972,2024,11,November,Sunday,4
4292,7,147,2024-04-07,10,159.14,0.15,1591.3999999999999,2.3870999999999998,1589.0129,2024,4,April,Sunday,2
4293,4,89,2024-02-15,3,16.36,0.0,49.08,0.0,49.08,2024,2,February,Thursday,1
4294,4,134,2024-12-17,9,141.92,0.05,1277.28,0.6386400000000001,1276.64136,2024,12,December,Tuesday,4
4295,9,98,2024-12-16,9,93.24,0.0,839.16,0.0,839.16,2024,12,December,Monday,4
4296,3,13,2024-12-28,10,91.64,0.0,916.4,0.0,916.4,2024,12,December,Saturday,4
4297,7,72,2024-08-16,2,94.95,0.0,189.9,0.0,189.9,2024,8,August,Friday,3
4298,7,58,2024-03-08,3,216.14,0.0,648.42,0.0,648.42,2024,3,March,Friday,1
4299,5,107,2024-12-29,12,9.07,0.0,108.84,0.0,108.84,2024,12,December,Sunday,4
4300,9,13,2024-09-17,2,91.64,0.25,183.28,0.4582,182.8218,2024,9,September,Tuesday,3
4301,7,76,2024-09-08,6,150.97,0.05,905.8199999999999,0.45291,905.36709,2024,9,September,Sunday,3
4302,1,79,2024-12-07,7,156.97,0.1,1098.79,1.0987900000000002,1097.69121,2024,12,December,Saturday,4
4303,6,14,2024-01-22,9,13.97,0.0,125.73,0.0,125.73,2024,1,January,Monday,1
4304,7,89,2024-08-20,9,16.36,0.25,147.24,0.36810000000000004,146.8719,2024,8,August,Tuesday,3
4305,4,67,2024-03-13,1,107.18,0.15,107.18,0.16077000000000002,107.01923000000001,2024,3,March,Wednesday,1
4306,8,105,2024-12-19,8,136.88,0.0,1095.04,0.0,1095.04,2024,12,December,Thursday,4
4307,8,107,2024-06-05,6,9.07,0.25,54.42,0.13605,54.283950000000004,2024,6,June,Wednesday,2
4308,10,47,2024-04-22,6,118.87,0.05,713.22,0.35661000000000004,712.86339,2024,4,April,Monday,2
4309,6,92,2024-05-31,3,96.38,0.15,289.14,0.43370999999999993,288.70628999999997,2024,5,May,Friday,2
4310,6,12,2024-04-29,8,105.87,0.1,846.96,0.8469600000000002,846.1130400000001,2024,4,April,Monday,2
4311,9,94,2024-04-30,3,179.27,0.0,537.8100000000001,0.0,537.8100000000001,2024,4,April,Tuesday,2
4312,5,153,2024-11-02,1,149.65,0.05,149.65,0.074825,149.575175,2024,11,November,Saturday,4
4313,10,137,2024-02-24,7,165.65,0.15,1159.55,1.7393249999999998,1157.810675,2024,2,February,Saturday,1
4314,5,1,2024-12-22,3,38.35,0.0,115.05000000000001,0.0,115.05000000000001,2024,12,December,Sunday,4
4315,1,25,2024-06-09,1,179.28,0.25,179.28,0.4482,178.8318,2024,6,June,Sunday,2
4316,7,102,2024-08-17,7,25.17,0.15,176.19,0.264285,175.925715,2024,8,August,Saturday,3
4317,6,77,2024-03-21,9,68.92,0.25,620.28,1.5507,618.7293,2024,3,March,Thursday,1
4318,8,154,2024-07-09,11,104.34,0.1,1147.74,1.14774,1146.59226,2024,7,July,Tuesday,3
4319,6,87,2024-06-05,4,211.16,0.05,844.64,0.42232,844.21768,2024,6,June,Wednesday,2
4320,2,158,2024-07-13,6,81.38,0.25,488.28,1.2207,487.05929999999995,2024,7,July,Saturday,3
4321,8,157,2024-06-01,8,147.67,0.0,1181.36,0.0,1181.36,2024,6,June,Saturday,2
4322,3,33,2024-01-01,12,162.49,0.0,1949.88,0.0,1949.88,2024,1,January,Monday,1
4323,3,59,2024-11-26,8,30.25,0.25,242.0,0.605,241.395,2024,11,November,Tuesday,4
4324,6,37,2024-06-25,12,19.91,0.0,238.92000000000002,0.0,238.92000000000002,2024,6,June,Tuesday,2
4325,1,4,2024-12-30,10,167.47,0.0,1674.7,0.0,1674.7,2024,12,December,Monday,4
4326,6,24,2024-12-01,7,80.42,0.1,562.94,0.5629400000000001,562.37706,2024,12,December,Sunday,4
4327,10,8,2024-12-10,7,98.81,0.25,691.6700000000001,1.7291750000000001,689.940825,2024,12,December,Tuesday,4
4328,1,164,2024-12-03,3,78.92,0.05,236.76,0.11838000000000001,236.64162,2024,12,December,Tuesday,4
4329,8,13,2024-05-24,8,91.64,0.1,733.12,0.73312,732.38688,2024,5,May,Friday,2
4330,7,81,2024-11-28,3,39.73,0.15,119.19,0.178785,119.01121499999999,2024,11,November,Thursday,4
4331,8,22,2024-10-26,8,28.7,0.15,229.6,0.3444,229.2556,2024,10,October,Saturday,4
4332,3,38,2024-03-29,7,27.57,0.05,192.99,0.09649500000000001,192.893505,2024,3,March,Friday,1
4333,4,92,2024-12-17,6,96.38,0.15,578.28,0.8674199999999999,577.4125799999999,2024,12,December,Tuesday,4
4334,7,147,2024-05-14,8,159.14,0.0,1273.12,0.0,1273.12,2024,5,May,Tuesday,2
4335,5,23,2024-01-16,11,135.4,0.0,1489.4,0.0,1489.4,2024,1,January,Tuesday,1
4336,5,167,2024-12-22,12,20.08,0.25,240.95999999999998,0.6023999999999999,240.3576,2024,12,December,Sunday,4
4337,5,111,2024-08-15,6,43.1,0.0,258.6,0.0,258.6,2024,8,August,Thursday,3
4338,4,81,2024-12-11,11,39.73,0.0,437.03,0.0,437.03,2024,12,December,Wednesday,4
4339,3,137,2024-02-23,9,165.65,0.15,1490.8500000000001,2.2362750000000005,1488.6137250000002,2024,2,February,Friday,1
4340,7,92,2024-09-04,4,96.38,0.05,385.52,0.19276,385.32723999999996,2024,9,September,Wednesday,3
4341,9,7,2024-02-22,11,12.29,0.25,135.19,0.33797499999999997,134.852025,2024,2,February,Thursday,1
4342,8,87,2024-09-27,9,211.16,0.1,1900.44,1.9004400000000001,1898.5395600000002,2024,9,September,Friday,3
4343,3,125,2024-11-18,6,151.37,0.0,908.22,0.0,908.22,2024,11,November,Monday,4
4344,1,37,2024-09-14,12,19.91,0.1,238.92000000000002,0.23892000000000002,238.68108,2024,9,September,Saturday,3
4345,10,19,2024-04-18,3,61.27,0.0,183.81,0.0,183.81,2024,4,April,Thursday,2
4346,9,124,2024-07-13,5,19.68,0.0,98.4,0.0,98.4,2024,7,July,Saturday,3
4347,8,141,2024-04-21,10,45.08,0.05,450.79999999999995,0.2254,450.5746,2024,4,April,Sunday,2
4348,4,14,2024-04-24,12,13.97,0.0,167.64000000000001,0.0,167.64000000000001,2024,4,April,Wednesday,2
4349,6,167,2024-07-19,12,20.08,0.0,240.95999999999998,0.0,240.95999999999998,2024,7,July,Friday,3
4350,2,160,2024-01-06,1,215.87,0.0,215.87,0.0,215.87,2024,1,January,Saturday,1
4351,7,8,2024-08-20,11,98.81,0.15,1086.91,1.6303650000000003,1085.279635,2024,8,August,Tuesday,3
4352,5,87,2024-07-03,11,211.16,0.0,2322.7599999999998,0.0,2322.7599999999998,2024,7,July,Wednesday,3
4353,10,115,2024-12-25,1,212.31,0.1,212.31,0.21231000000000003,212.09769,2024,12,December,Wednesday,4
4354,4,57,2024-11-14,7,75.29,0.1,527.0300000000001,0.5270300000000001,526.5029700000001,2024,11,November,Thursday,4
4355,2,90,2024-10-04,6,98.0,0.25,588.0,1.47,586.53,2024,10,October,Friday,4
4356,6,125,2024-06-03,1,151.37,0.0,151.37,0.0,151.37,2024,6,June,Monday,2
4357,9,120,2024-07-12,8,234.32,0.25,1874.56,4.6864,1869.8736,2024,7,July,Friday,3
4358,8,75,2024-12-05,3,29.49,0.0,88.47,0.0,88.47,2024,12,December,Thursday,4
4359,2,99,2024-05-07,4,207.07,0.05,828.28,0.41414,827.86586,2024,5,May,Tuesday,2
4360,4,140,2024-11-22,1,147.3,0.25,147.3,0.36825,146.93175000000002,2024,11,November,Friday,4
4361,5,63,2024-05-18,12,110.07,0.0,1320.84,0.0,1320.84,2024,5,May,Saturday,2
4362,3,162,2024-11-10,9,125.27,0.0,1127.43,0.0,1127.43,2024,11,November,Sunday,4
4363,1,86,2024-04-15,4,125.76,0.0,503.04,0.0,503.04,2024,4,April,Monday,2
4364,8,86,2024-08-25,2,125.76,0.0,251.52,0.0,251.52,2024,8,August,Sunday,3
4365,8,100,2024-05-15,11,120.25,0.0,1322.75,0.0,1322.75,2024,5,May,Wednesday,2
4366,9,132,2024-09-24,9,133.08,0.0,1197.72,0.0,1197.72,2024,9,September,Tuesday,3
4367,2,5,2024-05-13,8,152.79,0.15,1222.32,1.8334799999999998,1220.48652,2024,5,May,Monday,2
4368,1,40,2024-04-02,10,21.17,0.05,211.70000000000002,0.10585000000000001,211.59415,2024,4,April,Tuesday,2
4369,8,164,2024-12-01,6,78.92,0.15,473.52,0.7102799999999999,472.80971999999997,2024,12,December,Sunday,4
4370,1,15,2024-12-17,6,149.2,0.0,895.1999999999999,0.0,895.1999999999999,2024,12,December,Tuesday,4
4371,1,38,2024-02-15,12,27.57,0.15,330.84000000000003,0.49626000000000003,330.34374,2024,2,February,Thursday,1
4372,10,38,2024-03-28,9,27.57,0.05,248.13,0.12406500000000001,248.005935,2024,3,March,Thursday,1
4373,6,36,2024-12-10,6,31.45,0.0,188.7,0.0,188.7,2024,12,December,Tuesday,4
4374,8,69,2024-12-19,8,68.64,0.0,549.12,0.0,549.12,2024,12,December,Thursday,4
4375,8,102,2024-10-14,9,25.17,0.25,226.53000000000003,0.5663250000000001,225.96367500000002,2024,10,October,Monday,4
4376,6,129,2024-08-16,11,151.03,0.1,1661.33,1.6613300000000002,1659.66867,2024,8,August,Friday,3
4377,6,33,2024-11-06,7,162.49,0.0,1137.43,0.0,1137.43,2024,11,November,Wednesday,4
4378,1,107,2024-07-24,10,9.07,0.1,90.7,0.0907,90.6093,2024,7,July,Wednesday,3
4379,3,106,2024-02-08,2,97.25,0.25,194.5,0.48625,194.01375,2024,2,February,Thursday,1
4380,8,129,2024-12-13,10,151.03,0.0,1510.3,0.0,1510.3,2024,12,December,Friday,4
4381,5,94,2024-03-19,7,179.27,0.0,1254.89,0.0,1254.89,2024,3,March,Tuesday,1
4382,9,149,2024-07-04,5,212.9,0.25,1064.5,2.66125,1061.83875,2024,7,July,Thursday,3
4383,6,58,2024-07-07,11,216.14,0.05,2377.54,1.18877,2376.3512299999998,2024,7,July,Sunday,3
4384,7,99,2024-10-02,4,207.07,0.0,828.28,0.0,828.28,2024,10,October,Wednesday,4
4385,10,145,2024-06-27,10,33.88,0.0,338.8,0.0,338.8,2024,6,June,Thursday,2
4386,1,21,2024-01-17,11,89.09,0.0,979.99,0.0,979.99,2024,1,January,Wednesday,1
4388,1,44,2024-03-25,8,260.43,0.0,2083.44,0.0,2083.44,2024,3,March,Monday,1
4389,5,131,2024-11-15,8,141.63,0.0,1133.04,0.0,1133.04,2024,11,November,Friday,4
4390,1,74,2024-04-08,8,77.0,0.05,616.0,0.308,615.692,2024,4,April,Monday,2
4391,5,42,2024-10-29,6,169.87,0.0,1019.22,0.0,1019.22,2024,10,October,Tuesday,4
4392,1,17,2024-06-08,1,92.08,0.1,92.08,0.09208,91.98792,2024,6,June,Saturday,2
4393,9,150,2024-09-14,2,89.35,0.0,178.7,0.0,178.7,2024,9,September,Saturday,3
4394,7,96,2024-10-02,8,169.6,0.0,1356.8,0.0,1356.8,2024,10,October,Wednesday,4
4395,2,148,2024-02-28,7,126.73,0.05,887.11,0.4435550000000001,886.6664450000001,2024,2,February,Wednesday,1
4396,5,12,2024-09-27,2,105.87,0.0,211.74,0.0,211.74,2024,9,September,Friday,3
4397,2,166,2024-11-25,12,44.53,0.15,534.36,0.8015399999999999,533.55846,2024,11,November,Monday,4
4398,9,145,2024-03-02,11,33.88,0.0,372.68,0.0,372.68,2024,3,March,Saturday,1
4399,5,62,2024-11-22,10,11.77,0.25,117.69999999999999,0.29424999999999996,117.40574999999998,2024,11,November,Friday,4
4400,7,85,2024-01-13,12,88.45,0.0,1061.4,0.0,1061.4,2024,1,January,Saturday,1
4401,7,27,2024-12-08,8,83.28,0.05,666.24,0.33312,665.90688,2024,12,December,Sunday,4
4402,6,24,2024-10-10,4,80.42,0.0,321.68,0.0,321.68,2024,10,October,Thursday,4
4403,3,46,2024-12-21,9,46.4,0.0,417.59999999999997,0.0,417.59999999999997,2024,12,December,Saturday,4
4404,5,100,2024-02-19,1,120.25,0.0,120.25,0.0,120.25,2024,2,February,Monday,1
4405,1,146,2024-12-01,11,127.32,0.0,1400.52,0.0,1400.52,2024,12,December,Sunday,4
4406,1,129,2024-06-20,3,151.03,0.0,453.09000000000003,0.0,453.09000000000003,2024,6,June,Thursday,2
4407,2,42,2024-11-20,4,169.87,0.0,679.48,0.0,679.48,2024,11,November,Wednesday,4
4408,7,13,2024-10-17,5,91.64,0.05,458.2,0.2291,457.9709,2024,10,October,Thursday,4
4409,3,127,2024-10-31,6,51.12,0.25,306.71999999999997,0.7667999999999999,305.9532,2024,10,October,Thursday,4
4410,10,133,2024-06-11,7,107.43,0.15,752.01,1.128015,750.881985,2024,6,June,Tuesday,2
4411,2,102,2024-09-16,6,25.17,0.15,151.02,0.22653,150.79347,2024,9,September,Monday,3
4412,10,107,2024-01-24,6,9.07,0.0,54.42,0.0,54.42,2024,1,January,Wednesday,1
4413,3,170,2024-12-07,4,8.38,0.15,33.52,0.050280000000000005,33.46972,2024,12,December,Saturday,4
4414,9,33,2024-11-18,11,162.49,0.25,1787.39,4.468475000000001,1782.9215250000002,2024,11,November,Monday,4
4415,3,78,2024-02-09,3,125.42,0.0,376.26,0.0,376.26,2024,2,February,Friday,1
4416,1,34,2024-04-10,2,99.91,0.0,199.82,0.0,199.82,2024,4,April,Wednesday,2
4417,8,74,2024-12-04,8,77.0,0.05,616.0,0.308,615.692,2024,12,December,Wednesday,4
4418,4,37,2024-08-15,8,19.91,0.25,159.28,0.3982,158.8818,2024,8,August,Thursday,3
4419,6,71,2024-12-09,5,11.55,0.1,57.75,0.05775,57.69225,2024,12,December,Monday,4
4420,5,68,2024-04-14,4,17.26,0.0,69.04,0.0,69.04,2024,4,April,Sunday,2
4421,8,156,2024-03-24,11,173.78,0.25,1911.58,4.77895,1906.80105,2024,3,March,Sunday,1
4422,8,5,2024-08-05,10,152.79,0.05,1527.8999999999999,0.7639499999999999,1527.1360499999998,2024,8,August,Monday,3
4423,3,32,2024-07-27,10,195.25,0.15,1952.5,2.92875,1949.57125,2024,7,July,Saturday,3
4424,5,20,2024-07-27,2,150.34,0.25,300.68,0.7517,299.9283,2024,7,July,Saturday,3
4425,1,43,2024-04-02,2,88.26,0.05,176.52,0.08826,176.43174000000002,2024,4,April,Tuesday,2
4426,6,37,2024-12-15,2,19.91,0.25,39.82,0.09955,39.72045,2024,12,December,Sunday,4
4427,6,34,2024-03-22,10,99.91,0.0,999.0999999999999,0.0,999.0999999999999,2024,3,March,Friday,1
4428,5,47,2024-05-08,10,118.87,0.15,1188.7,1.78305,1186.91695,2024,5,May,Wednesday,2
4429,1,34,2024-12-11,5,99.91,0.0,499.54999999999995,0.0,499.54999999999995,2024,12,December,Wednesday,4
4430,4,111,2024-01-11,3,43.1,0.0,129.3,0.0,129.3,2024,1,January,Thursday,1
4431,3,168,2024-09-20,1,115.57,0.0,115.57,0.0,115.57,2024,9,September,Friday,3
4432,8,139,2024-11-05,12,81.1,0.0,973.1999999999999,0.0,973.1999999999999,2024,11,November,Tuesday,4
4433,2,58,2024-07-09,5,216.14,0.0,1080.6999999999998,0.0,1080.6999999999998,2024,7,July,Tuesday,3
4434,1,25,2024-11-22,5,179.28,0.05,896.4,0.4482,895.9517999999999,2024,11,November,Friday,4
4435,8,113,2024-01-17,11,114.72,0.0,1261.92,0.0,1261.92,2024,1,January,Wednesday,1
4437,9,60,2024-06-23,11,27.88,0.0,306.68,0.0,306.68,2024,6,June,Sunday,2
4438,8,77,2024-11-28,3,68.92,0.1,206.76,0.20676000000000003,206.55324,2024,11,November,Thursday,4
4439,10,123,2024-05-31,12,108.4,0.0,1300.8000000000002,0.0,1300.8000000000002,2024,5,May,Friday,2
4440,1,166,2024-08-07,6,44.53,0.1,267.18,0.26718000000000003,266.91282,2024,8,August,Wednesday,3
4441,4,38,2024-04-27,6,27.57,0.1,165.42000000000002,0.16542,165.25458,2024,4,April,Saturday,2
4442,8,131,2024-01-07,6,141.63,0.25,849.78,2.12445,847.65555,2024,1,January,Sunday,1
4443,2,31,2024-06-29,9,110.33,0.15,992.97,1.4894550000000002,991.480545,2024,6,June,Saturday,2
4444,5,94,2024-10-16,5,179.27,0.0,896.35,0.0,896.35,2024,10,October,Wednesday,4
4445,4,163,2024-02-10,4,102.16,0.25,408.64,1.0216,407.6184,2024,2,February,Saturday,1
4446,8,133,2024-10-06,3,107.43,0.0,322.29,0.0,322.29,2024,10,October,Sunday,4
4447,2,108,2024-04-19,10,151.96,0.05,1519.6000000000001,0.7598,1518.8402,2024,4,April,Friday,2
4448,6,74,2024-11-29,10,77.0,0.15,770.0,1.155,768.845,2024,11,November,Friday,4
4450,8,40,2024-12-21,12,21.17,0.0,254.04000000000002,0.0,254.04000000000002,2024,12,December,Saturday,4
4451,5,94,2024-02-29,6,179.27,0.25,1075.6200000000001,2.6890500000000004,1072.9309500000002,2024,2,February,Thursday,1
4452,6,78,2024-02-04,10,125.42,0.15,1254.2,1.8813,1252.3187,2024,2,February,Sunday,1
4453,5,145,2024-05-09,8,33.88,0.0,271.04,0.0,271.04,2024,5,May,Thursday,2
4454,5,86,2024-08-22,10,125.76,0.0,1257.6000000000001,0.0,1257.6000000000001,2024,8,August,Thursday,3
4455,9,168,2024-05-25,2,115.57,0.05,231.14,0.11557,231.02443,2024,5,May,Saturday,2
4456,3,165,2024-07-23,11,56.11,0.0,617.21,0.0,617.21,2024,7,July,Tuesday,3
4457,8,124,2024-11-08,9,19.68,0.0,177.12,0.0,177.12,2024,11,November,Friday,4
4458,3,67,2024-12-05,5,107.18,0.15,535.9000000000001,0.8038500000000001,535.0961500000001,2024,12,December,Thursday,4
4459,8,39,2024-02-07,7,112.9,0.1,790.3000000000001,0.7903000000000001,789.5097000000001,2024,2,February,Wednesday,1
4460,8,95,2024-06-25,10,244.81,0.0,2448.1,0.0,2448.1,2024,6,June,Tuesday,2
4461,6,163,2024-12-30,3,102.16,0.15,306.48,0.45972,306.02028,2024,12,December,Monday,4
4462,10,31,2024-06-21,7,110.33,0.0,772.31,0.0,772.31,2024,6,June,Friday,2
4463,5,73,2024-07-13,7,242.79,0.0,1699.53,0.0,1699.53,2024,7,July,Saturday,3
4464,10,158,2024-11-01,3,81.38,0.15,244.14,0.3662099999999999,243.77379,2024,11,November,Friday,4
4465,10,11,2024-07-25,10,117.42,0.25,1174.2,2.9355,1171.2645,2024,7,July,Thursday,3
4466,5,139,2024-03-21,5,81.1,0.1,405.5,0.4055,405.0945,2024,3,March,Thursday,1
4467,8,82,2024-10-30,7,111.57,0.25,780.99,1.952475,779.037525,2024,10,October,Wednesday,4
4468,6,87,2024-07-09,8,211.16,0.05,1689.28,0.84464,1688.43536,2024,7,July,Tuesday,3
4469,4,98,2024-12-10,7,93.24,0.0,652.68,0.0,652.68,2024,12,December,Tuesday,4
4470,4,4,2024-06-23,6,167.47,0.1,1004.8199999999999,1.00482,1003.8151799999999,2024,6,June,Sunday,2
4471,9,57,2024-03-15,11,75.29,0.0,828.19,0.0,828.19,2024,3,March,Friday,1
4472,7,27,2024-11-14,9,83.28,0.0,749.52,0.0,749.52,2024,11,November,Thursday,4
4473,8,145,2024-03-11,10,33.88,0.0,338.8,0.0,338.8,2024,3,March,Monday,1
4474,4,162,2024-06-13,7,125.27,0.05,876.89,0.43844500000000003,876.451555,2024,6,June,Thursday,2
4475,9,22,2024-12-22,3,28.7,0.0,86.1,0.0,86.1,2024,12,December,Sunday,4
4476,9,132,2024-03-17,9,133.08,0.0,1197.72,0.0,1197.72,2024,3,March,Sunday,1
4477,7,42,2024-03-17,8,169.87,0.15,1358.96,2.03844,1356.92156,2024,3,March,Sunday,1
4478,2,144,2024-10-28,10,72.5,0.05,725.0,0.3625,724.6375,2024,10,October,Monday,4
4479,3,99,2024-01-12,12,207.07,0.0,2484.84,0.0,2484.84,2024,1,January,Friday,1
4480,8,149,2024-03-13,1,212.9,0.25,212.9,0.53225,212.36775,2024,3,March,Wednesday,1
4481,10,91,2024-12-08,3,146.33,0.0,438.99,0.0,438.99,2024,12,December,Sunday,4
4482,3,22,2024-01-29,8,28.7,0.25,229.6,0.574,229.02599999999998,2024,1,January,Monday,1
4483,8,82,2024-07-20,7,111.57,0.05,780.99,0.39049500000000004,780.599505,2024,7,July,Saturday,3
4484,1,130,2024-06-13,8,200.9,0.0,1607.2,0.0,1607.2,2024,6,June,Thursday,2
4485,3,143,2024-11-21,2,233.86,0.15,467.72,0.70158,467.01842000000005,2024,11,November,Thursday,4
4488,1,61,2024-12-22,11,24.26,0.25,266.86,0.66715,266.19285,2024,12,December,Sunday,4
4489,2,39,2024-10-12,9,112.9,0.0,1016.1,0.0,1016.1,2024,10,October,Saturday,4
4490,5,163,2024-11-14,7,102.16,0.1,715.12,0.71512,714.40488,2024,11,November,Thursday,4
4491,6,98,2024-05-28,1,93.24,0.1,93.24,0.09324,93.14676,2024,5,May,Tuesday,2
4492,7,58,2024-09-01,10,216.14,0.05,2161.3999999999996,1.0807,2160.3192999999997,2024,9,September,Sunday,3
4493,1,118,2024-12-15,9,153.88,0.05,1384.92,0.6924600000000001,1384.22754,2024,12,December,Sunday,4
4494,7,9,2024-06-24,9,100.29,0.0,902.61,0.0,902.61,2024,6,June,Monday,2
4495,6,6,2024-02-29,11,18.62,0.0,204.82000000000002,0.0,204.82000000000002,2024,2,February,Thursday,1
4496,6,164,2024-11-09,9,78.92,0.0,710.28,0.0,710.28,2024,11,November,Saturday,4
4497,2,28,2024-05-30,8,143.98,0.05,1151.84,0.57592,1151.26408,2024,5,May,Thursday,2
4498,7,64,2024-05-18,2,54.54,0.0,109.08,0.0,109.08,2024,5,May,Saturday,2
4499,10,109,2024-09-04,7,204.21,0.05,1429.47,0.714735,1428.755265,2024,9,September,Wednesday,3
4500,5,56,2024-03-26,4,91.09,0.05,364.36,0.18218,364.17782,2024,3,March,Tuesday,1
4501,9,110,2024-12-30,11,240.3,0.25,2643.3,6.608250000000001,2636.69175,2024,12,December,Monday,4
4502,5,149,2024-11-29,7,212.9,0.0,1490.3,0.0,1490.3,2024,11,November,Friday,4
4503,7,144,2024-12-12,9,72.5,0.15,652.5,0.97875,651.52125,2024,12,December,Thursday,4
4504,1,123,2024-11-08,9,108.4,0.15,975.6,1.4634,974.1366,2024,11,November,Friday,4
4505,4,18,2024-03-30,12,204.77,0.15,2457.2400000000002,3.68586,2453.55414,2024,3,March,Saturday,1
4506,1,116,2024-01-27,4,182.63,0.0,730.52,0.0,730.52,2024,1,January,Saturday,1
4507,8,40,2024-07-29,5,21.17,0.05,105.85000000000001,0.05292500000000001,105.797075,2024,7,July,Monday,3
4508,5,135,2024-05-15,2,198.75,0.0,397.5,0.0,397.5,2024,5,May,Wednesday,2
4509,2,147,2024-11-25,4,159.14,0.0,636.56,0.0,636.56,2024,11,November,Monday,4
4510,1,34,2024-04-21,3,99.91,0.0,299.73,0.0,299.73,2024,4,April,Sunday,2
4511,2,34,2024-07-24,2,99.91,0.1,199.82,0.19982,199.62018,2024,7,July,Wednesday,3
4512,6,104,2024-09-24,10,246.47,0.15,2464.7,3.69705,2461.0029499999996,2024,9,September,Tuesday,3
4513,1,116,2024-08-29,10,182.63,0.1,1826.3,1.8263,1824.4737,2024,8,August,Thursday,3
4514,7,8,2024-01-08,2,98.81,0.1,197.62,0.19762000000000002,197.42238,2024,1,January,Monday,1
4515,5,35,2024-11-28,4,8.64,0.05,34.56,0.017280000000000004,34.54272,2024,11,November,Thursday,4
4516,4,70,2024-08-25,1,149.07,0.0,149.07,0.0,149.07,2024,8,August,Sunday,3
4517,10,159,2024-03-24,8,51.69,0.0,413.52,0.0,413.52,2024,3,March,Sunday,1
4518,3,33,2024-12-18,9,162.49,0.0,1462.41,0.0,1462.41,2024,12,December,Wednesday,4
4519,4,152,2024-04-21,12,77.49,0.05,929.8799999999999,0.46494,929.4150599999999,2024,4,April,Sunday,2
4520,3,97,2024-02-09,1,51.84,0.0,51.84,0.0,51.84,2024,2,February,Friday,1
4522,10,131,2024-06-05,6,141.63,0.0,849.78,0.0,849.78,2024,6,June,Wednesday,2
4523,7,86,2024-08-23,7,125.76,0.0,880.32,0.0,880.32,2024,8,August,Friday,3
4524,7,30,2024-11-07,9,212.07,0.15,1908.6299999999999,2.862945,1905.7670549999998,2024,11,November,Thursday,4
4525,5,105,2024-12-12,6,136.88,0.0,821.28,0.0,821.28,2024,12,December,Thursday,4
4526,9,35,2024-10-19,1,8.64,0.0,8.64,0.0,8.64,2024,10,October,Saturday,4
4527,5,4,2024-11-06,12,167.47,0.0,2009.6399999999999,0.0,2009.6399999999999,2024,11,November,Wednesday,4
4528,10,145,2024-10-05,6,33.88,0.05,203.28000000000003,0.10164000000000001,203.17836000000003,2024,10,October,Saturday,4
4529,9,66,2024-12-28,6,254.58,0.0,1527.48,0.0,1527.48,2024,12,December,Saturday,4
4530,9,93,2024-10-25,1,187.19,0.1,187.19,0.18719000000000002,187.00281,2024,10,October,Friday,4
4531,9,108,2024-12-15,2,151.96,0.0,303.92,0.0,303.92,2024,12,December,Sunday,4
4532,10,72,2024-03-02,7,94.95,0.05,664.65,0.33232500000000004,664.317675,2024,3,March,Saturday,1
4533,3,96,2024-11-29,8,169.6,0.15,1356.8,2.0351999999999997,1354.7648,2024,11,November,Friday,4
4534,10,147,2024-03-21,10,159.14,0.0,1591.3999999999999,0.0,1591.3999999999999,2024,3,March,Thursday,1
4535,1,93,2024-11-06,11,187.19,0.0,2059.09,0.0,2059.09,2024,11,November,Wednesday,4
4536,3,155,2024-10-20,4,165.6,0.0,662.4,0.0,662.4,2024,10,October,Sunday,4
4537,8,124,2024-05-05,10,19.68,0.25,196.8,0.49200000000000005,196.30800000000002,2024,5,May,Sunday,2
4538,7,148,2024-11-21,8,126.73,0.0,1013.84,0.0,1013.84,2024,11,November,Thursday,4
4539,7,77,2024-03-12,5,68.92,0.0,344.6,0.0,344.6,2024,3,March,Tuesday,1
4540,3,120,2024-10-17,8,234.32,0.0,1874.56,0.0,1874.56,2024,10,October,Thursday,4
4541,6,56,2024-12-07,10,91.09,0.0,910.9000000000001,0.0,910.9000000000001,2024,12,December,Saturday,4
4542,6,55,2024-05-02,2,120.86,0.0,241.72,0.0,241.72,2024,5,May,Thursday,2
4543,9,150,2024-12-28,9,89.35,0.05,804.15,0.402075,803.747925,2024,12,December,Saturday,4
4544,4,168,2024-03-29,10,115.57,0.0,1155.6999999999998,0.0,1155.6999999999998,2024,3,March,Friday,1
4545,4,29,2024-09-24,10,128.85,0.0,1288.5,0.0,1288.5,2024,9,September,Tuesday,3
4546,5,94,2024-02-24,11,179.27,0.15,1971.97,2.957955,1969.012045,2024,2,February,Saturday,1
4547,2,22,2024-01-24,7,28.7,0.0,200.9,0.0,200.9,2024,1,January,Wednesday,1
4548,3,162,2024-11-25,9,125.27,0.0,1127.43,0.0,1127.43,2024,11,November,Monday,4
4549,4,167,2024-12-19,7,20.08,0.05,140.56,0.07028000000000001,140.48972,2024,12,December,Thursday,4
4550,7,159,2024-02-27,10,51.69,0.1,516.9,0.5169,516.3831,2024,2,February,Tuesday,1
4551,6,8,2024-06-26,4,98.81,0.15,395.24,0.59286,394.64714000000004,2024,6,June,Wednesday,2
4552,9,24,2024-11-06,7,80.42,0.25,562.94,1.40735,561.5326500000001,2024,11,November,Wednesday,4
4553,7,10,2024-02-09,8,136.82,0.15,1094.56,1.64184,1092.91816,2024,2,February,Friday,1
4554,3,100,2024-07-06,7,120.25,0.05,841.75,0.42087500000000005,841.329125,2024,7,July,Saturday,3
4555,2,117,2024-02-29,11,144.39,0.15,1588.29,2.3824349999999996,1585.907565,2024,2,February,Thursday,1
4556,9,146,2024-06-14,11,127.32,0.05,1400.52,0.70026,1399.81974,2024,6,June,Friday,2
4557,3,116,2024-12-13,5,182.63,0.0,913.15,0.0,913.15,2024,12,December,Friday,4
4558,5,143,2024-11-08,12,233.86,0.1,2806.32,2.80632,2803.51368,2024,11,November,Friday,4
4559,4,53,2024-09-22,4,131.05,0.0,524.2,0.0,524.2,2024,9,September,Sunday,3
4560,2,53,2024-12-03,12,131.05,0.0,1572.6000000000001,0.0,1572.6000000000001,2024,12,December,Tuesday,4
4561,9,139,2024-04-03,5,81.1,0.0,405.5,0.0,405.5,2024,4,April,Wednesday,2
4562,4,142,2024-11-09,4,36.7,0.05,146.8,0.0734,146.72660000000002,2024,11,November,Saturday,4
4563,6,159,2024-05-15,12,51.69,0.25,620.28,1.5507,618.7293,2024,5,May,Wednesday,2
4564,10,74,2024-01-06,2,77.0,0.15,154.0,0.23099999999999998,153.769,2024,1,January,Saturday,1
4565,2,50,2024-11-22,3,168.2,0.05,504.59999999999997,0.2523,504.3477,2024,11,November,Friday,4
4566,1,122,2024-11-23,2,28.93,0.05,57.86,0.02893,57.83107,2024,11,November,Saturday,4
4567,3,160,2024-12-13,12,215.87,0.15,2590.44,3.8856599999999997,2586.55434,2024,12,December,Friday,4
4568,1,1,2024-06-26,9,38.35,0.0,345.15000000000003,0.0,345.15000000000003,2024,6,June,Wednesday,2
4569,4,156,2024-03-14,3,173.78,0.0,521.34,0.0,521.34,2024,3,March,Thursday,1
4570,1,151,2024-12-03,2,22.4,0.0,44.8,0.0,44.8,2024,12,December,Tuesday,4
4571,9,13,2024-04-17,7,91.64,0.0,641.48,0.0,641.48,2024,4,April,Wednesday,2
4572,6,168,2024-02-04,8,115.57,0.1,924.56,0.92456,923.6354399999999,2024,2,February,Sunday,1
4573,8,79,2024-01-02,7,156.97,0.0,1098.79,0.0,1098.79,2024,1,January,Tuesday,1
4574,8,41,2024-06-28,5,157.72,0.25,788.6,1.9715,786.6285,2024,6,June,Friday,2
4576,7,129,2024-07-11,1,151.03,0.0,151.03,0.0,151.03,2024,7,July,Thursday,3
4577,5,30,2024-06-28,8,212.07,0.05,1696.56,0.84828,1695.71172,2024,6,June,Friday,2
4578,6,130,2024-11-15,4,200.9,0.05,803.6,0.40180000000000005,803.1982,2024,11,November,Friday,4
4579,5,71,2024-12-09,2,11.55,0.0,23.1,0.0,23.1,2024,12,December,Monday,4
4580,3,24,2024-08-12,2,80.42,0.25,160.84,0.4021,160.4379,2024,8,August,Monday,3
4581,6,20,2024-08-11,2,150.34,0.05,300.68,0.15034,300.52966,2024,8,August,Sunday,3
4582,5,8,2024-12-05,2,98.81,0.0,197.62,0.0,197.62,2024,12,December,Thursday,4
4583,4,71,2024-02-05,8,11.55,0.0,92.4,0.0,92.4,2024,2,February,Monday,1
4584,6,138,2024-07-08,5,98.66,0.0,493.29999999999995,0.0,493.29999999999995,2024,7,July,Monday,3
4585,1,22,2024-09-28,2,28.7,0.25,57.4,0.1435,57.256499999999996,2024,9,September,Saturday,3
4586,10,65,2024-08-01,4,65.09,0.0,260.36,0.0,260.36,2024,8,August,Thursday,3
4588,8,124,2024-11-04,4,19.68,0.0,78.72,0.0,78.72,2024,11,November,Monday,4
4589,4,34,2024-09-25,12,99.91,0.0,1198.92,0.0,1198.92,2024,9,September,Wednesday,3
4590,5,67,2024-06-06,2,107.18,0.1,214.36,0.21436000000000002,214.14564000000001,2024,6,June,Thursday,2
4591,4,113,2024-11-23,2,114.72,0.0,229.44,0.0,229.44,2024,11,November,Saturday,4
4592,2,57,2024-03-04,6,75.29,0.0,451.74,0.0,451.74,2024,3,March,Monday,1
4593,4,148,2024-08-19,5,126.73,0.1,633.65,0.63365,633.01635,2024,8,August,Monday,3
4594,5,54,2024-11-10,5,241.98,0.1,1209.8999999999999,1.2099,1208.6900999999998,2024,11,November,Sunday,4
4595,7,90,2024-11-01,8,98.0,0.25,784.0,1.96,782.04,2024,11,November,Friday,4
4596,9,53,2024-11-28,7,131.05,0.05,917.3500000000001,0.45867500000000005,916.8913250000002,2024,11,November,Thursday,4
4597,8,13,2024-05-23,8,91.64,0.15,733.12,1.09968,732.02032,2024,5,May,Thursday,2
4598,2,65,2024-12-17,2,65.09,0.15,130.18,0.19527,129.98473,2024,12,December,Tuesday,4
4599,8,37,2024-04-20,2,19.91,0.0,39.82,0.0,39.82,2024,4,April,Saturday,2
4600,6,53,2024-06-27,6,131.05,0.25,786.3000000000001,1.96575,784.3342500000001,2024,6,June,Thursday,2
4601,4,109,2024-07-13,9,204.21,0.25,1837.89,4.594725,1833.2952750000002,2024,7,July,Saturday,3
4602,5,76,2024-11-10,11,150.97,0.1,1660.67,1.66067,1659.00933,2024,11,November,Sunday,4
4603,2,126,2024-11-14,5,28.64,0.05,143.2,0.0716,143.1284,2024,11,November,Thursday,4
4604,9,166,2024-05-17,9,44.53,0.0,400.77,0.0,400.77,2024,5,May,Friday,2
4605,4,163,2024-11-07,3,102.16,0.15,306.48,0.45972,306.02028,2024,11,November,Thursday,4
4606,2,60,2024-10-21,5,27.88,0.25,139.4,0.34850000000000003,139.0515,2024,10,October,Monday,4
4607,6,18,2024-10-30,7,204.77,0.0,1433.39,0.0,1433.39,2024,10,October,Wednesday,4
4608,2,152,2024-01-21,4,77.49,0.15,309.96,0.4649399999999999,309.49505999999997,2024,1,January,Sunday,1
4609,3,32,2024-08-15,3,195.25,0.0,585.75,0.0,585.75,2024,8,August,Thursday,3
4610,9,168,2024-10-26,6,115.57,0.25,693.42,1.73355,691.6864499999999,2024,10,October,Saturday,4
4611,6,57,2024-11-05,5,75.29,0.0,376.45000000000005,0.0,376.45000000000005,2024,11,November,Tuesday,4
4612,7,165,2024-11-14,9,56.11,0.15,504.99,0.757485,504.23251500000003,2024,11,November,Thursday,4
4613,1,105,2024-01-14,8,136.88,0.0,1095.04,0.0,1095.04,2024,1,January,Sunday,1
4614,9,144,2024-11-24,4,72.5,0.0,290.0,0.0,290.0,2024,11,November,Sunday,4
4615,3,124,2024-02-11,10,19.68,0.05,196.8,0.09840000000000002,196.7016,2024,2,February,Sunday,1
4616,6,122,2024-12-24,2,28.93,0.25,57.86,0.14465,57.71535,2024,12,December,Tuesday,4
4617,2,6,2024-05-14,9,18.62,0.0,167.58,0.0,167.58,2024,5,May,Tuesday,2
4618,9,153,2024-03-10,2,149.65,0.0,299.3,0.0,299.3,2024,3,March,Sunday,1
4619,2,37,2024-02-03,5,19.91,0.25,99.55,0.24887499999999999,99.301125,2024,2,February,Saturday,1
4620,9,136,2024-07-12,9,182.39,0.05,1641.5099999999998,0.8207549999999999,1640.6892449999998,2024,7,July,Friday,3
4621,6,65,2024-05-04,6,65.09,0.1,390.54,0.39054,390.14946000000003,2024,5,May,Saturday,2
4622,1,111,2024-06-14,3,43.1,0.15,129.3,0.19394999999999998,129.10605,2024,6,June,Friday,2
4623,5,117,2024-05-20,10,144.39,0.0,1443.8999999999999,0.0,1443.8999999999999,2024,5,May,Monday,2
4624,5,3,2024-06-10,8,91.88,0.0,735.04,0.0,735.04,2024,6,June,Monday,2
4625,5,73,2024-04-17,10,242.79,0.15,2427.9,3.64185,2424.25815,2024,4,April,Wednesday,2
4626,9,4,2024-08-29,1,167.47,0.15,167.47,0.251205,167.218795,2024,8,August,Thursday,3
4627,1,135,2024-07-18,5,198.75,0.15,993.75,1.490625,992.259375,2024,7,July,Thursday,3
4628,6,111,2024-11-02,3,43.1,0.05,129.3,0.06465000000000001,129.23535,2024,11,November,Saturday,4
4629,2,109,2024-11-20,2,204.21,0.15,408.42,0.61263,407.80737,2024,11,November,Wednesday,4
4630,4,137,2024-09-17,12,165.65,0.05,1987.8000000000002,0.9939000000000001,1986.8061000000002,2024,9,September,Tuesday,3
4631,5,18,2024-03-09,6,204.77,0.05,1228.6200000000001,0.6143100000000001,1228.0056900000002,2024,3,March,Saturday,1
4632,8,130,2024-01-11,6,200.9,0.15,1205.4,1.8081,1203.5919000000001,2024,1,January,Thursday,1
4633,2,114,2024-04-29,6,137.91,0.25,827.46,2.06865,825.39135,2024,4,April,Monday,2
4634,9,150,2024-03-16,12,89.35,0.1,1072.1999999999998,1.0721999999999998,1071.1277999999998,2024,3,March,Saturday,1
4635,8,84,2024-05-26,10,219.55,0.25,2195.5,5.48875,2190.01125,2024,5,May,Sunday,2
4636,7,167,2024-05-27,5,20.08,0.0,100.39999999999999,0.0,100.39999999999999,2024,5,May,Monday,2
4637,2,131,2024-02-09,10,141.63,0.05,1416.3,0.70815,1415.59185,2024,2,February,Friday,1
4638,9,28,2024-12-09,2,143.98,0.25,287.96,0.7199,287.2401,2024,12,December,Monday,4
4639,4,123,2024-11-16,7,108.4,0.15,758.8000000000001,1.1382,757.6618000000001,2024,11,November,Saturday,4
4640,8,169,2024-06-14,11,48.02,0.0,528.22,0.0,528.22,2024,6,June,Friday,2
4641,5,167,2024-07-11,9,20.08,0.15,180.71999999999997,0.27107999999999993,180.44891999999996,2024,7,July,Thursday,3
4642,6,87,2024-11-12,9,211.16,0.0,1900.44,0.0,1900.44,2024,11,November,Tuesday,4
4643,4,82,2024-09-11,5,111.57,0.0,557.8499999999999,0.0,557.8499999999999,2024,9,September,Wednesday,3
4644,9,143,2024-04-01,4,233.86,0.05,935.44,0.4677200000000001,934.9722800000001,2024,4,April,Monday,2
4645,1,39,2024-03-15,10,112.9,0.15,1129.0,1.6935,1127.3065,2024,3,March,Friday,1
4646,10,128,2024-06-20,6,177.81,0.0,1066.8600000000001,0.0,1066.8600000000001,2024,6,June,Thursday,2
4648,7,31,2024-09-30,6,110.33,0.05,661.98,0.33099000000000006,661.64901,2024,9,September,Monday,3
4649,6,159,2024-01-01,12,51.69,0.25,620.28,1.5507,618.7293,2024,1,January,Monday,1
4650,2,142,2024-10-02,2,36.7,0.15,73.4,0.1101,73.2899,2024,10,October,Wednesday,4
4651,9,29,2024-05-28,6,128.85,0.05,773.0999999999999,0.38655,772.7134499999999,2024,5,May,Tuesday,2
4652,6,86,2024-07-08,4,125.76,0.1,503.04,0.50304,502.53696,2024,7,July,Monday,3
4653,3,130,2024-10-30,7,200.9,0.25,1406.3,3.5157499999999997,1402.78425,2024,10,October,Wednesday,4
4654,6,54,2024-01-29,7,241.98,0.0,1693.86,0.0,1693.86,2024,1,January,Monday,1
4655,9,132,2024-11-22,2,133.08,0.1,266.16,0.26616,265.89384,2024,11,November,Friday,4
4656,8,70,2024-11-08,6,149.07,0.05,894.42,0.44721000000000005,893.9727899999999,2024,11,November,Friday,4
4657,7,153,2024-07-03,7,149.65,0.1,1047.55,1.04755,1046.50245,2024,7,July,Wednesday,3
4658,8,35,2024-08-17,1,8.64,0.05,8.64,0.004320000000000001,8.63568,2024,8,August,Saturday,3
4659,4,28,2024-04-05,8,143.98,0.1,1151.84,1.15184,1150.68816,2024,4,April,Friday,2
4660,8,83,2024-05-11,12,48.4,0.0,580.8,0.0,580.8,2024,5,May,Saturday,2
4661,7,9,2024-07-20,9,100.29,0.1,902.61,0.9026100000000001,901.70739,2024,7,July,Saturday,3
4662,2,87,2024-02-25,1,211.16,0.15,211.16,0.31674,210.84326,2024,2,February,Sunday,1
4663,2,142,2024-11-13,2,36.7,0.0,73.4,0.0,73.4,2024,11,November,Wednesday,4
4664,2,141,2024-09-15,9,45.08,0.0,405.71999999999997,0.0,405.71999999999997,2024,9,September,Sunday,3
4665,7,105,2024-08-17,8,136.88,0.1,1095.04,1.09504,1093.94496,2024,8,August,Saturday,3
4666,1,89,2024-02-13,10,16.36,0.0,163.6,0.0,163.6,2024,2,February,Tuesday,1
4667,5,45,2024-09-10,8,29.94,0.05,239.52,0.11976,239.40024,2024,9,September,Tuesday,3
4668,4,3,2024-07-01,6,91.88,0.0,551.28,0.0,551.28,2024,7,July,Monday,3
4669,8,123,2024-03-20,11,108.4,0.1,1192.4,1.1924000000000001,1191.2076000000002,2024,3,March,Wednesday,1
4670,7,56,2024-05-23,10,91.09,0.05,910.9000000000001,0.4554500000000001,910.44455,2024,5,May,Thursday,2
4671,5,124,2024-05-16,11,19.68,0.0,216.48,0.0,216.48,2024,5,May,Thursday,2
4672,5,105,2024-02-15,12,136.88,0.05,1642.56,0.82128,1641.73872,2024,2,February,Thursday,1
4673,3,125,2024-04-13,2,151.37,0.15,302.74,0.45411,302.28589,2024,4,April,Saturday,2
4674,3,117,2024-12-01,10,144.39,0.0,1443.8999999999999,0.0,1443.8999999999999,2024,12,December,Sunday,4
4675,1,76,2024-12-28,1,150.97,0.0,150.97,0.0,150.97,2024,12,December,Saturday,4
4676,3,7,2024-06-17,2,12.29,0.25,24.58,0.06145,24.518549999999998,2024,6,June,Monday,2
4677,3,27,2024-12-05,8,83.28,0.0,666.24,0.0,666.24,2024,12,December,Thursday,4
4678,3,23,2024-11-02,10,135.4,0.15,1354.0,2.031,1351.969,2024,11,November,Saturday,4
4679,4,119,2024-11-30,10,38.1,0.25,381.0,0.9525,380.0475,2024,11,November,Saturday,4
4680,2,104,2024-03-13,10,246.47,0.05,2464.7,1.23235,2463.4676499999996,2024,3,March,Wednesday,1
4681,1,51,2024-02-26,11,160.16,0.0,1761.76,0.0,1761.76,2024,2,February,Monday,1
4682,10,42,2024-04-17,12,169.87,0.25,2038.44,5.0961,2033.3439,2024,4,April,Wednesday,2
4683,9,1,2024-09-24,5,38.35,0.0,191.75,0.0,191.75,2024,9,September,Tuesday,3
4684,9,92,2024-01-18,1,96.38,0.15,96.38,0.14456999999999998,96.23543,2024,1,January,Thursday,1
4685,6,47,2024-05-23,2,118.87,0.0,237.74,0.0,237.74,2024,5,May,Thursday,2
4686,8,113,2024-03-23,1,114.72,0.1,114.72,0.11472000000000002,114.60528,2024,3,March,Saturday,1
4687,7,56,2024-03-19,11,91.09,0.25,1001.99,2.504975,999.4850250000001,2024,3,March,Tuesday,1
4688,10,46,2024-04-10,11,46.4,0.25,510.4,1.276,509.12399999999997,2024,4,April,Wednesday,2
4689,3,153,2024-08-25,2,149.65,0.1,299.3,0.2993,299.0007,2024,8,August,Sunday,3
4690,5,159,2024-11-07,9,51.69,0.1,465.21,0.46521,464.74478999999997,2024,11,November,Thursday,4
4691,10,72,2024-08-10,7,94.95,0.0,664.65,0.0,664.65,2024,8,August,Saturday,3
4692,10,74,2024-12-02,6,77.0,0.1,462.0,0.462,461.538,2024,12,December,Monday,4
4693,7,163,2024-04-27,11,102.16,0.1,1123.76,1.12376,1122.63624,2024,4,April,Saturday,2
4694,8,108,2024-08-23,12,151.96,0.0,1823.52,0.0,1823.52,2024,8,August,Friday,3
4695,9,159,2024-06-25,11,51.69,0.0,568.5899999999999,0.0,568.5899999999999,2024,6,June,Tuesday,2
4696,2,23,2024-03-29,6,135.4,0.05,812.4000000000001,0.40620000000000006,811.9938000000001,2024,3,March,Friday,1
4697,4,93,2024-06-30,12,187.19,0.0,2246.2799999999997,0.0,2246.2799999999997,2024,6,June,Sunday,2
4699,3,47,2024-12-25,2,118.87,0.15,237.74,0.35661000000000004,237.38339000000002,2024,12,December,Wednesday,4
4700,8,62,2024-04-29,1,11.77,0.05,11.77,0.0058850000000000005,11.764115,2024,4,April,Monday,2
4701,7,93,2024-10-29,3,187.19,0.1,561.5699999999999,0.56157,561.00843,2024,10,October,Tuesday,4
4702,8,117,2024-11-09,5,144.39,0.15,721.9499999999999,1.082925,720.8670749999999,2024,11,November,Saturday,4
4703,3,24,2024-03-07,11,80.42,0.0,884.62,0.0,884.62,2024,3,March,Thursday,1
4705,10,51,2024-09-22,11,160.16,0.15,1761.76,2.64264,1759.11736,2024,9,September,Sunday,3
4706,2,103,2024-03-31,2,143.37,0.0,286.74,0.0,286.74,2024,3,March,Sunday,1
4707,3,73,2024-01-13,3,242.79,0.0,728.37,0.0,728.37,2024,1,January,Saturday,1
4709,9,163,2024-12-21,9,102.16,0.1,919.4399999999999,0.91944,918.5205599999999,2024,12,December,Saturday,4
4710,4,79,2024-12-07,12,156.97,0.0,1883.6399999999999,0.0,1883.6399999999999,2024,12,December,Saturday,4
4711,9,61,2024-02-16,6,24.26,0.0,145.56,0.0,145.56,2024,2,February,Friday,1
4712,3,55,2024-02-19,11,120.86,0.15,1329.46,1.9941900000000001,1327.4658100000001,2024,2,February,Monday,1
4713,6,165,2024-02-22,6,56.11,0.1,336.65999999999997,0.33665999999999996,336.32334,2024,2,February,Thursday,1
4714,4,110,2024-12-01,10,240.3,0.0,2403.0,0.0,2403.0,2024,12,December,Sunday,4
4715,6,36,2024-11-16,11,31.45,0.0,345.95,0.0,345.95,2024,11,November,Saturday,4
4716,9,18,2024-03-31,1,204.77,0.15,204.77,0.307155,204.46284500000002,2024,3,March,Sunday,1
4717,4,117,2024-01-15,12,144.39,0.0,1732.6799999999998,0.0,1732.6799999999998,2024,1,January,Monday,1
4718,7,79,2024-01-26,4,156.97,0.0,627.88,0.0,627.88,2024,1,January,Friday,1
4719,8,117,2024-05-28,8,144.39,0.15,1155.12,1.7326799999999998,1153.3873199999998,2024,5,May,Tuesday,2
4720,5,53,2024-06-27,7,131.05,0.0,917.3500000000001,0.0,917.3500000000001,2024,6,June,Thursday,2
4721,3,155,2024-03-27,1,165.6,0.1,165.6,0.1656,165.43439999999998,2024,3,March,Wednesday,1
4722,9,156,2024-05-27,12,173.78,0.25,2085.36,5.2134,2080.1466,2024,5,May,Monday,2
4723,6,60,2024-12-22,6,27.88,0.05,167.28,0.08364,167.19636,2024,12,December,Sunday,4
4724,4,3,2024-07-28,10,91.88,0.25,918.8,2.2969999999999997,916.5029999999999,2024,7,July,Sunday,3
4725,9,163,2024-03-22,2,102.16,0.0,204.32,0.0,204.32,2024,3,March,Friday,1
4726,1,167,2024-12-13,7,20.08,0.1,140.56,0.14056000000000002,140.41944,2024,12,December,Friday,4
4727,6,135,2024-12-22,12,198.75,0.1,2385.0,2.385,2382.615,2024,12,December,Sunday,4
4728,9,30,2024-11-28,1,212.07,0.25,212.07,0.530175,211.53982499999998,2024,11,November,Thursday,4
4729,1,28,2024-09-05,9,143.98,0.15,1295.82,1.94373,1293.87627,2024,9,September,Thursday,3
4730,9,3,2024-04-11,6,91.88,0.25,551.28,1.3781999999999999,549.9018,2024,4,April,Thursday,2
4731,8,16,2024-12-16,4,78.24,0.05,312.96,0.15648,312.80352,2024,12,December,Monday,4
4732,5,17,2024-12-20,5,92.08,0.0,460.4,0.0,460.4,2024,12,December,Friday,4
4733,4,161,2024-08-13,8,203.07,0.1,1624.56,1.6245600000000002,1622.93544,2024,8,August,Tuesday,3
4734,8,39,2024-12-10,7,112.9,0.0,790.3000000000001,0.0,790.3000000000001,2024,12,December,Tuesday,4
4735,4,55,2024-03-03,12,120.86,0.15,1450.32,2.17548,1448.1445199999998,2024,3,March,Sunday,1
4736,7,144,2024-03-29,7,72.5,0.0,507.5,0.0,507.5,2024,3,March,Friday,1
4737,10,149,2024-02-18,6,212.9,0.0,1277.4,0.0,1277.4,2024,2,February,Sunday,1
4738,2,113,2024-12-07,6,114.72,0.15,688.3199999999999,1.0324799999999998,687.28752,2024,12,December,Saturday,4
4739,1,154,2024-06-16,6,104.34,0.15,626.04,0.9390599999999999,625.1009399999999,2024,6,June,Sunday,2
4740,1,92,2024-02-12,5,96.38,0.15,481.9,0.72285,481.17715,2024,2,February,Monday,1
4741,2,39,2024-03-23,6,112.9,0.0,677.4000000000001,0.0,677.4000000000001,2024,3,March,Saturday,1
4742,10,163,2024-08-29,7,102.16,0.0,715.12,0.0,715.12,2024,8,August,Thursday,3
4743,8,83,2024-05-01,10,48.4,0.05,484.0,0.24200000000000002,483.758,2024,5,May,Wednesday,2
4744,1,50,2024-01-22,10,168.2,0.0,1682.0,0.0,1682.0,2024,1,January,Monday,1
4745,5,48,2024-12-03,9,43.06,0.25,387.54,0.9688500000000001,386.57115000000005,2024,12,December,Tuesday,4
4746,9,89,2024-12-17,3,16.36,0.1,49.08,0.049080000000000006,49.03092,2024,12,December,Tuesday,4
4747,3,66,2024-12-09,10,254.58,0.15,2545.8,3.8187,2541.9813000000004,2024,12,December,Monday,4
4748,10,36,2024-12-16,5,31.45,0.05,157.25,0.078625,157.171375,2024,12,December,Monday,4
4749,8,19,2024-03-18,11,61.27,0.0,673.97,0.0,673.97,2024,3,March,Monday,1
4750,5,12,2024-10-14,10,105.87,0.1,1058.7,1.0587,1057.6413,2024,10,October,Monday,4
4751,7,116,2024-11-24,4,182.63,0.15,730.52,1.09578,729.42422,2024,11,November,Sunday,4
4752,8,127,2024-11-20,10,51.12,0.0,511.2,0.0,511.2,2024,11,November,Wednesday,4
4753,4,66,2024-05-07,1,254.58,0.0,254.58,0.0,254.58,2024,5,May,Tuesday,2
4754,5,107,2024-08-14,12,9.07,0.0,108.84,0.0,108.84,2024,8,August,Wednesday,3
4755,6,25,2024-03-14,11,179.28,0.05,1972.08,0.98604,1971.09396,2024,3,March,Thursday,1
4757,7,111,2024-09-06,1,43.1,0.05,43.1,0.021550000000000003,43.078450000000004,2024,9,September,Friday,3
4758,9,96,2024-11-17,8,169.6,0.15,1356.8,2.0351999999999997,1354.7648,2024,11,November,Sunday,4
4759,3,101,2024-12-22,2,131.65,0.0,263.3,0.0,263.3,2024,12,December,Sunday,4
4760,7,75,2024-11-12,11,29.49,0.15,324.39,0.486585,323.903415,2024,11,November,Tuesday,4
4761,9,5,2024-01-12,1,152.79,0.0,152.79,0.0,152.79,2024,1,January,Friday,1
4762,9,152,2024-07-28,7,77.49,0.0,542.43,0.0,542.43,2024,7,July,Sunday,3
4763,10,168,2024-11-08,4,115.57,0.0,462.28,0.0,462.28,2024,11,November,Friday,4
4764,9,5,2024-08-06,9,152.79,0.0,1375.11,0.0,1375.11,2024,8,August,Tuesday,3
4765,2,83,2024-09-17,2,48.4,0.15,96.8,0.1452,96.6548,2024,9,September,Tuesday,3
4766,5,12,2024-10-25,10,105.87,0.0,1058.7,0.0,1058.7,2024,10,October,Friday,4
4767,10,104,2024-07-01,8,246.47,0.0,1971.76,0.0,1971.76,2024,7,July,Monday,3
4768,10,111,2024-04-14,4,43.1,0.1,172.4,0.17240000000000003,172.2276,2024,4,April,Sunday,2
4769,1,103,2024-02-12,6,143.37,0.05,860.22,0.43011000000000005,859.78989,2024,2,February,Monday,1
4770,7,27,2024-12-22,6,83.28,0.0,499.68,0.0,499.68,2024,12,December,Sunday,4
4771,8,104,2024-08-23,6,246.47,0.1,1478.82,1.47882,1477.34118,2024,8,August,Friday,3
4772,2,103,2024-10-15,1,143.37,0.0,143.37,0.0,143.37,2024,10,October,Tuesday,4
4773,4,14,2024-12-04,10,13.97,0.0,139.70000000000002,0.0,139.70000000000002,2024,12,December,Wednesday,4
4774,4,135,2024-09-26,2,198.75,0.0,397.5,0.0,397.5,2024,9,September,Thursday,3
4775,6,69,2024-12-03,12,68.64,0.1,823.6800000000001,0.8236800000000001,822.8563200000001,2024,12,December,Tuesday,4
4776,1,87,2024-08-22,1,211.16,0.25,211.16,0.5279,210.6321,2024,8,August,Thursday,3
4777,9,133,2024-06-10,2,107.43,0.05,214.86,0.10743000000000003,214.75257000000002,2024,6,June,Monday,2
4778,9,167,2024-08-09,1,20.08,0.15,20.08,0.030119999999999994,20.049879999999998,2024,8,August,Friday,3
4779,3,99,2024-11-07,12,207.07,0.1,2484.84,2.48484,2482.35516,2024,11,November,Thursday,4
4780,4,142,2024-08-15,5,36.7,0.0,183.5,0.0,183.5,2024,8,August,Thursday,3
4781,3,154,2024-01-26,12,104.34,0.0,1252.08,0.0,1252.08,2024,1,January,Friday,1
4782,6,47,2024-11-27,12,118.87,0.15,1426.44,2.13966,1424.30034,2024,11,November,Wednesday,4
4783,4,52,2024-01-12,12,158.1,0.1,1897.1999999999998,1.8972,1895.3027999999997,2024,1,January,Friday,1
4784,9,45,2024-11-24,7,29.94,0.0,209.58,0.0,209.58,2024,11,November,Sunday,4
4785,1,126,2024-06-09,4,28.64,0.0,114.56,0.0,114.56,2024,6,June,Sunday,2
4786,2,124,2024-05-24,1,19.68,0.0,19.68,0.0,19.68,2024,5,May,Friday,2
4787,5,169,2024-06-12,1,48.02,0.1,48.02,0.04802000000000001,47.97198,2024,6,June,Wednesday,2
4788,2,125,2024-11-17,8,151.37,0.0,1210.96,0.0,1210.96,2024,11,November,Sunday,4
4789,4,60,2024-02-14,12,27.88,0.25,334.56,0.8364,333.7236,2024,2,February,Wednesday,1
4790,5,4,2024-05-05,12,167.47,0.0,2009.6399999999999,0.0,2009.6399999999999,2024,5,May,Sunday,2
4791,4,66,2024-09-07,11,254.58,0.0,2800.38,0.0,2800.38,2024,9,September,Saturday,3
4792,10,46,2024-11-16,4,46.4,0.1,185.6,0.1856,185.4144,2024,11,November,Saturday,4
4793,8,68,2024-10-09,11,17.26,0.05,189.86,0.09493,189.76507,2024,10,October,Wednesday,4
4794,1,42,2024-11-02,5,169.87,0.0,849.35,0.0,849.35,2024,11,November,Saturday,4
4795,1,59,2024-04-17,1,30.25,0.0,30.25,0.0,30.25,2024,4,April,Wednesday,2
4796,7,161,2024-06-02,7,203.07,0.0,1421.49,0.0,1421.49,2024,6,June,Sunday,2
4797,1,6,2024-03-28,4,18.62,0.05,74.48,0.03724,74.44276,2024,3,March,Thursday,1
4798,5,119,2024-06-20,1,38.1,0.0,38.1,0.0,38.1,2024,6,June,Thursday,2
4799,6,106,2024-11-28,8,97.25,0.25,778.0,1.945,776.055,2024,11,November,Thursday,4
4800,5,119,2024-05-31,6,38.1,0.25,228.60000000000002,0.5715,228.02850000000004,2024,5,May,Friday,2
4801,5,137,2024-09-21,9,165.65,0.15,1490.8500000000001,2.2362750000000005,1488.6137250000002,2024,9,September,Saturday,3
4802,1,77,2024-04-06,8,68.92,0.0,551.36,0.0,551.36,2024,4,April,Saturday,2
4803,1,52,2024-05-12,10,158.1,0.0,1581.0,0.0,1581.0,2024,5,May,Sunday,2
4804,9,67,2024-04-25,12,107.18,0.0,1286.16,0.0,1286.16,2024,4,April,Thursday,2
4805,4,36,2024-04-04,5,31.45,0.25,157.25,0.393125,156.856875,2024,4,April,Thursday,2
4806,7,22,2024-02-22,7,28.7,0.05,200.9,0.10045000000000001,200.79955,2024,2,February,Thursday,1
4807,9,47,2024-10-25,3,118.87,0.25,356.61,0.891525,355.718475,2024,10,October,Friday,4
4808,4,22,2024-03-31,8,28.7,0.0,229.6,0.0,229.6,2024,3,March,Sunday,1
4809,8,6,2024-12-15,4,18.62,0.15,74.48,0.11172,74.36828,2024,12,December,Sunday,4
4810,9,42,2024-06-09,10,169.87,0.1,1698.7,1.6987,1697.0013000000001,2024,6,June,Sunday,2
4811,4,94,2024-10-13,2,179.27,0.25,358.54,0.8963500000000001,357.64365000000004,2024,10,October,Sunday,4
4812,9,100,2024-10-28,2,120.25,0.05,240.5,0.12025000000000001,240.37975,2024,10,October,Monday,4
4813,3,117,2024-07-25,3,144.39,0.25,433.16999999999996,1.082925,432.08707499999997,2024,7,July,Thursday,3
4814,1,125,2024-03-10,5,151.37,0.0,756.85,0.0,756.85,2024,3,March,Sunday,1
4815,9,150,2024-04-05,11,89.35,0.05,982.8499999999999,0.491425,982.3585749999999,2024,4,April,Friday,2
4816,9,105,2024-01-08,6,136.88,0.0,821.28,0.0,821.28,2024,1,January,Monday,1
4817,8,131,2024-02-11,9,141.63,0.1,1274.67,1.2746700000000002,1273.39533,2024,2,February,Sunday,1
4818,1,165,2024-12-09,1,56.11,0.0,56.11,0.0,56.11,2024,12,December,Monday,4
4819,8,147,2024-03-18,6,159.14,0.0,954.8399999999999,0.0,954.8399999999999,2024,3,March,Monday,1
4820,4,165,2024-11-02,4,56.11,0.05,224.44,0.11222000000000001,224.32778,2024,11,November,Saturday,4
4821,7,99,2024-03-22,9,207.07,0.15,1863.6299999999999,2.7954449999999995,1860.834555,2024,3,March,Friday,1
4822,8,165,2024-12-16,4,56.11,0.15,224.44,0.33665999999999996,224.10334,2024,12,December,Monday,4
4823,6,97,2024-09-09,6,51.84,0.25,311.04,0.7776000000000001,310.2624,2024,9,September,Monday,3
4824,10,137,2024-02-13,8,165.65,0.05,1325.2,0.6626000000000001,1324.5374,2024,2,February,Tuesday,1
4825,4,34,2024-10-13,6,99.91,0.05,599.46,0.29973000000000005,599.1602700000001,2024,10,October,Sunday,4
4827,4,105,2024-11-16,5,136.88,0.0,684.4,0.0,684.4,2024,11,November,Saturday,4
4828,1,11,2024-08-02,5,117.42,0.25,587.1,1.46775,585.63225,2024,8,August,Friday,3
4829,5,145,2024-05-07,1,33.88,0.05,33.88,0.01694,33.863060000000004,2024,5,May,Tuesday,2
4830,3,113,2024-03-03,9,114.72,0.0,1032.48,0.0,1032.48,2024,3,March,Sunday,1
4831,10,67,2024-11-14,4,107.18,0.15,428.72,0.6430800000000001,428.07692000000003,2024,11,November,Thursday,4
4833,2,71,2024-07-14,7,11.55,0.0,80.85000000000001,0.0,80.85000000000001,2024,7,July,Sunday,3
4834,1,125,2024-12-17,4,151.37,0.25,605.48,1.5137,603.9663,2024,12,December,Tuesday,4
4835,7,21,2024-09-01,12,89.09,0.15,1069.08,1.60362,1067.4763799999998,2024,9,September,Sunday,3
4836,4,41,2024-07-28,5,157.72,0.0,788.6,0.0,788.6,2024,7,July,Sunday,3
4837,6,39,2024-01-18,4,112.9,0.1,451.6,0.45160000000000006,451.14840000000004,2024,1,January,Thursday,1
4838,8,121,2024-09-08,12,164.69,0.15,1976.28,2.96442,1973.31558,2024,9,September,Sunday,3
4839,7,16,2024-11-16,8,78.24,0.0,625.92,0.0,625.92,2024,11,November,Saturday,4
4840,3,128,2024-10-19,7,177.81,0.15,1244.67,1.867005,1242.802995,2024,10,October,Saturday,4
4841,10,48,2024-09-18,4,43.06,0.0,172.24,0.0,172.24,2024,9,September,Wednesday,3
4842,3,94,2024-11-15,12,179.27,0.05,2151.2400000000002,1.07562,2150.16438,2024,11,November,Friday,4
4843,4,28,2024-04-30,9,143.98,0.0,1295.82,0.0,1295.82,2024,4,April,Tuesday,2
4844,9,40,2024-04-06,5,21.17,0.25,105.85000000000001,0.264625,105.58537500000001,2024,4,April,Saturday,2
4845,7,55,2024-11-04,4,120.86,0.15,483.44,0.7251599999999999,482.71484,2024,11,November,Monday,4
4846,10,18,2024-11-11,10,204.77,0.0,2047.7,0.0,2047.7,2024,11,November,Monday,4
4847,6,18,2024-06-29,6,204.77,0.1,1228.6200000000001,1.2286200000000003,1227.39138,2024,6,June,Saturday,2
4848,8,26,2024-06-27,2,163.65,0.15,327.3,0.49095,326.80905,2024,6,June,Thursday,2
4849,9,83,2024-12-05,10,48.4,0.0,484.0,0.0,484.0,2024,12,December,Thursday,4
4850,8,96,2024-07-19,5,169.6,0.1,848.0,0.8480000000000001,847.152,2024,7,July,Friday,3
4851,2,114,2024-09-28,1,137.91,0.1,137.91,0.13791,137.77209,2024,9,September,Saturday,3
4852,1,42,2024-11-22,6,169.87,0.15,1019.22,1.5288300000000001,1017.69117,2024,11,November,Friday,4
4853,3,168,2024-12-15,7,115.57,0.0,808.99,0.0,808.99,2024,12,December,Sunday,4
4854,7,40,2024-10-08,6,21.17,0.0,127.02000000000001,0.0,127.02000000000001,2024,10,October,Tuesday,4
4855,9,153,2024-01-13,4,149.65,0.0,598.6,0.0,598.6,2024,1,January,Saturday,1
4856,10,118,2024-11-24,8,153.88,0.25,1231.04,3.0776,1227.9624,2024,11,November,Sunday,4
4857,3,158,2024-11-14,3,81.38,0.25,244.14,0.61035,243.52964999999998,2024,11,November,Thursday,4
4858,10,89,2024-04-19,9,16.36,0.05,147.24,0.07362,147.16638,2024,4,April,Friday,2
4859,6,74,2024-04-30,4,77.0,0.0,308.0,0.0,308.0,2024,4,April,Tuesday,2
4860,1,105,2024-03-25,5,136.88,0.15,684.4,1.0266,683.3734,2024,3,March,Monday,1
4861,8,20,2024-11-05,9,150.34,0.0,1353.06,0.0,1353.06,2024,11,November,Tuesday,4
4862,7,164,2024-11-05,6,78.92,0.05,473.52,0.23676000000000003,473.28324,2024,11,November,Tuesday,4
4863,4,66,2024-11-25,5,254.58,0.0,1272.9,0.0,1272.9,2024,11,November,Monday,4
4864,2,24,2024-09-01,5,80.42,0.0,402.1,0.0,402.1,2024,9,September,Sunday,3
4865,9,127,2024-09-27,5,51.12,0.25,255.6,0.639,254.96099999999998,2024,9,September,Friday,3
4866,2,152,2024-06-28,7,77.49,0.25,542.43,1.356075,541.0739249999999,2024,6,June,Friday,2
4867,9,135,2024-06-01,11,198.75,0.0,2186.25,0.0,2186.25,2024,6,June,Saturday,2
4868,8,168,2024-08-06,6,115.57,0.25,693.42,1.73355,691.6864499999999,2024,8,August,Tuesday,3
4869,1,128,2024-05-03,10,177.81,0.25,1778.1,4.44525,1773.65475,2024,5,May,Friday,2
4870,7,149,2024-10-24,6,212.9,0.25,1277.4,3.1935000000000002,1274.2065,2024,10,October,Thursday,4
4871,1,141,2024-03-15,2,45.08,0.0,90.16,0.0,90.16,2024,3,March,Friday,1
4872,2,160,2024-01-19,3,215.87,0.15,647.61,0.9714149999999999,646.638585,2024,1,January,Friday,1
4873,4,46,2024-07-25,8,46.4,0.25,371.2,0.9279999999999999,370.272,2024,7,July,Thursday,3
4874,7,32,2024-12-03,5,195.25,0.0,976.25,0.0,976.25,2024,12,December,Tuesday,4
4875,4,148,2024-05-18,5,126.73,0.25,633.65,1.584125,632.065875,2024,5,May,Saturday,2
4876,1,67,2024-07-09,7,107.18,0.1,750.26,0.7502599999999999,749.50974,2024,7,July,Tuesday,3
4877,2,106,2024-02-21,11,97.25,0.25,1069.75,2.674375,1067.075625,2024,2,February,Wednesday,1
4878,8,44,2024-06-04,10,260.43,0.1,2604.3,2.6043000000000003,2601.6957,2024,6,June,Tuesday,2
4879,8,97,2024-09-18,4,51.84,0.0,207.36,0.0,207.36,2024,9,September,Wednesday,3
4880,4,139,2024-04-16,7,81.1,0.15,567.6999999999999,0.8515499999999999,566.84845,2024,4,April,Tuesday,2
4881,7,37,2024-04-02,5,19.91,0.0,99.55,0.0,99.55,2024,4,April,Tuesday,2
4882,2,99,2024-12-29,7,207.07,0.15,1449.49,2.174235,1447.315765,2024,12,December,Sunday,4
4883,10,149,2024-08-06,9,212.9,0.0,1916.1000000000001,0.0,1916.1000000000001,2024,8,August,Tuesday,3
4884,5,133,2024-07-13,12,107.43,0.15,1289.16,1.93374,1287.2262600000001,2024,7,July,Saturday,3
4885,2,25,2024-11-24,1,179.28,0.0,179.28,0.0,179.28,2024,11,November,Sunday,4
4886,10,13,2024-12-28,5,91.64,0.0,458.2,0.0,458.2,2024,12,December,Saturday,4
4887,4,71,2024-08-02,4,11.55,0.25,46.2,0.1155,46.084500000000006,2024,8,August,Friday,3
4888,4,112,2024-04-13,6,58.1,0.0,348.6,0.0,348.6,2024,4,April,Saturday,2
4889,1,113,2024-01-16,2,114.72,0.05,229.44,0.11472000000000002,229.32528,2024,1,January,Tuesday,1
4890,6,46,2024-04-28,6,46.4,0.1,278.4,0.2784,278.1216,2024,4,April,Sunday,2
4891,4,52,2024-09-07,9,158.1,0.05,1422.8999999999999,0.7114499999999999,1422.1885499999999,2024,9,September,Saturday,3
4892,2,105,2024-03-06,5,136.88,0.0,684.4,0.0,684.4,2024,3,March,Wednesday,1
4893,7,99,2024-07-27,3,207.07,0.0,621.21,0.0,621.21,2024,7,July,Saturday,3
4894,8,107,2024-10-19,3,9.07,0.0,27.21,0.0,27.21,2024,10,October,Saturday,4
4895,3,88,2024-01-02,1,106.78,0.15,106.78,0.16017,106.61983000000001,2024,1,January,Tuesday,1
4896,9,37,2024-12-24,4,19.91,0.0,79.64,0.0,79.64,2024,12,December,Tuesday,4
4897,1,60,2024-02-18,4,27.88,0.05,111.52,0.055760000000000004,111.46423999999999,2024,2,February,Sunday,1
4898,1,97,2024-01-04,1,51.84,0.0,51.84,0.0,51.84,2024,1,January,Thursday,1
4899,1,40,2024-11-29,7,21.17,0.0,148.19,0.0,148.19,2024,11,November,Friday,4
4900,9,153,2024-05-15,4,149.65,0.0,598.6,0.0,598.6,2024,5,May,Wednesday,2
4901,3,28,2024-04-08,4,143.98,0.05,575.92,0.28796,575.63204,2024,4,April,Monday,2
4902,1,36,2024-11-11,4,31.45,0.0,125.8,0.0,125.8,2024,11,November,Monday,4
4903,2,30,2024-10-31,8,212.07,0.05,1696.56,0.84828,1695.71172,2024,10,October,Thursday,4
4904,4,52,2024-04-24,4,158.1,0.25,632.4,1.581,630.819,2024,4,April,Wednesday,2
4905,4,153,2024-12-06,3,149.65,0.05,448.95000000000005,0.22447500000000006,448.72552500000006,2024,12,December,Friday,4
4906,10,97,2024-12-18,6,51.84,0.0,311.04,0.0,311.04,2024,12,December,Wednesday,4
4907,6,21,2024-11-11,9,89.09,0.0,801.8100000000001,0.0,801.8100000000001,2024,11,November,Monday,4
4908,10,105,2024-02-27,10,136.88,0.1,1368.8,1.3688,1367.4312,2024,2,February,Tuesday,1
4909,7,7,2024-01-18,7,12.29,0.05,86.03,0.043015,85.986985,2024,1,January,Thursday,1
4910,5,52,2024-01-26,2,158.1,0.25,316.2,0.7905,315.4095,2024,1,January,Friday,1
4911,8,108,2024-12-09,10,151.96,0.1,1519.6000000000001,1.5196,1518.0804,2024,12,December,Monday,4
4912,1,115,2024-05-18,3,212.31,0.05,636.9300000000001,0.31846500000000005,636.6115350000001,2024,5,May,Saturday,2
4913,1,92,2024-07-08,9,96.38,0.05,867.42,0.43371000000000004,866.9862899999999,2024,7,July,Monday,3
4914,9,101,2024-12-19,9,131.65,0.05,1184.8500000000001,0.5924250000000001,1184.257575,2024,12,December,Thursday,4
4915,6,78,2024-07-01,7,125.42,0.05,877.94,0.4389700000000001,877.50103,2024,7,July,Monday,3
4916,7,106,2024-07-31,3,97.25,0.0,291.75,0.0,291.75,2024,7,July,Wednesday,3
4917,9,101,2024-06-22,2,131.65,0.0,263.3,0.0,263.3,2024,6,June,Saturday,2
4918,5,122,2024-11-03,1,28.93,0.0,28.93,0.0,28.93,2024,11,November,Sunday,4
4919,7,74,2024-01-07,11,77.0,0.0,847.0,0.0,847.0,2024,1,January,Sunday,1
4920,9,156,2024-12-01,12,173.78,0.0,2085.36,0.0,2085.36,2024,12,December,Sunday,4
4921,6,80,2024-06-14,4,210.02,0.0,840.08,0.0,840.08,2024,6,June,Friday,2
4922,9,161,2024-07-04,11,203.07,0.1,2233.77,2.2337700000000003,2231.53623,2024,7,July,Thursday,3
4923,3,42,2024-12-28,1,169.87,0.25,169.87,0.424675,169.445325,2024,12,December,Saturday,4
4924,1,47,2024-06-11,12,118.87,0.25,1426.44,3.5661,1422.8739,2024,6,June,Tuesday,2
4925,4,143,2024-01-25,8,233.86,0.25,1870.88,4.6772,1866.2028,2024,1,January,Thursday,1
4926,5,112,2024-06-22,11,58.1,0.15,639.1,0.95865,638.14135,2024,6,June,Saturday,2
4927,6,143,2024-12-09,9,233.86,0.0,2104.7400000000002,0.0,2104.7400000000002,2024,12,December,Monday,4
4928,2,11,2024-12-01,7,117.42,0.0,821.94,0.0,821.94,2024,12,December,Sunday,4
4929,1,125,2024-06-02,10,151.37,0.15,1513.7,2.27055,1511.42945,2024,6,June,Sunday,2
4930,5,119,2024-05-26,4,38.1,0.0,152.4,0.0,152.4,2024,5,May,Sunday,2
4931,4,66,2024-10-29,9,254.58,0.25,2291.2200000000003,5.7280500000000005,2285.49195,2024,10,October,Tuesday,4
4932,9,31,2024-01-16,7,110.33,0.0,772.31,0.0,772.31,2024,1,January,Tuesday,1
4933,9,34,2024-12-04,12,99.91,0.25,1198.92,2.9973,1195.9227,2024,12,December,Wednesday,4
4934,5,170,2024-06-02,1,8.38,0.1,8.38,0.00838,8.37162,2024,6,June,Sunday,2
4935,3,163,2024-12-16,11,102.16,0.25,1123.76,2.8094,1120.9506,2024,12,December,Monday,4
4936,9,111,2024-10-14,6,43.1,0.25,258.6,0.6465000000000001,257.9535,2024,10,October,Monday,4
4937,3,98,2024-03-29,9,93.24,0.25,839.16,2.0979,837.0621,2024,3,March,Friday,1
4939,6,37,2024-11-14,3,19.91,0.0,59.730000000000004,0.0,59.730000000000004,2024,11,November,Thursday,4
4940,7,142,2024-12-26,8,36.7,0.25,293.6,0.7340000000000001,292.86600000000004,2024,12,December,Thursday,4
4941,5,73,2024-06-25,5,242.79,0.0,1213.95,0.0,1213.95,2024,6,June,Tuesday,2
4942,9,13,2024-01-29,11,91.64,0.0,1008.04,0.0,1008.04,2024,1,January,Monday,1
4943,9,96,2024-06-29,7,169.6,0.05,1187.2,0.5936,1186.6064000000001,2024,6,June,Saturday,2
4944,2,161,2024-11-15,10,203.07,0.25,2030.6999999999998,5.07675,2025.6232499999999,2024,11,November,Friday,4
4945,7,149,2024-04-30,8,212.9,0.0,1703.2,0.0,1703.2,2024,4,April,Tuesday,2
4946,2,86,2024-09-14,5,125.76,0.25,628.8000000000001,1.572,627.2280000000001,2024,9,September,Saturday,3
4947,6,159,2024-02-24,7,51.69,0.15,361.83,0.5427449999999999,361.28725499999996,2024,2,February,Saturday,1
4948,1,107,2024-03-07,3,9.07,0.15,27.21,0.040815000000000004,27.169185000000002,2024,3,March,Thursday,1
4949,1,43,2024-04-25,1,88.26,0.05,88.26,0.04413,88.21587000000001,2024,4,April,Thursday,2
4950,10,93,2024-07-13,12,187.19,0.0,2246.2799999999997,0.0,2246.2799999999997,2024,7,July,Saturday,3
4951,2,1,2024-11-08,2,38.35,0.05,76.7,0.03835,76.66165000000001,2024,11,November,Friday,4
4952,5,85,2024-11-20,3,88.45,0.15,265.35,0.398025,264.951975,2024,11,November,Wednesday,4
4953,9,78,2024-05-29,7,125.42,0.15,877.94,1.31691,876.62309,2024,5,May,Wednesday,2
4954,2,93,2024-02-29,5,187.19,0.1,935.95,0.9359500000000002,935.01405,2024,2,February,Thursday,1
4955,7,60,2024-07-19,5,27.88,0.0,139.4,0.0,139.4,2024,7,July,Friday,3
4956,4,6,2024-07-18,12,18.62,0.0,223.44,0.0,223.44,2024,7,July,Thursday,3
4957,8,170,2024-04-19,1,8.38,0.1,8.38,0.00838,8.37162,2024,4,April,Friday,2
4958,1,16,2024-09-04,5,78.24,0.0,391.2,0.0,391.2,2024,9,September,Wednesday,3
4959,7,137,2024-10-24,5,165.65,0.0,828.25,0.0,828.25,2024,10,October,Thursday,4
4960,10,102,2024-09-16,7,25.17,0.0,176.19,0.0,176.19,2024,9,September,Monday,3
4961,7,136,2024-06-13,8,182.39,0.15,1459.12,2.1886799999999997,1456.93132,2024,6,June,Thursday,2
4962,8,34,2024-09-30,3,99.91,0.0,299.73,0.0,299.73,2024,9,September,Monday,3
4964,8,166,2024-08-17,6,44.53,0.1,267.18,0.26718000000000003,266.91282,2024,8,August,Saturday,3
4965,6,99,2024-11-02,6,207.07,0.25,1242.42,3.10605,1239.31395,2024,11,November,Saturday,4
4966,3,97,2024-02-01,8,51.84,0.15,414.72,0.62208,414.09792000000004,2024,2,February,Thursday,1
4967,5,112,2024-05-14,2,58.1,0.15,116.2,0.1743,116.0257,2024,5,May,Tuesday,2
4968,9,143,2024-01-24,5,233.86,0.0,1169.3000000000002,0.0,1169.3000000000002,2024,1,January,Wednesday,1
4969,2,11,2024-06-09,9,117.42,0.1,1056.78,1.05678,1055.72322,2024,6,June,Sunday,2
4970,5,9,2024-10-04,10,100.29,0.15,1002.9000000000001,1.50435,1001.39565,2024,10,October,Friday,4
4972,10,141,2024-12-15,8,45.08,0.05,360.64,0.18032,360.45968,2024,12,December,Sunday,4
4973,6,83,2024-11-29,9,48.4,0.05,435.59999999999997,0.21780000000000002,435.38219999999995,2024,11,November,Friday,4
4974,2,22,2024-04-30,8,28.7,0.0,229.6,0.0,229.6,2024,4,April,Tuesday,2
4975,6,115,2024-01-13,12,212.31,0.15,2547.7200000000003,3.82158,2543.8984200000004,2024,1,January,Saturday,1
4976,9,111,2024-12-12,4,43.1,0.0,172.4,0.0,172.4,2024,12,December,Thursday,4
4977,8,2,2024-06-25,5,81.57,0.0,407.84999999999997,0.0,407.84999999999997,2024,6,June,Tuesday,2
4978,2,47,2024-06-29,10,118.87,0.1,1188.7,1.1887,1187.5113000000001,2024,6,June,Saturday,2
4979,4,3,2024-07-06,9,91.88,0.15,826.92,1.2403799999999998,825.67962,2024,7,July,Saturday,3
4980,5,80,2024-04-23,3,210.02,0.0,630.0600000000001,0.0,630.0600000000001,2024,4,April,Tuesday,2
4981,7,24,2024-11-06,2,80.42,0.0,160.84,0.0,160.84,2024,11,November,Wednesday,4
4982,9,102,2024-01-01,5,25.17,0.0,125.85000000000001,0.0,125.85000000000001,2024,1,January,Monday,1
4983,4,111,2024-09-29,9,43.1,0.0,387.90000000000003,0.0,387.90000000000003,2024,9,September,Sunday,3
4984,2,17,2024-01-01,8,92.08,0.0,736.64,0.0,736.64,2024,1,January,Monday,1
4985,5,102,2024-11-10,8,25.17,0.25,201.36,0.5034000000000001,200.85660000000001,2024,11,November,Sunday,4
4986,8,11,2024-10-19,1,117.42,0.25,117.42,0.29355,117.12645,2024,10,October,Saturday,4
4987,5,1,2024-06-08,5,38.35,0.15,191.75,0.287625,191.462375,2024,6,June,Saturday,2
4988,10,57,2024-04-08,1,75.29,0.25,75.29,0.188225,75.101775,2024,4,April,Monday,2
4989,8,121,2024-06-22,12,164.69,0.05,1976.28,0.98814,1975.29186,2024,6,June,Saturday,2
4990,8,146,2024-12-20,10,127.32,0.0,1273.1999999999998,0.0,1273.1999999999998,2024,12,December,Friday,4
4991,6,82,2024-03-02,10,111.57,0.25,1115.6999999999998,2.7892499999999996,1112.9107499999998,2024,3,March,Saturday,1
4992,4,6,2024-10-25,1,18.62,0.25,18.62,0.04655,18.57345,2024,10,October,Friday,4
4993,7,140,2024-09-27,3,147.3,0.0,441.90000000000003,0.0,441.90000000000003,2024,9,September,Friday,3
4994,2,20,2024-12-07,1,150.34,0.15,150.34,0.22551,150.11449,2024,12,December,Saturday,4
4995,2,88,2024-10-14,11,106.78,0.15,1174.58,1.7618699999999998,1172.8181299999999,2024,10,October,Monday,4
4996,3,168,2024-11-04,6,115.57,0.0,693.42,0.0,693.42,2024,11,November,Monday,4
4997,2,80,2024-08-18,2,210.02,0.0,420.04,0.0,420.04,2024,8,August,Sunday,3
4998,3,66,2024-11-18,2,254.58,0.0,509.16,0.0,509.16,2024,11,November,Monday,4
4999,8,82,2024-12-22,2,111.57,0.1,223.14,0.22314,222.91685999999999,2024,12,December,Sunday,4
5000,6,146,2024-11-23,4,127.32,0.0,509.28,0.0,509.28,2024,11,November,Saturday,4
5001,3,141,2024-12-23,11,45.08,0.25,495.88,1.2397,494.64029999999997,2024,12,December,Monday,4
5002,10,47,2024-09-24,3,118.87,0.1,356.61,0.35661000000000004,356.25339,2024,9,September,Tuesday,3
5003,6,61,2024-11-18,9,24.26,0.0,218.34,0.0,218.34,2024,11,November,Monday,4
5004,3,83,2024-02-05,11,48.4,0.05,532.4,0.2662,532.1338,2024,2,February,Monday,1
5005,6,168,2024-12-06,9,115.57,0.1,1040.1299999999999,1.04013,1039.0898699999998,2024,12,December,Friday,4
5006,5,38,2024-12-05,11,27.57,0.15,303.27,0.45490499999999995,302.815095,2024,12,December,Thursday,4
5007,3,36,2024-05-17,6,31.45,0.05,188.7,0.09435,188.60565,2024,5,May,Friday,2
5008,7,120,2024-03-30,9,234.32,0.15,2108.88,3.16332,2105.71668,2024,3,March,Saturday,1
5009,1,107,2024-05-02,1,9.07,0.05,9.07,0.004535,9.065465,2024,5,May,Thursday,2
5010,1,72,2024-04-19,4,94.95,0.0,379.8,0.0,379.8,2024,4,April,Friday,2
5011,10,46,2024-08-16,4,46.4,0.0,185.6,0.0,185.6,2024,8,August,Friday,3
5012,2,165,2024-04-18,10,56.11,0.0,561.1,0.0,561.1,2024,4,April,Thursday,2
5013,5,50,2024-03-16,8,168.2,0.1,1345.6,1.3456000000000001,1344.2543999999998,2024,3,March,Saturday,1
5014,1,27,2024-11-22,1,83.28,0.0,83.28,0.0,83.28,2024,11,November,Friday,4
5015,4,107,2024-12-25,2,9.07,0.1,18.14,0.01814,18.12186,2024,12,December,Wednesday,4
5016,10,25,2024-08-21,10,179.28,0.0,1792.8,0.0,1792.8,2024,8,August,Wednesday,3
5017,8,91,2024-03-12,7,146.33,0.0,1024.3100000000002,0.0,1024.3100000000002,2024,3,March,Tuesday,1
5018,7,78,2024-08-02,2,125.42,0.1,250.84,0.25084,250.58916,2024,8,August,Friday,3
5020,10,51,2024-04-30,11,160.16,0.05,1761.76,0.8808800000000001,1760.87912,2024,4,April,Tuesday,2
5021,8,106,2024-08-10,10,97.25,0.0,972.5,0.0,972.5,2024,8,August,Saturday,3
5022,7,131,2024-11-01,6,141.63,0.05,849.78,0.42489000000000005,849.35511,2024,11,November,Friday,4
5023,5,51,2024-01-29,12,160.16,0.15,1921.92,2.88288,1919.03712,2024,1,January,Monday,1
5024,1,15,2024-02-29,9,149.2,0.0,1342.8,0.0,1342.8,2024,2,February,Thursday,1
5025,4,59,2024-09-17,8,30.25,0.1,242.0,0.24200000000000002,241.758,2024,9,September,Tuesday,3
5026,10,93,2024-08-05,2,187.19,0.1,374.38,0.37438000000000005,374.00562,2024,8,August,Monday,3
5027,4,123,2024-10-11,5,108.4,0.25,542.0,1.355,540.645,2024,10,October,Friday,4
5028,5,60,2024-06-05,1,27.88,0.1,27.88,0.027880000000000002,27.85212,2024,6,June,Wednesday,2
5029,3,20,2024-11-28,5,150.34,0.0,751.7,0.0,751.7,2024,11,November,Thursday,4
5030,5,71,2024-11-24,4,11.55,0.25,46.2,0.1155,46.084500000000006,2024,11,November,Sunday,4
5031,4,57,2024-07-09,5,75.29,0.25,376.45000000000005,0.9411250000000001,375.50887500000005,2024,7,July,Tuesday,3
5032,6,111,2024-12-11,12,43.1,0.25,517.2,1.2930000000000001,515.907,2024,12,December,Wednesday,4
5033,8,123,2024-12-19,12,108.4,0.0,1300.8000000000002,0.0,1300.8000000000002,2024,12,December,Thursday,4
5034,9,134,2024-03-07,4,141.92,0.15,567.68,0.8515199999999998,566.8284799999999,2024,3,March,Thursday,1
5035,6,11,2024-03-07,11,117.42,0.25,1291.6200000000001,3.2290500000000004,1288.3909500000002,2024,3,March,Thursday,1
5036,1,50,2024-08-22,3,168.2,0.05,504.59999999999997,0.2523,504.3477,2024,8,August,Thursday,3
5037,3,57,2024-07-25,1,75.29,0.25,75.29,0.188225,75.101775,2024,7,July,Thursday,3
5038,5,49,2024-03-21,1,89.67,0.0,89.67,0.0,89.67,2024,3,March,Thursday,1
5039,10,92,2024-10-05,2,96.38,0.0,192.76,0.0,192.76,2024,10,October,Saturday,4
5040,4,164,2024-11-24,3,78.92,0.0,236.76,0.0,236.76,2024,11,November,Sunday,4
5041,2,33,2024-10-05,7,162.49,0.0,1137.43,0.0,1137.43,2024,10,October,Saturday,4
5042,3,149,2024-09-08,6,212.9,0.0,1277.4,0.0,1277.4,2024,9,September,Sunday,3
5043,4,32,2024-09-16,2,195.25,0.0,390.5,0.0,390.5,2024,9,September,Monday,3
5045,9,135,2024-06-08,5,198.75,0.0,993.75,0.0,993.75,2024,6,June,Saturday,2
5046,7,14,2024-11-05,9,13.97,0.0,125.73,0.0,125.73,2024,11,November,Tuesday,4
5047,8,133,2024-03-28,1,107.43,0.0,107.43,0.0,107.43,2024,3,March,Thursday,1
5048,1,118,2024-11-28,1,153.88,0.0,153.88,0.0,153.88,2024,11,November,Thursday,4
5049,6,138,2024-05-01,7,98.66,0.0,690.62,0.0,690.62,2024,5,May,Wednesday,2
5050,3,11,2024-11-28,7,117.42,0.0,821.94,0.0,821.94,2024,11,November,Thursday,4
5051,1,109,2024-09-09,1,204.21,0.0,204.21,0.0,204.21,2024,9,September,Monday,3
5052,10,64,2024-12-16,6,54.54,0.15,327.24,0.49085999999999996,326.74914,2024,12,December,Monday,4
5053,10,58,2024-01-18,1,216.14,0.1,216.14,0.21614,215.92386,2024,1,January,Thursday,1
5054,3,132,2024-04-09,9,133.08,0.0,1197.72,0.0,1197.72,2024,4,April,Tuesday,2
5055,3,63,2024-12-07,6,110.07,0.05,660.42,0.33021,660.08979,2024,12,December,Saturday,4
5056,8,78,2024-10-13,6,125.42,0.25,752.52,1.8813,750.6387,2024,10,October,Sunday,4
5057,2,165,2024-04-19,3,56.11,0.0,168.32999999999998,0.0,168.32999999999998,2024,4,April,Friday,2
5058,7,108,2024-03-05,2,151.96,0.05,303.92,0.15196,303.76804000000004,2024,3,March,Tuesday,1
5059,10,160,2024-05-21,12,215.87,0.15,2590.44,3.8856599999999997,2586.55434,2024,5,May,Tuesday,2
5060,3,77,2024-02-20,10,68.92,0.25,689.2,1.723,687.4770000000001,2024,2,February,Tuesday,1
5061,10,95,2024-10-17,10,244.81,0.0,2448.1,0.0,2448.1,2024,10,October,Thursday,4
5062,10,106,2024-10-12,1,97.25,0.0,97.25,0.0,97.25,2024,10,October,Saturday,4
5063,8,81,2024-10-08,2,39.73,0.0,79.46,0.0,79.46,2024,10,October,Tuesday,4
5064,10,137,2024-06-27,8,165.65,0.1,1325.2,1.3252000000000002,1323.8748,2024,6,June,Thursday,2
5065,8,165,2024-10-22,3,56.11,0.0,168.32999999999998,0.0,168.32999999999998,2024,10,October,Tuesday,4
5066,2,40,2024-10-02,11,21.17,0.05,232.87,0.11643500000000001,232.753565,2024,10,October,Wednesday,4
5067,6,145,2024-11-23,12,33.88,0.05,406.56000000000006,0.20328000000000002,406.35672000000005,2024,11,November,Saturday,4
5068,10,123,2024-04-20,3,108.4,0.1,325.20000000000005,0.32520000000000004,324.87480000000005,2024,4,April,Saturday,2
5069,1,164,2024-03-20,11,78.92,0.05,868.12,0.43406000000000006,867.68594,2024,3,March,Wednesday,1
5070,7,23,2024-11-09,9,135.4,0.25,1218.6000000000001,3.0465000000000004,1215.5535000000002,2024,11,November,Saturday,4
5071,8,117,2024-10-14,5,144.39,0.1,721.9499999999999,0.72195,721.2280499999999,2024,10,October,Monday,4
5072,5,76,2024-04-21,12,150.97,0.0,1811.6399999999999,0.0,1811.6399999999999,2024,4,April,Sunday,2
5073,4,24,2024-11-29,2,80.42,0.0,160.84,0.0,160.84,2024,11,November,Friday,4
5074,2,141,2024-08-19,4,45.08,0.1,180.32,0.18032,180.13968,2024,8,August,Monday,3
5075,5,42,2024-04-03,3,169.87,0.05,509.61,0.254805,509.35519500000004,2024,4,April,Wednesday,2
5076,9,153,2024-12-23,9,149.65,0.1,1346.8500000000001,1.3468500000000003,1345.5031500000002,2024,12,December,Monday,4
5077,10,109,2024-12-13,1,204.21,0.05,204.21,0.10210500000000002,204.107895,2024,12,December,Friday,4
5078,2,141,2024-05-21,4,45.08,0.1,180.32,0.18032,180.13968,2024,5,May,Tuesday,2
5079,4,28,2024-01-23,5,143.98,0.0,719.9,0.0,719.9,2024,1,January,Tuesday,1
5080,3,120,2024-04-08,8,234.32,0.25,1874.56,4.6864,1869.8736,2024,4,April,Monday,2
5081,10,165,2024-03-21,10,56.11,0.0,561.1,0.0,561.1,2024,3,March,Thursday,1
5082,6,134,2024-06-17,8,141.92,0.1,1135.36,1.13536,1134.22464,2024,6,June,Monday,2
5083,7,68,2024-05-22,1,17.26,0.05,17.26,0.00863,17.25137,2024,5,May,Wednesday,2
5084,4,78,2024-11-11,12,125.42,0.25,1505.04,3.7626,1501.2774,2024,11,November,Monday,4
5085,4,115,2024-06-08,6,212.31,0.0,1273.8600000000001,0.0,1273.8600000000001,2024,6,June,Saturday,2
5086,9,32,2024-11-18,2,195.25,0.0,390.5,0.0,390.5,2024,11,November,Monday,4
5087,7,2,2024-07-28,8,81.57,0.05,652.56,0.32628,652.23372,2024,7,July,Sunday,3
5088,2,68,2024-05-27,10,17.26,0.25,172.60000000000002,0.43150000000000005,172.16850000000002,2024,5,May,Monday,2
5089,1,118,2024-03-29,8,153.88,0.1,1231.04,1.23104,1229.80896,2024,3,March,Friday,1
5090,3,78,2024-12-16,6,125.42,0.15,752.52,1.12878,751.39122,2024,12,December,Monday,4
5091,10,143,2024-07-25,1,233.86,0.0,233.86,0.0,233.86,2024,7,July,Thursday,3
5092,1,55,2024-11-13,3,120.86,0.1,362.58,0.36258,362.21742,2024,11,November,Wednesday,4
5093,3,110,2024-07-31,7,240.3,0.05,1682.1000000000001,0.8410500000000002,1681.2589500000001,2024,7,July,Wednesday,3
5094,9,27,2024-11-04,9,83.28,0.15,749.52,1.12428,748.39572,2024,11,November,Monday,4
5095,7,130,2024-11-30,10,200.9,0.0,2009.0,0.0,2009.0,2024,11,November,Saturday,4
5096,3,124,2024-04-01,1,19.68,0.0,19.68,0.0,19.68,2024,4,April,Monday,2
5097,1,48,2024-08-25,3,43.06,0.0,129.18,0.0,129.18,2024,8,August,Sunday,3
5098,3,46,2024-11-28,6,46.4,0.0,278.4,0.0,278.4,2024,11,November,Thursday,4
5099,4,10,2024-10-24,8,136.82,0.15,1094.56,1.64184,1092.91816,2024,10,October,Thursday,4
5100,10,106,2024-08-28,6,97.25,0.0,583.5,0.0,583.5,2024,8,August,Wednesday,3
5101,7,64,2024-06-08,10,54.54,0.15,545.4,0.8180999999999998,544.5819,2024,6,June,Saturday,2
5102,6,136,2024-08-16,7,182.39,0.0,1276.73,0.0,1276.73,2024,8,August,Friday,3
5103,2,1,2024-09-12,8,38.35,0.05,306.8,0.1534,306.64660000000003,2024,9,September,Thursday,3
5104,2,106,2024-10-13,10,97.25,0.05,972.5,0.48625,972.01375,2024,10,October,Sunday,4
5105,6,161,2024-11-08,8,203.07,0.05,1624.56,0.8122800000000001,1623.7477199999998,2024,11,November,Friday,4
5106,5,83,2024-04-29,4,48.4,0.0,193.6,0.0,193.6,2024,4,April,Monday,2
5107,5,120,2024-11-23,5,234.32,0.1,1171.6,1.1716,1170.4284,2024,11,November,Saturday,4
5108,6,23,2024-10-11,3,135.4,0.0,406.20000000000005,0.0,406.20000000000005,2024,10,October,Friday,4
5109,6,56,2024-07-18,4,91.09,0.25,364.36,0.9109,363.4491,2024,7,July,Thursday,3
5110,8,157,2024-08-19,1,147.67,0.1,147.67,0.14767,147.52232999999998,2024,8,August,Monday,3
5111,8,12,2024-07-19,5,105.87,0.05,529.35,0.264675,529.085325,2024,7,July,Friday,3
5112,2,1,2024-09-20,4,38.35,0.05,153.4,0.0767,153.32330000000002,2024,9,September,Friday,3
5113,8,95,2024-04-09,3,244.81,0.1,734.4300000000001,0.7344300000000001,733.6955700000001,2024,4,April,Tuesday,2
5114,1,37,2024-03-25,6,19.91,0.0,119.46000000000001,0.0,119.46000000000001,2024,3,March,Monday,1
5115,1,159,2024-09-26,3,51.69,0.0,155.07,0.0,155.07,2024,9,September,Thursday,3
5117,9,141,2024-05-21,2,45.08,0.15,90.16,0.13524,90.02476,2024,5,May,Tuesday,2
5118,1,144,2024-04-29,4,72.5,0.15,290.0,0.435,289.565,2024,4,April,Monday,2
5119,9,130,2024-12-24,4,200.9,0.15,803.6,1.2054,802.3946,2024,12,December,Tuesday,4
5120,1,140,2024-05-05,10,147.3,0.15,1473.0,2.2095,1470.7905,2024,5,May,Sunday,2
5121,5,55,2024-04-14,2,120.86,0.1,241.72,0.24172000000000002,241.47828,2024,4,April,Sunday,2
5122,2,16,2024-02-01,7,78.24,0.0,547.68,0.0,547.68,2024,2,February,Thursday,1
5123,4,165,2024-08-11,3,56.11,0.1,168.32999999999998,0.16832999999999998,168.16167,2024,8,August,Sunday,3
5124,5,62,2024-11-25,7,11.77,0.0,82.39,0.0,82.39,2024,11,November,Monday,4
5125,7,139,2024-01-19,5,81.1,0.1,405.5,0.4055,405.0945,2024,1,January,Friday,1
5126,9,134,2024-02-20,9,141.92,0.0,1277.28,0.0,1277.28,2024,2,February,Tuesday,1
5127,9,151,2024-12-28,6,22.4,0.0,134.39999999999998,0.0,134.39999999999998,2024,12,December,Saturday,4
5128,8,65,2024-08-17,10,65.09,0.0,650.9000000000001,0.0,650.9000000000001,2024,8,August,Saturday,3
5129,8,27,2024-08-30,8,83.28,0.0,666.24,0.0,666.24,2024,8,August,Friday,3
5130,9,82,2024-08-04,9,111.57,0.0,1004.1299999999999,0.0,1004.1299999999999,2024,8,August,Sunday,3
5131,10,20,2024-11-08,2,150.34,0.1,300.68,0.30068,300.37932,2024,11,November,Friday,4
5132,8,144,2024-06-04,2,72.5,0.0,145.0,0.0,145.0,2024,6,June,Tuesday,2
5133,8,7,2024-01-31,5,12.29,0.15,61.449999999999996,0.09217499999999999,61.357825,2024,1,January,Wednesday,1
5134,1,10,2024-04-01,10,136.82,0.25,1368.1999999999998,3.4204999999999997,1364.7794999999999,2024,4,April,Monday,2
5135,9,166,2024-12-28,1,44.53,0.1,44.53,0.04453,44.48547,2024,12,December,Saturday,4
5136,5,87,2024-06-09,8,211.16,0.0,1689.28,0.0,1689.28,2024,6,June,Sunday,2
5137,4,145,2024-04-05,2,33.88,0.0,67.76,0.0,67.76,2024,4,April,Friday,2
5138,9,64,2024-01-20,5,54.54,0.1,272.7,0.2727,272.4273,2024,1,January,Saturday,1
5139,3,93,2024-10-08,1,187.19,0.15,187.19,0.280785,186.909215,2024,10,October,Tuesday,4
5140,3,42,2024-11-19,10,169.87,0.0,1698.7,0.0,1698.7,2024,11,November,Tuesday,4
5141,4,69,2024-10-08,8,68.64,0.05,549.12,0.27456,548.84544,2024,10,October,Tuesday,4
5142,4,48,2024-05-26,12,43.06,0.25,516.72,1.2918,515.4282000000001,2024,5,May,Sunday,2
5143,5,140,2024-10-01,5,147.3,0.0,736.5,0.0,736.5,2024,10,October,Tuesday,4
5144,9,112,2024-11-06,3,58.1,0.0,174.3,0.0,174.3,2024,11,November,Wednesday,4
5145,8,65,2024-06-28,8,65.09,0.1,520.72,0.5207200000000001,520.19928,2024,6,June,Friday,2
5147,1,147,2024-04-10,7,159.14,0.05,1113.98,0.5569900000000001,1113.42301,2024,4,April,Wednesday,2
5148,5,9,2024-11-26,7,100.29,0.15,702.0300000000001,1.053045,700.9769550000001,2024,11,November,Tuesday,4
5149,9,64,2024-12-01,6,54.54,0.15,327.24,0.49085999999999996,326.74914,2024,12,December,Sunday,4
5150,4,72,2024-05-30,4,94.95,0.05,379.8,0.1899,379.6101,2024,5,May,Thursday,2
5151,1,162,2024-06-17,10,125.27,0.1,1252.7,1.2527000000000001,1251.4473,2024,6,June,Monday,2
5152,1,31,2024-08-17,10,110.33,0.0,1103.3,0.0,1103.3,2024,8,August,Saturday,3
5153,5,112,2024-02-14,4,58.1,0.1,232.4,0.23240000000000002,232.1676,2024,2,February,Wednesday,1
5154,4,93,2024-03-18,3,187.19,0.25,561.5699999999999,1.4039249999999999,560.166075,2024,3,March,Monday,1
5155,2,23,2024-12-22,11,135.4,0.25,1489.4,3.7235,1485.6765,2024,12,December,Sunday,4
5156,1,53,2024-12-01,7,131.05,0.0,917.3500000000001,0.0,917.3500000000001,2024,12,December,Sunday,4
5157,10,126,2024-07-18,5,28.64,0.0,143.2,0.0,143.2,2024,7,July,Thursday,3
5158,10,156,2024-09-03,10,173.78,0.25,1737.8,4.3445,1733.4555,2024,9,September,Tuesday,3
5159,5,110,2024-11-07,4,240.3,0.1,961.2,0.9612,960.2388000000001,2024,11,November,Thursday,4
5160,3,126,2024-11-01,6,28.64,0.25,171.84,0.4296,171.4104,2024,11,November,Friday,4
5161,3,98,2024-05-08,8,93.24,0.0,745.92,0.0,745.92,2024,5,May,Wednesday,2
5162,2,86,2024-08-30,2,125.76,0.1,251.52,0.25152,251.26848,2024,8,August,Friday,3
5163,9,170,2024-11-23,5,8.38,0.0,41.900000000000006,0.0,41.900000000000006,2024,11,November,Saturday,4
5164,7,65,2024-06-22,5,65.09,0.0,325.45000000000005,0.0,325.45000000000005,2024,6,June,Saturday,2
5165,4,154,2024-11-23,5,104.34,0.05,521.7,0.26085,521.43915,2024,11,November,Saturday,4
5166,4,8,2024-12-27,2,98.81,0.1,197.62,0.19762000000000002,197.42238,2024,12,December,Friday,4
5167,3,42,2024-02-21,12,169.87,0.0,2038.44,0.0,2038.44,2024,2,February,Wednesday,1
5168,6,24,2024-12-12,2,80.42,0.25,160.84,0.4021,160.4379,2024,12,December,Thursday,4
5169,1,104,2024-12-09,1,246.47,0.0,246.47,0.0,246.47,2024,12,December,Monday,4
5170,7,38,2024-07-21,5,27.57,0.05,137.85,0.068925,137.781075,2024,7,July,Sunday,3
5171,8,92,2024-09-12,12,96.38,0.1,1156.56,1.15656,1155.40344,2024,9,September,Thursday,3
5172,3,86,2024-02-03,3,125.76,0.05,377.28000000000003,0.18864,377.09136,2024,2,February,Saturday,1
5173,1,141,2024-01-13,5,45.08,0.05,225.39999999999998,0.1127,225.2873,2024,1,January,Saturday,1
5174,1,7,2024-04-20,7,12.29,0.1,86.03,0.08603,85.94397000000001,2024,4,April,Saturday,2
5175,9,54,2024-05-24,6,241.98,0.25,1451.8799999999999,3.6296999999999997,1448.2503,2024,5,May,Friday,2
5176,4,123,2024-06-19,10,108.4,0.1,1084.0,1.084,1082.916,2024,6,June,Wednesday,2
5177,1,139,2024-11-17,5,81.1,0.0,405.5,0.0,405.5,2024,11,November,Sunday,4
5178,10,91,2024-01-06,1,146.33,0.1,146.33,0.14633000000000002,146.18367,2024,1,January,Saturday,1
5179,1,62,2024-08-29,3,11.77,0.05,35.31,0.017655000000000004,35.292345000000005,2024,8,August,Thursday,3
5180,9,84,2024-12-18,6,219.55,0.0,1317.3000000000002,0.0,1317.3000000000002,2024,12,December,Wednesday,4
5181,3,96,2024-12-07,1,169.6,0.0,169.6,0.0,169.6,2024,12,December,Saturday,4
5182,4,55,2024-11-11,10,120.86,0.1,1208.6,1.2086,1207.3914,2024,11,November,Monday,4
5183,10,5,2024-12-05,10,152.79,0.0,1527.8999999999999,0.0,1527.8999999999999,2024,12,December,Thursday,4
5184,2,108,2024-11-25,10,151.96,0.0,1519.6000000000001,0.0,1519.6000000000001,2024,11,November,Monday,4
5185,4,153,2024-10-14,6,149.65,0.0,897.9000000000001,0.0,897.9000000000001,2024,10,October,Monday,4
5186,10,121,2024-06-20,4,164.69,0.0,658.76,0.0,658.76,2024,6,June,Thursday,2
5187,3,147,2024-10-14,7,159.14,0.0,1113.98,0.0,1113.98,2024,10,October,Monday,4
5188,8,95,2024-05-05,7,244.81,0.0,1713.67,0.0,1713.67,2024,5,May,Sunday,2
5189,5,93,2024-08-27,2,187.19,0.0,374.38,0.0,374.38,2024,8,August,Tuesday,3
5190,3,68,2024-10-28,6,17.26,0.05,103.56,0.05178000000000001,103.50822000000001,2024,10,October,Monday,4
5191,4,71,2024-01-01,12,11.55,0.0,138.60000000000002,0.0,138.60000000000002,2024,1,January,Monday,1
5192,6,168,2024-12-26,9,115.57,0.1,1040.1299999999999,1.04013,1039.0898699999998,2024,12,December,Thursday,4
5193,9,144,2024-05-20,6,72.5,0.0,435.0,0.0,435.0,2024,5,May,Monday,2
5194,9,74,2024-08-17,8,77.0,0.05,616.0,0.308,615.692,2024,8,August,Saturday,3
5195,9,72,2024-09-16,1,94.95,0.25,94.95,0.237375,94.712625,2024,9,September,Monday,3
5196,9,157,2024-05-04,12,147.67,0.25,1772.04,4.4300999999999995,1767.6099,2024,5,May,Saturday,2
5197,2,168,2024-04-16,11,115.57,0.15,1271.27,1.9069049999999999,1269.363095,2024,4,April,Tuesday,2
5198,1,22,2024-07-14,2,28.7,0.0,57.4,0.0,57.4,2024,7,July,Sunday,3
5199,5,1,2024-11-10,11,38.35,0.0,421.85,0.0,421.85,2024,11,November,Sunday,4
5200,2,144,2024-06-08,11,72.5,0.1,797.5,0.7975,796.7025,2024,6,June,Saturday,2
5201,3,144,2024-09-28,1,72.5,0.15,72.5,0.10875,72.39125,2024,9,September,Saturday,3
5202,5,36,2024-11-18,5,31.45,0.15,157.25,0.23587499999999997,157.014125,2024,11,November,Monday,4
5203,1,69,2024-03-08,4,68.64,0.0,274.56,0.0,274.56,2024,3,March,Friday,1
5204,1,19,2024-07-15,3,61.27,0.05,183.81,0.091905,183.718095,2024,7,July,Monday,3
5205,8,30,2024-04-01,12,212.07,0.0,2544.84,0.0,2544.84,2024,4,April,Monday,2
5206,4,145,2024-12-27,4,33.88,0.05,135.52,0.06776,135.45224000000002,2024,12,December,Friday,4
5207,7,132,2024-03-28,1,133.08,0.1,133.08,0.13308,132.94692,2024,3,March,Thursday,1
5208,5,82,2024-12-23,3,111.57,0.1,334.71,0.33470999999999995,334.37529,2024,12,December,Monday,4
5209,2,105,2024-11-20,3,136.88,0.0,410.64,0.0,410.64,2024,11,November,Wednesday,4
5210,1,106,2024-04-07,11,97.25,0.25,1069.75,2.674375,1067.075625,2024,4,April,Sunday,2
5211,9,30,2024-02-01,4,212.07,0.1,848.28,0.84828,847.4317199999999,2024,2,February,Thursday,1
5212,5,43,2024-08-27,12,88.26,0.05,1059.1200000000001,0.5295600000000001,1058.5904400000002,2024,8,August,Tuesday,3
5213,2,81,2024-12-26,12,39.73,0.15,476.76,0.71514,476.04485999999997,2024,12,December,Thursday,4
5214,1,58,2024-08-04,2,216.14,0.15,432.28,0.64842,431.63158,2024,8,August,Sunday,3
5215,4,38,2024-11-18,9,27.57,0.0,248.13,0.0,248.13,2024,11,November,Monday,4
5216,6,160,2024-02-02,11,215.87,0.15,2374.57,3.561855,2371.0081450000002,2024,2,February,Friday,1
5217,5,88,2024-02-20,4,106.78,0.25,427.12,1.0678,426.0522,2024,2,February,Tuesday,1
5218,1,143,2024-09-05,6,233.86,0.0,1403.16,0.0,1403.16,2024,9,September,Thursday,3
5219,5,86,2024-07-30,12,125.76,0.25,1509.1200000000001,3.7728,1505.3472000000002,2024,7,July,Tuesday,3
5220,9,165,2024-09-14,4,56.11,0.15,224.44,0.33665999999999996,224.10334,2024,9,September,Saturday,3
5221,4,114,2024-11-13,6,137.91,0.0,827.46,0.0,827.46,2024,11,November,Wednesday,4
5222,9,16,2024-12-25,4,78.24,0.05,312.96,0.15648,312.80352,2024,12,December,Wednesday,4
5223,9,2,2024-05-12,12,81.57,0.0,978.8399999999999,0.0,978.8399999999999,2024,5,May,Sunday,2
5224,3,16,2024-06-12,6,78.24,0.05,469.43999999999994,0.23471999999999998,469.20527999999996,2024,6,June,Wednesday,2
5225,2,108,2024-08-27,4,151.96,0.1,607.84,0.60784,607.23216,2024,8,August,Tuesday,3
5226,2,131,2024-01-22,11,141.63,0.1,1557.9299999999998,1.55793,1556.37207,2024,1,January,Monday,1
5227,4,60,2024-03-20,3,27.88,0.0,83.64,0.0,83.64,2024,3,March,Wednesday,1
5228,9,137,2024-11-27,12,165.65,0.0,1987.8000000000002,0.0,1987.8000000000002,2024,11,November,Wednesday,4
5229,4,92,2024-11-21,2,96.38,0.0,192.76,0.0,192.76,2024,11,November,Thursday,4
5230,5,98,2024-05-17,8,93.24,0.0,745.92,0.0,745.92,2024,5,May,Friday,2
5231,6,60,2024-11-13,1,27.88,0.1,27.88,0.027880000000000002,27.85212,2024,11,November,Wednesday,4
5232,6,67,2024-12-22,12,107.18,0.0,1286.16,0.0,1286.16,2024,12,December,Sunday,4
5233,5,70,2024-10-06,8,149.07,0.0,1192.56,0.0,1192.56,2024,10,October,Sunday,4
5234,6,25,2024-08-20,1,179.28,0.1,179.28,0.17928,179.10072,2024,8,August,Tuesday,3
5235,9,88,2024-06-30,9,106.78,0.05,961.02,0.48051,960.53949,2024,6,June,Sunday,2
5236,10,46,2024-05-02,9,46.4,0.0,417.59999999999997,0.0,417.59999999999997,2024,5,May,Thursday,2
5237,3,170,2024-12-27,6,8.38,0.25,50.28,0.1257,50.1543,2024,12,December,Friday,4
5238,4,93,2024-10-30,2,187.19,0.15,374.38,0.56157,373.81843,2024,10,October,Wednesday,4
5239,10,96,2024-11-17,4,169.6,0.0,678.4,0.0,678.4,2024,11,November,Sunday,4
5240,8,160,2024-06-12,12,215.87,0.25,2590.44,6.4761,2583.9639,2024,6,June,Wednesday,2
5241,6,92,2024-09-30,9,96.38,0.0,867.42,0.0,867.42,2024,9,September,Monday,3
5242,7,169,2024-04-11,4,48.02,0.25,192.08,0.4802,191.59980000000002,2024,4,April,Thursday,2
5243,1,136,2024-08-08,8,182.39,0.0,1459.12,0.0,1459.12,2024,8,August,Thursday,3
5244,4,62,2024-08-22,7,11.77,0.1,82.39,0.08239,82.30761,2024,8,August,Thursday,3
5245,6,28,2024-07-02,6,143.98,0.05,863.8799999999999,0.43193999999999994,863.4480599999998,2024,7,July,Tuesday,3
5246,9,140,2024-01-05,11,147.3,0.25,1620.3000000000002,4.050750000000001,1616.24925,2024,1,January,Friday,1
5247,9,118,2024-02-20,11,153.88,0.0,1692.6799999999998,0.0,1692.6799999999998,2024,2,February,Tuesday,1
5248,10,98,2024-04-16,7,93.24,0.0,652.68,0.0,652.68,2024,4,April,Tuesday,2
5249,10,84,2024-12-14,12,219.55,0.15,2634.6000000000004,3.9519000000000006,2630.6481000000003,2024,12,December,Saturday,4
5250,3,98,2024-11-02,9,93.24,0.0,839.16,0.0,839.16,2024,11,November,Saturday,4
5251,5,32,2024-01-12,7,195.25,0.05,1366.75,0.6833750000000001,1366.066625,2024,1,January,Friday,1
5252,8,113,2024-09-09,3,114.72,0.0,344.15999999999997,0.0,344.15999999999997,2024,9,September,Monday,3
5253,4,31,2024-08-01,12,110.33,0.05,1323.96,0.6619800000000001,1323.29802,2024,8,August,Thursday,3
5254,4,124,2024-12-23,10,19.68,0.05,196.8,0.09840000000000002,196.7016,2024,12,December,Monday,4
5255,1,164,2024-05-02,9,78.92,0.0,710.28,0.0,710.28,2024,5,May,Thursday,2
5256,4,4,2024-12-16,4,167.47,0.0,669.88,0.0,669.88,2024,12,December,Monday,4
5257,1,62,2024-11-11,3,11.77,0.1,35.31,0.03531000000000001,35.27469,2024,11,November,Monday,4
5258,3,9,2024-01-02,11,100.29,0.15,1103.19,1.654785,1101.535215,2024,1,January,Tuesday,1
5259,7,17,2024-09-26,4,92.08,0.0,368.32,0.0,368.32,2024,9,September,Thursday,3
5260,6,124,2024-09-16,12,19.68,0.1,236.16,0.23616,235.92383999999998,2024,9,September,Monday,3
5261,2,26,2024-09-24,4,163.65,0.15,654.6,0.9819,653.6181,2024,9,September,Tuesday,3
5262,7,88,2024-12-19,3,106.78,0.0,320.34000000000003,0.0,320.34000000000003,2024,12,December,Thursday,4
5263,5,49,2024-06-01,7,89.67,0.0,627.69,0.0,627.69,2024,6,June,Saturday,2
5264,7,26,2024-09-08,5,163.65,0.0,818.25,0.0,818.25,2024,9,September,Sunday,3
5265,8,170,2024-07-01,5,8.38,0.15,41.900000000000006,0.06285000000000002,41.83715000000001,2024,7,July,Monday,3
5266,2,63,2024-06-02,3,110.07,0.0,330.21,0.0,330.21,2024,6,June,Sunday,2
5267,4,86,2024-12-01,8,125.76,0.0,1006.08,0.0,1006.08,2024,12,December,Sunday,4
5268,1,160,2024-07-27,9,215.87,0.15,1942.83,2.9142449999999998,1939.915755,2024,7,July,Saturday,3
5269,3,136,2024-11-13,6,182.39,0.25,1094.34,2.7358499999999997,1091.60415,2024,11,November,Wednesday,4
5270,7,98,2024-03-14,9,93.24,0.25,839.16,2.0979,837.0621,2024,3,March,Thursday,1
5271,9,111,2024-12-02,9,43.1,0.05,387.90000000000003,0.19395000000000004,387.70605000000006,2024,12,December,Monday,4
5272,9,72,2024-12-08,5,94.95,0.05,474.75,0.237375,474.512625,2024,12,December,Sunday,4
5273,1,84,2024-11-10,10,219.55,0.0,2195.5,0.0,2195.5,2024,11,November,Sunday,4
5274,5,59,2024-11-14,11,30.25,0.25,332.75,0.831875,331.918125,2024,11,November,Thursday,4
5275,2,89,2024-07-15,7,16.36,0.15,114.52,0.17177999999999996,114.34822,2024,7,July,Monday,3
5276,5,14,2024-10-08,10,13.97,0.25,139.70000000000002,0.34925000000000006,139.35075,2024,10,October,Tuesday,4
5277,5,137,2024-06-30,9,165.65,0.15,1490.8500000000001,2.2362750000000005,1488.6137250000002,2024,6,June,Sunday,2
5278,10,49,2024-04-05,9,89.67,0.0,807.03,0.0,807.03,2024,4,April,Friday,2
5279,1,111,2024-05-31,4,43.1,0.05,172.4,0.08620000000000001,172.31380000000001,2024,5,May,Friday,2
5280,5,69,2024-04-02,7,68.64,0.0,480.48,0.0,480.48,2024,4,April,Tuesday,2
5281,9,100,2024-12-03,1,120.25,0.0,120.25,0.0,120.25,2024,12,December,Tuesday,4
5282,9,130,2024-01-01,3,200.9,0.15,602.7,0.90405,601.7959500000001,2024,1,January,Monday,1
5283,7,16,2024-02-09,3,78.24,0.1,234.71999999999997,0.23471999999999998,234.48527999999996,2024,2,February,Friday,1
5284,10,81,2024-09-29,4,39.73,0.25,158.92,0.3973,158.5227,2024,9,September,Sunday,3
5285,7,34,2024-04-07,3,99.91,0.0,299.73,0.0,299.73,2024,4,April,Sunday,2
5286,7,170,2024-11-25,11,8.38,0.25,92.18,0.23045000000000002,91.94955,2024,11,November,Monday,4
5287,10,124,2024-08-23,11,19.68,0.0,216.48,0.0,216.48,2024,8,August,Friday,3
5288,3,131,2024-12-19,12,141.63,0.1,1699.56,1.6995600000000002,1697.86044,2024,12,December,Thursday,4
5289,8,66,2024-06-01,6,254.58,0.0,1527.48,0.0,1527.48,2024,6,June,Saturday,2
5290,5,105,2024-10-28,6,136.88,0.15,821.28,1.23192,820.04808,2024,10,October,Monday,4
5291,3,127,2024-07-21,5,51.12,0.0,255.6,0.0,255.6,2024,7,July,Sunday,3
5292,8,88,2024-11-03,1,106.78,0.25,106.78,0.26695,106.51305,2024,11,November,Sunday,4
5293,2,106,2024-08-31,8,97.25,0.25,778.0,1.945,776.055,2024,8,August,Saturday,3
5294,8,7,2024-01-01,2,12.29,0.1,24.58,0.02458,24.555419999999998,2024,1,January,Monday,1
5295,9,33,2024-11-18,4,162.49,0.05,649.96,0.32498000000000005,649.63502,2024,11,November,Monday,4
5296,5,115,2024-10-06,2,212.31,0.25,424.62,1.06155,423.55845,2024,10,October,Sunday,4
5297,5,151,2024-02-28,3,22.4,0.0,67.19999999999999,0.0,67.19999999999999,2024,2,February,Wednesday,1
5299,6,104,2024-04-20,2,246.47,0.25,492.94,1.23235,491.70765,2024,4,April,Saturday,2
5300,1,21,2024-02-23,8,89.09,0.05,712.72,0.35636,712.36364,2024,2,February,Friday,1
5301,10,89,2024-09-29,8,16.36,0.0,130.88,0.0,130.88,2024,9,September,Sunday,3
5302,2,154,2024-09-06,3,104.34,0.0,313.02,0.0,313.02,2024,9,September,Friday,3
5303,9,163,2024-10-30,5,102.16,0.1,510.79999999999995,0.5108,510.28919999999994,2024,10,October,Wednesday,4
5304,10,40,2024-03-02,6,21.17,0.0,127.02000000000001,0.0,127.02000000000001,2024,3,March,Saturday,1
5305,8,81,2024-05-16,2,39.73,0.0,79.46,0.0,79.46,2024,5,May,Thursday,2
5306,8,78,2024-07-15,10,125.42,0.0,1254.2,0.0,1254.2,2024,7,July,Monday,3
5307,5,102,2024-06-06,3,25.17,0.0,75.51,0.0,75.51,2024,6,June,Thursday,2
5308,1,117,2024-11-13,8,144.39,0.25,1155.12,2.8878,1152.2322,2024,11,November,Wednesday,4
5309,2,170,2024-02-22,4,8.38,0.15,33.52,0.050280000000000005,33.46972,2024,2,February,Thursday,1
5310,1,170,2024-01-16,1,8.38,0.0,8.38,0.0,8.38,2024,1,January,Tuesday,1
5311,3,122,2024-12-18,11,28.93,0.0,318.23,0.0,318.23,2024,12,December,Wednesday,4
5312,5,12,2024-10-13,6,105.87,0.0,635.22,0.0,635.22,2024,10,October,Sunday,4
5313,3,42,2024-07-31,12,169.87,0.0,2038.44,0.0,2038.44,2024,7,July,Wednesday,3
5314,10,17,2024-12-08,10,92.08,0.0,920.8,0.0,920.8,2024,12,December,Sunday,4
5315,8,135,2024-12-19,7,198.75,0.05,1391.25,0.695625,1390.554375,2024,12,December,Thursday,4
5316,10,83,2024-05-01,4,48.4,0.0,193.6,0.0,193.6,2024,5,May,Wednesday,2
5317,10,132,2024-03-16,6,133.08,0.0,798.48,0.0,798.48,2024,3,March,Saturday,1
5318,2,90,2024-11-02,1,98.0,0.25,98.0,0.245,97.755,2024,11,November,Saturday,4
5319,2,67,2024-06-29,6,107.18,0.0,643.08,0.0,643.08,2024,6,June,Saturday,2
5320,2,111,2024-10-04,5,43.1,0.1,215.5,0.2155,215.2845,2024,10,October,Friday,4
5321,6,31,2024-11-06,9,110.33,0.0,992.97,0.0,992.97,2024,11,November,Wednesday,4
5322,2,64,2024-10-24,5,54.54,0.05,272.7,0.13635,272.56365,2024,10,October,Thursday,4
5323,10,99,2024-12-01,12,207.07,0.0,2484.84,0.0,2484.84,2024,12,December,Sunday,4
5324,3,2,2024-06-08,6,81.57,0.25,489.41999999999996,1.22355,488.19644999999997,2024,6,June,Saturday,2
5325,1,137,2024-09-19,2,165.65,0.1,331.3,0.33130000000000004,330.9687,2024,9,September,Thursday,3
5326,4,161,2024-05-13,4,203.07,0.0,812.28,0.0,812.28,2024,5,May,Monday,2
5327,1,110,2024-12-09,3,240.3,0.0,720.9000000000001,0.0,720.9000000000001,2024,12,December,Monday,4
5328,8,47,2024-03-25,2,118.87,0.1,237.74,0.23774,237.50226,2024,3,March,Monday,1
5329,5,45,2024-11-21,6,29.94,0.1,179.64000000000001,0.17964000000000002,179.46036,2024,11,November,Thursday,4
5330,2,60,2024-01-13,3,27.88,0.0,83.64,0.0,83.64,2024,1,January,Saturday,1
5331,3,5,2024-01-16,1,152.79,0.0,152.79,0.0,152.79,2024,1,January,Tuesday,1
5332,8,122,2024-11-10,11,28.93,0.1,318.23,0.31823,317.91177,2024,11,November,Sunday,4
5333,9,133,2024-06-30,9,107.43,0.0,966.8700000000001,0.0,966.8700000000001,2024,6,June,Sunday,2
5334,1,160,2024-02-02,11,215.87,0.0,2374.57,0.0,2374.57,2024,2,February,Friday,1
5335,7,92,2024-02-29,5,96.38,0.0,481.9,0.0,481.9,2024,2,February,Thursday,1
5336,3,160,2024-03-17,1,215.87,0.25,215.87,0.539675,215.33032500000002,2024,3,March,Sunday,1
5337,4,145,2024-06-17,4,33.88,0.05,135.52,0.06776,135.45224000000002,2024,6,June,Monday,2
5338,3,58,2024-07-13,8,216.14,0.1,1729.12,1.72912,1727.39088,2024,7,July,Saturday,3
5339,5,57,2024-04-15,9,75.29,0.1,677.61,0.67761,676.93239,2024,4,April,Monday,2
5340,6,99,2024-10-24,7,207.07,0.25,1449.49,3.623725,1445.866275,2024,10,October,Thursday,4
5341,10,141,2024-11-10,3,45.08,0.0,135.24,0.0,135.24,2024,11,November,Sunday,4
5342,6,162,2024-08-20,5,125.27,0.05,626.35,0.31317500000000004,626.036825,2024,8,August,Tuesday,3
5343,3,9,2024-04-07,10,100.29,0.0,1002.9000000000001,0.0,1002.9000000000001,2024,4,April,Sunday,2
5344,8,83,2024-03-06,3,48.4,0.25,145.2,0.363,144.837,2024,3,March,Wednesday,1
5345,9,161,2024-04-23,10,203.07,0.15,2030.6999999999998,3.0460499999999997,2027.65395,2024,4,April,Tuesday,2
5346,8,117,2024-12-03,6,144.39,0.05,866.3399999999999,0.43317,865.9068299999999,2024,12,December,Tuesday,4
5348,8,111,2024-01-14,2,43.1,0.0,86.2,0.0,86.2,2024,1,January,Sunday,1
5349,7,164,2024-04-12,10,78.92,0.05,789.2,0.39460000000000006,788.8054000000001,2024,4,April,Friday,2
5350,7,110,2024-11-24,10,240.3,0.0,2403.0,0.0,2403.0,2024,11,November,Sunday,4
5351,1,114,2024-12-28,5,137.91,0.0,689.55,0.0,689.55,2024,12,December,Saturday,4
5352,9,154,2024-03-06,7,104.34,0.0,730.38,0.0,730.38,2024,3,March,Wednesday,1
5353,5,13,2024-12-15,4,91.64,0.25,366.56,0.9164,365.6436,2024,12,December,Sunday,4
5354,9,155,2024-11-06,7,165.6,0.05,1159.2,0.5796000000000001,1158.6204,2024,11,November,Wednesday,4
5355,5,152,2024-04-28,9,77.49,0.05,697.41,0.348705,697.061295,2024,4,April,Sunday,2
5356,2,98,2024-07-20,8,93.24,0.0,745.92,0.0,745.92,2024,7,July,Saturday,3
5357,7,84,2024-08-23,11,219.55,0.1,2415.05,2.4150500000000004,2412.63495,2024,8,August,Friday,3
5358,7,149,2024-05-23,11,212.9,0.15,2341.9,3.5128500000000003,2338.38715,2024,5,May,Thursday,2
5359,4,112,2024-10-28,3,58.1,0.1,174.3,0.17430000000000004,174.12570000000002,2024,10,October,Monday,4
5360,5,167,2024-10-25,12,20.08,0.0,240.95999999999998,0.0,240.95999999999998,2024,10,October,Friday,4
5361,1,66,2024-01-30,3,254.58,0.0,763.74,0.0,763.74,2024,1,January,Tuesday,1
5362,10,141,2024-02-08,6,45.08,0.25,270.48,0.6762,269.8038,2024,2,February,Thursday,1
5363,9,108,2024-05-02,6,151.96,0.0,911.76,0.0,911.76,2024,5,May,Thursday,2
5364,7,166,2024-04-10,12,44.53,0.0,534.36,0.0,534.36,2024,4,April,Wednesday,2
5365,7,116,2024-01-14,2,182.63,0.05,365.26,0.18263000000000001,365.07737,2024,1,January,Sunday,1
5366,6,144,2024-05-23,1,72.5,0.0,72.5,0.0,72.5,2024,5,May,Thursday,2
5367,8,164,2024-11-20,2,78.92,0.25,157.84,0.3946,157.4454,2024,11,November,Wednesday,4
5368,10,42,2024-11-26,6,169.87,0.25,1019.22,2.54805,1016.67195,2024,11,November,Tuesday,4
5369,2,130,2024-09-28,3,200.9,0.1,602.7,0.6027000000000001,602.0973,2024,9,September,Saturday,3
5370,8,5,2024-10-14,2,152.79,0.25,305.58,0.7639499999999999,304.81604999999996,2024,10,October,Monday,4
5371,5,164,2024-08-24,1,78.92,0.1,78.92,0.07892,78.84108,2024,8,August,Saturday,3
5372,2,111,2024-06-09,1,43.1,0.1,43.1,0.043100000000000006,43.0569,2024,6,June,Sunday,2
5373,6,26,2024-08-26,4,163.65,0.25,654.6,1.6365,652.9635000000001,2024,8,August,Monday,3
5374,4,81,2024-04-13,9,39.73,0.0,357.57,0.0,357.57,2024,4,April,Saturday,2
5375,5,96,2024-08-30,6,169.6,0.25,1017.5999999999999,2.5439999999999996,1015.0559999999999,2024,8,August,Friday,3
5376,2,6,2024-11-12,3,18.62,0.15,55.86,0.08378999999999999,55.77621,2024,11,November,Tuesday,4
5377,8,150,2024-09-14,2,89.35,0.05,178.7,0.08935,178.61065,2024,9,September,Saturday,3
5378,2,49,2024-11-19,7,89.67,0.1,627.69,0.6276900000000001,627.06231,2024,11,November,Tuesday,4
5379,6,135,2024-06-22,1,198.75,0.0,198.75,0.0,198.75,2024,6,June,Saturday,2
5380,5,144,2024-06-10,11,72.5,0.1,797.5,0.7975,796.7025,2024,6,June,Monday,2
5381,1,61,2024-04-10,3,24.26,0.1,72.78,0.07278000000000001,72.70722,2024,4,April,Wednesday,2
5382,5,156,2024-12-01,6,173.78,0.05,1042.68,0.52134,1042.15866,2024,12,December,Sunday,4
5383,3,9,2024-08-18,8,100.29,0.0,802.32,0.0,802.32,2024,8,August,Sunday,3
5384,10,142,2024-07-12,9,36.7,0.0,330.3,0.0,330.3,2024,7,July,Friday,3
5385,10,88,2024-11-29,4,106.78,0.1,427.12,0.42712000000000006,426.69288,2024,11,November,Friday,4
5386,8,59,2024-11-15,9,30.25,0.0,272.25,0.0,272.25,2024,11,November,Friday,4
5387,4,145,2024-02-06,1,33.88,0.05,33.88,0.01694,33.863060000000004,2024,2,February,Tuesday,1
5388,10,169,2024-10-26,7,48.02,0.25,336.14000000000004,0.8403500000000002,335.29965000000004,2024,10,October,Saturday,4
5389,8,16,2024-12-14,2,78.24,0.1,156.48,0.15648,156.32352,2024,12,December,Saturday,4
5390,4,154,2024-11-30,1,104.34,0.0,104.34,0.0,104.34,2024,11,November,Saturday,4
5391,4,146,2024-12-28,5,127.32,0.0,636.5999999999999,0.0,636.5999999999999,2024,12,December,Saturday,4
5392,3,124,2024-12-24,3,19.68,0.1,59.04,0.05904,58.980959999999996,2024,12,December,Tuesday,4
5393,1,108,2024-07-21,7,151.96,0.1,1063.72,1.0637200000000002,1062.65628,2024,7,July,Sunday,3
5394,9,114,2024-11-17,6,137.91,0.0,827.46,0.0,827.46,2024,11,November,Sunday,4
5395,8,123,2024-05-31,9,108.4,0.0,975.6,0.0,975.6,2024,5,May,Friday,2
5396,6,83,2024-08-08,12,48.4,0.25,580.8,1.452,579.348,2024,8,August,Thursday,3
5397,10,1,2024-10-23,4,38.35,0.05,153.4,0.0767,153.32330000000002,2024,10,October,Wednesday,4
5398,3,17,2024-06-17,8,92.08,0.25,736.64,1.8416,734.7984,2024,6,June,Monday,2
5399,2,112,2024-02-10,4,58.1,0.15,232.4,0.3486,232.0514,2024,2,February,Saturday,1
5400,3,67,2024-01-06,10,107.18,0.0,1071.8000000000002,0.0,1071.8000000000002,2024,1,January,Saturday,1
5401,8,154,2024-12-27,3,104.34,0.0,313.02,0.0,313.02,2024,12,December,Friday,4
5402,9,89,2024-04-04,6,16.36,0.05,98.16,0.049080000000000006,98.11092,2024,4,April,Thursday,2
5403,9,113,2024-12-03,12,114.72,0.05,1376.6399999999999,0.6883199999999999,1375.95168,2024,12,December,Tuesday,4
5404,3,134,2024-02-10,1,141.92,0.05,141.92,0.07096,141.84903999999997,2024,2,February,Saturday,1
5405,6,29,2024-11-28,5,128.85,0.25,644.25,1.610625,642.639375,2024,11,November,Thursday,4
5406,5,169,2024-12-06,3,48.02,0.1,144.06,0.14406,143.91594,2024,12,December,Friday,4
5407,8,31,2024-08-02,3,110.33,0.0,330.99,0.0,330.99,2024,8,August,Friday,3
5408,9,129,2024-12-09,11,151.03,0.05,1661.33,0.8306650000000001,1660.499335,2024,12,December,Monday,4
5409,7,28,2024-05-11,3,143.98,0.15,431.93999999999994,0.6479099999999999,431.2920899999999,2024,5,May,Saturday,2
5410,2,169,2024-10-17,3,48.02,0.1,144.06,0.14406,143.91594,2024,10,October,Thursday,4
5411,7,71,2024-03-09,12,11.55,0.25,138.60000000000002,0.34650000000000003,138.25350000000003,2024,3,March,Saturday,1
5412,2,24,2024-11-26,7,80.42,0.05,562.94,0.28147000000000005,562.65853,2024,11,November,Tuesday,4
5413,2,75,2024-04-26,3,29.49,0.25,88.47,0.221175,88.248825,2024,4,April,Friday,2
5414,10,129,2024-10-22,8,151.03,0.15,1208.24,1.81236,1206.42764,2024,10,October,Tuesday,4
5415,10,97,2024-10-15,9,51.84,0.15,466.56000000000006,0.6998400000000001,465.86016000000006,2024,10,October,Tuesday,4
5416,1,39,2024-03-02,2,112.9,0.0,225.8,0.0,225.8,2024,3,March,Saturday,1
5417,7,101,2024-12-28,8,131.65,0.05,1053.2,0.5266000000000001,1052.6734000000001,2024,12,December,Saturday,4
5418,10,38,2024-03-12,3,27.57,0.0,82.71000000000001,0.0,82.71000000000001,2024,3,March,Tuesday,1
5419,8,143,2024-12-15,3,233.86,0.15,701.58,1.05237,700.52763,2024,12,December,Sunday,4
5420,7,14,2024-09-18,12,13.97,0.25,167.64000000000001,0.41910000000000003,167.22090000000003,2024,9,September,Wednesday,3
5421,1,4,2024-12-29,7,167.47,0.05,1172.29,0.586145,1171.703855,2024,12,December,Sunday,4
5422,7,41,2024-12-01,7,157.72,0.0,1104.04,0.0,1104.04,2024,12,December,Sunday,4
5423,10,26,2024-11-25,8,163.65,0.0,1309.2,0.0,1309.2,2024,11,November,Monday,4
5424,3,110,2024-03-15,5,240.3,0.25,1201.5,3.00375,1198.49625,2024,3,March,Friday,1
5425,2,151,2024-02-05,1,22.4,0.0,22.4,0.0,22.4,2024,2,February,Monday,1
5426,5,63,2024-04-10,3,110.07,0.0,330.21,0.0,330.21,2024,4,April,Wednesday,2
5427,8,16,2024-09-15,5,78.24,0.0,391.2,0.0,391.2,2024,9,September,Sunday,3
5428,9,46,2024-10-28,9,46.4,0.0,417.59999999999997,0.0,417.59999999999997,2024,10,October,Monday,4
5429,6,92,2024-12-29,11,96.38,0.0,1060.1799999999998,0.0,1060.1799999999998,2024,12,December,Sunday,4
5430,4,25,2024-06-08,11,179.28,0.0,1972.08,0.0,1972.08,2024,6,June,Saturday,2
5431,3,95,2024-01-06,10,244.81,0.0,2448.1,0.0,2448.1,2024,1,January,Saturday,1
5432,10,67,2024-05-02,8,107.18,0.15,857.44,1.2861600000000002,856.1538400000001,2024,5,May,Thursday,2
5433,2,64,2024-09-19,8,54.54,0.0,436.32,0.0,436.32,2024,9,September,Thursday,3
5434,6,40,2024-04-11,5,21.17,0.0,105.85000000000001,0.0,105.85000000000001,2024,4,April,Thursday,2
5435,4,56,2024-03-14,1,91.09,0.0,91.09,0.0,91.09,2024,3,March,Thursday,1
5436,1,89,2024-12-03,4,16.36,0.0,65.44,0.0,65.44,2024,12,December,Tuesday,4
5437,6,125,2024-05-23,8,151.37,0.25,1210.96,3.0274,1207.9326,2024,5,May,Thursday,2
5439,3,48,2024-02-21,5,43.06,0.0,215.3,0.0,215.3,2024,2,February,Wednesday,1
5440,6,10,2024-12-11,7,136.82,0.0,957.74,0.0,957.74,2024,12,December,Wednesday,4
5441,6,49,2024-02-27,3,89.67,0.0,269.01,0.0,269.01,2024,2,February,Tuesday,1
5442,7,148,2024-03-05,4,126.73,0.0,506.92,0.0,506.92,2024,3,March,Tuesday,1
5443,2,87,2024-11-24,9,211.16,0.0,1900.44,0.0,1900.44,2024,11,November,Sunday,4
5444,8,37,2024-12-13,2,19.91,0.0,39.82,0.0,39.82,2024,12,December,Friday,4
5445,2,21,2024-06-26,1,89.09,0.0,89.09,0.0,89.09,2024,6,June,Wednesday,2
5446,7,32,2024-05-26,11,195.25,0.15,2147.75,3.2216249999999995,2144.528375,2024,5,May,Sunday,2
5447,7,3,2024-07-21,9,91.88,0.0,826.92,0.0,826.92,2024,7,July,Sunday,3
5448,4,40,2024-11-17,3,21.17,0.0,63.510000000000005,0.0,63.510000000000005,2024,11,November,Sunday,4
5450,3,152,2024-03-04,12,77.49,0.0,929.8799999999999,0.0,929.8799999999999,2024,3,March,Monday,1
5451,10,100,2024-04-04,7,120.25,0.15,841.75,1.2626249999999999,840.487375,2024,4,April,Thursday,2
5452,5,85,2024-12-26,4,88.45,0.25,353.8,0.8845000000000001,352.9155,2024,12,December,Thursday,4
5453,1,61,2024-10-23,8,24.26,0.1,194.08,0.19408,193.88592,2024,10,October,Wednesday,4
5454,7,24,2024-07-02,12,80.42,0.0,965.04,0.0,965.04,2024,7,July,Tuesday,3
5455,1,145,2024-09-22,3,33.88,0.0,101.64000000000001,0.0,101.64000000000001,2024,9,September,Sunday,3
5456,2,167,2024-08-06,4,20.08,0.05,80.32,0.04016,80.27984,2024,8,August,Tuesday,3
5457,4,169,2024-11-27,2,48.02,0.0,96.04,0.0,96.04,2024,11,November,Wednesday,4
5458,4,68,2024-11-09,12,17.26,0.15,207.12,0.31067999999999996,206.80932,2024,11,November,Saturday,4
5459,9,146,2024-03-10,1,127.32,0.0,127.32,0.0,127.32,2024,3,March,Sunday,1
5460,2,94,2024-10-02,10,179.27,0.0,1792.7,0.0,1792.7,2024,10,October,Wednesday,4
5461,10,165,2024-03-09,12,56.11,0.25,673.3199999999999,1.6832999999999998,671.6366999999999,2024,3,March,Saturday,1
5462,3,165,2024-12-16,7,56.11,0.15,392.77,0.589155,392.180845,2024,12,December,Monday,4
5463,3,170,2024-11-15,7,8.38,0.05,58.660000000000004,0.029330000000000002,58.63067,2024,11,November,Friday,4
5464,2,18,2024-05-30,8,204.77,0.05,1638.16,0.8190800000000001,1637.34092,2024,5,May,Thursday,2
5465,3,106,2024-12-02,3,97.25,0.15,291.75,0.43762499999999993,291.312375,2024,12,December,Monday,4
5466,4,67,2024-01-18,8,107.18,0.1,857.44,0.8574400000000001,856.5825600000001,2024,1,January,Thursday,1
5467,10,6,2024-02-01,1,18.62,0.0,18.62,0.0,18.62,2024,2,February,Thursday,1
5468,10,71,2024-11-17,9,11.55,0.25,103.95,0.259875,103.69012500000001,2024,11,November,Sunday,4
5469,3,125,2024-12-05,1,151.37,0.25,151.37,0.378425,150.991575,2024,12,December,Thursday,4
5470,10,60,2024-06-07,1,27.88,0.0,27.88,0.0,27.88,2024,6,June,Friday,2
5471,6,34,2024-05-01,5,99.91,0.0,499.54999999999995,0.0,499.54999999999995,2024,5,May,Wednesday,2
5472,4,63,2024-12-13,7,110.07,0.05,770.49,0.38524500000000006,770.104755,2024,12,December,Friday,4
5473,6,95,2024-07-27,10,244.81,0.0,2448.1,0.0,2448.1,2024,7,July,Saturday,3
5474,3,47,2024-03-23,10,118.87,0.25,1188.7,2.97175,1185.7282500000001,2024,3,March,Saturday,1
5475,6,14,2024-10-05,5,13.97,0.05,69.85000000000001,0.034925000000000005,69.81507500000001,2024,10,October,Saturday,4
5476,8,142,2024-08-03,8,36.7,0.0,293.6,0.0,293.6,2024,8,August,Saturday,3
5477,9,63,2024-12-19,6,110.07,0.0,660.42,0.0,660.42,2024,12,December,Thursday,4
5479,5,88,2024-01-06,3,106.78,0.0,320.34000000000003,0.0,320.34000000000003,2024,1,January,Saturday,1
5480,2,74,2024-05-13,6,77.0,0.0,462.0,0.0,462.0,2024,5,May,Monday,2
5481,6,18,2024-10-30,9,204.77,0.0,1842.93,0.0,1842.93,2024,10,October,Wednesday,4
5482,3,6,2024-12-01,3,18.62,0.15,55.86,0.08378999999999999,55.77621,2024,12,December,Sunday,4
5483,6,6,2024-11-20,4,18.62,0.0,74.48,0.0,74.48,2024,11,November,Wednesday,4
5484,2,45,2024-05-30,2,29.94,0.15,59.88,0.08982,59.79018,2024,5,May,Thursday,2
5485,9,142,2024-03-12,1,36.7,0.25,36.7,0.09175000000000001,36.608250000000005,2024,3,March,Tuesday,1
5486,6,3,2024-01-11,7,91.88,0.25,643.16,1.6078999999999999,641.5521,2024,1,January,Thursday,1
5487,7,46,2024-09-16,9,46.4,0.25,417.59999999999997,1.0439999999999998,416.556,2024,9,September,Monday,3
5488,1,24,2024-04-04,9,80.42,0.0,723.78,0.0,723.78,2024,4,April,Thursday,2
5489,8,16,2024-12-07,7,78.24,0.15,547.68,0.8215199999999999,546.85848,2024,12,December,Saturday,4
5490,3,2,2024-02-04,9,81.57,0.0,734.1299999999999,0.0,734.1299999999999,2024,2,February,Sunday,1
5491,9,107,2024-11-13,7,9.07,0.05,63.49,0.031745,63.458255,2024,11,November,Wednesday,4
5493,8,72,2024-11-16,11,94.95,0.0,1044.45,0.0,1044.45,2024,11,November,Saturday,4
5494,3,147,2024-12-23,5,159.14,0.0,795.6999999999999,0.0,795.6999999999999,2024,12,December,Monday,4
5495,7,48,2024-06-27,4,43.06,0.1,172.24,0.17224,172.06776000000002,2024,6,June,Thursday,2
5496,9,59,2024-10-15,11,30.25,0.0,332.75,0.0,332.75,2024,10,October,Tuesday,4
5497,7,4,2024-03-20,9,167.47,0.1,1507.23,1.50723,1505.72277,2024,3,March,Wednesday,1
5498,6,151,2024-07-17,7,22.4,0.1,156.79999999999998,0.1568,156.64319999999998,2024,7,July,Wednesday,3
5499,5,153,2024-06-25,8,149.65,0.15,1197.2,1.7958,1195.4042,2024,6,June,Tuesday,2
5500,4,27,2024-09-02,5,83.28,0.1,416.4,0.4164,415.98359999999997,2024,9,September,Monday,3
5501,8,81,2024-12-27,8,39.73,0.0,317.84,0.0,317.84,2024,12,December,Friday,4
5502,5,129,2024-01-11,5,151.03,0.15,755.15,1.132725,754.0172749999999,2024,1,January,Thursday,1
5503,6,47,2024-12-11,6,118.87,0.1,713.22,0.7132200000000001,712.50678,2024,12,December,Wednesday,4
5504,2,163,2024-03-20,1,102.16,0.0,102.16,0.0,102.16,2024,3,March,Wednesday,1
5505,4,13,2024-12-17,10,91.64,0.25,916.4,2.291,914.1089999999999,2024,12,December,Tuesday,4
5506,8,24,2024-07-28,5,80.42,0.25,402.1,1.00525,401.09475000000003,2024,7,July,Sunday,3
5507,2,102,2024-06-02,10,25.17,0.05,251.70000000000002,0.12585000000000002,251.57415,2024,6,June,Sunday,2
5508,9,65,2024-03-10,8,65.09,0.1,520.72,0.5207200000000001,520.19928,2024,3,March,Sunday,1
5509,1,145,2024-03-26,2,33.88,0.25,67.76,0.16940000000000002,67.59060000000001,2024,3,March,Tuesday,1
5510,9,168,2024-08-26,12,115.57,0.25,1386.84,3.4671,1383.3728999999998,2024,8,August,Monday,3
5511,5,107,2024-03-24,2,9.07,0.0,18.14,0.0,18.14,2024,3,March,Sunday,1
5512,10,33,2024-12-06,8,162.49,0.05,1299.92,0.6499600000000001,1299.27004,2024,12,December,Friday,4
5513,8,83,2024-12-06,10,48.4,0.05,484.0,0.24200000000000002,483.758,2024,12,December,Friday,4
5514,5,143,2024-05-05,5,233.86,0.25,1169.3000000000002,2.9232500000000003,1166.3767500000001,2024,5,May,Sunday,2
5515,2,155,2024-12-24,10,165.6,0.1,1656.0,1.6560000000000001,1654.344,2024,12,December,Tuesday,4
5516,3,153,2024-12-26,2,149.65,0.05,299.3,0.14965,299.15035,2024,12,December,Thursday,4
5517,2,56,2024-01-23,1,91.09,0.25,91.09,0.227725,90.862275,2024,1,January,Tuesday,1
5518,5,130,2024-02-21,8,200.9,0.15,1607.2,2.4108,1604.7892,2024,2,February,Wednesday,1
5519,1,147,2024-10-18,1,159.14,0.0,159.14,0.0,159.14,2024,10,October,Friday,4
5520,5,170,2024-05-03,12,8.38,0.05,100.56,0.050280000000000005,100.50972,2024,5,May,Friday,2
5521,3,88,2024-09-17,4,106.78,0.0,427.12,0.0,427.12,2024,9,September,Tuesday,3
5522,2,119,2024-08-16,3,38.1,0.0,114.30000000000001,0.0,114.30000000000001,2024,8,August,Friday,3
5523,8,100,2024-07-07,10,120.25,0.1,1202.5,1.2025,1201.2975,2024,7,July,Sunday,3
5524,10,143,2024-05-03,1,233.86,0.0,233.86,0.0,233.86,2024,5,May,Friday,2
5525,2,102,2024-03-02,4,25.17,0.0,100.68,0.0,100.68,2024,3,March,Saturday,1
5526,7,40,2024-08-30,3,21.17,0.1,63.510000000000005,0.06351000000000001,63.446490000000004,2024,8,August,Friday,3
5527,6,113,2024-10-29,3,114.72,0.0,344.15999999999997,0.0,344.15999999999997,2024,10,October,Tuesday,4
5528,2,90,2024-12-06,6,98.0,0.15,588.0,0.882,587.118,2024,12,December,Friday,4
5529,8,42,2024-09-17,9,169.87,0.0,1528.83,0.0,1528.83,2024,9,September,Tuesday,3
5530,9,15,2024-11-04,3,149.2,0.0,447.59999999999997,0.0,447.59999999999997,2024,11,November,Monday,4
5531,4,128,2024-07-07,6,177.81,0.0,1066.8600000000001,0.0,1066.8600000000001,2024,7,July,Sunday,3
5532,7,86,2024-02-07,8,125.76,0.1,1006.08,1.00608,1005.07392,2024,2,February,Wednesday,1
5533,4,72,2024-08-20,7,94.95,0.1,664.65,0.6646500000000001,663.9853499999999,2024,8,August,Tuesday,3
5534,2,3,2024-10-23,1,91.88,0.0,91.88,0.0,91.88,2024,10,October,Wednesday,4
5535,2,131,2024-02-26,4,141.63,0.05,566.52,0.28326,566.2367399999999,2024,2,February,Monday,1
5536,2,14,2024-01-22,4,13.97,0.1,55.88,0.05588000000000001,55.82412,2024,1,January,Monday,1
5537,1,58,2024-10-10,10,216.14,0.0,2161.3999999999996,0.0,2161.3999999999996,2024,10,October,Thursday,4
5538,1,58,2024-08-17,9,216.14,0.05,1945.2599999999998,0.9726299999999999,1944.2873699999998,2024,8,August,Saturday,3
5539,8,116,2024-01-17,11,182.63,0.0,2008.9299999999998,0.0,2008.9299999999998,2024,1,January,Wednesday,1
5540,6,1,2024-12-22,10,38.35,0.0,383.5,0.0,383.5,2024,12,December,Sunday,4
5541,8,61,2024-09-21,11,24.26,0.25,266.86,0.66715,266.19285,2024,9,September,Saturday,3
5542,9,92,2024-02-09,2,96.38,0.0,192.76,0.0,192.76,2024,2,February,Friday,1
5543,9,123,2024-10-31,10,108.4,0.1,1084.0,1.084,1082.916,2024,10,October,Thursday,4
5544,7,139,2024-02-13,12,81.1,0.0,973.1999999999999,0.0,973.1999999999999,2024,2,February,Tuesday,1
5545,8,10,2024-05-26,9,136.82,0.05,1231.3799999999999,0.61569,1230.7643099999998,2024,5,May,Sunday,2
5546,1,170,2024-02-19,12,8.38,0.05,100.56,0.050280000000000005,100.50972,2024,2,February,Monday,1
5547,8,133,2024-08-13,8,107.43,0.0,859.44,0.0,859.44,2024,8,August,Tuesday,3
5548,2,137,2024-11-26,12,165.65,0.15,1987.8000000000002,2.9817,1984.8183000000001,2024,11,November,Tuesday,4
5549,9,55,2024-02-07,12,120.86,0.0,1450.32,0.0,1450.32,2024,2,February,Wednesday,1
5550,5,74,2024-01-02,1,77.0,0.0,77.0,0.0,77.0,2024,1,January,Tuesday,1
5551,1,121,2024-11-01,6,164.69,0.25,988.14,2.47035,985.6696499999999,2024,11,November,Friday,4
5552,1,158,2024-10-30,2,81.38,0.0,162.76,0.0,162.76,2024,10,October,Wednesday,4
5553,6,88,2024-12-11,9,106.78,0.25,961.02,2.4025499999999997,958.61745,2024,12,December,Wednesday,4
5554,4,36,2024-10-06,3,31.45,0.0,94.35,0.0,94.35,2024,10,October,Sunday,4
5555,4,69,2024-02-27,1,68.64,0.0,68.64,0.0,68.64,2024,2,February,Tuesday,1
5556,6,154,2024-08-20,10,104.34,0.0,1043.4,0.0,1043.4,2024,8,August,Tuesday,3
5557,7,71,2024-06-10,3,11.55,0.05,34.650000000000006,0.017325000000000004,34.632675000000006,2024,6,June,Monday,2
5558,6,25,2024-09-17,7,179.28,0.0,1254.96,0.0,1254.96,2024,9,September,Tuesday,3
5559,10,115,2024-05-13,4,212.31,0.0,849.24,0.0,849.24,2024,5,May,Monday,2
5560,4,140,2024-09-21,12,147.3,0.1,1767.6000000000001,1.7676000000000003,1765.8324000000002,2024,9,September,Saturday,3
5561,6,45,2024-02-16,9,29.94,0.0,269.46000000000004,0.0,269.46000000000004,2024,2,February,Friday,1
5562,3,41,2024-10-21,11,157.72,0.25,1734.92,4.3373,1730.5827000000002,2024,10,October,Monday,4
5563,9,43,2024-07-26,6,88.26,0.15,529.5600000000001,0.7943400000000002,528.76566,2024,7,July,Friday,3
5564,5,39,2024-05-10,9,112.9,0.0,1016.1,0.0,1016.1,2024,5,May,Friday,2
5565,10,158,2024-01-08,5,81.38,0.0,406.9,0.0,406.9,2024,1,January,Monday,1
5566,4,127,2024-02-10,7,51.12,0.05,357.84,0.17892,357.66107999999997,2024,2,February,Saturday,1
5567,5,104,2024-04-04,12,246.47,0.0,2957.64,0.0,2957.64,2024,4,April,Thursday,2
5568,8,12,2024-04-04,4,105.87,0.25,423.48,1.0587,422.42130000000003,2024,4,April,Thursday,2
5569,9,43,2024-06-01,6,88.26,0.05,529.5600000000001,0.26478000000000007,529.2952200000001,2024,6,June,Saturday,2
5570,1,63,2024-04-05,2,110.07,0.15,220.14,0.33020999999999995,219.80979,2024,4,April,Friday,2
5571,9,102,2024-12-07,5,25.17,0.1,125.85000000000001,0.12585000000000002,125.72415000000001,2024,12,December,Saturday,4
5572,9,44,2024-03-30,2,260.43,0.15,520.86,0.78129,520.07871,2024,3,March,Saturday,1
5573,6,118,2024-02-24,9,153.88,0.0,1384.92,0.0,1384.92,2024,2,February,Saturday,1
5574,9,86,2024-01-24,9,125.76,0.0,1131.8400000000001,0.0,1131.8400000000001,2024,1,January,Wednesday,1
5575,4,130,2024-04-29,2,200.9,0.0,401.8,0.0,401.8,2024,4,April,Monday,2
5576,10,30,2024-03-12,5,212.07,0.05,1060.35,0.530175,1059.8198249999998,2024,3,March,Tuesday,1
5577,10,26,2024-10-27,6,163.65,0.25,981.9000000000001,2.45475,979.4452500000001,2024,10,October,Sunday,4
5579,2,153,2024-12-16,11,149.65,0.05,1646.15,0.823075,1645.326925,2024,12,December,Monday,4
5580,6,100,2024-12-23,4,120.25,0.15,481.0,0.7214999999999999,480.2785,2024,12,December,Monday,4
5581,2,33,2024-03-10,12,162.49,0.25,1949.88,4.874700000000001,1945.0053,2024,3,March,Sunday,1
5582,1,149,2024-12-30,2,212.9,0.25,425.8,1.0645,424.7355,2024,12,December,Monday,4
5583,8,37,2024-05-31,11,19.91,0.0,219.01,0.0,219.01,2024,5,May,Friday,2
5584,4,122,2024-11-08,7,28.93,0.15,202.51,0.30376499999999995,202.206235,2024,11,November,Friday,4
5585,4,120,2024-05-21,4,234.32,0.0,937.28,0.0,937.28,2024,5,May,Tuesday,2
5586,3,5,2024-12-15,8,152.79,0.1,1222.32,1.22232,1221.0976799999999,2024,12,December,Sunday,4
5587,5,56,2024-07-26,9,91.09,0.0,819.8100000000001,0.0,819.8100000000001,2024,7,July,Friday,3
5588,5,109,2024-07-19,11,204.21,0.15,2246.31,3.3694649999999995,2242.9405349999997,2024,7,July,Friday,3
5589,6,162,2024-10-06,7,125.27,0.0,876.89,0.0,876.89,2024,10,October,Sunday,4
5590,3,51,2024-11-06,10,160.16,0.15,1601.6,2.4023999999999996,1599.1976,2024,11,November,Wednesday,4
5591,1,121,2024-02-04,9,164.69,0.0,1482.21,0.0,1482.21,2024,2,February,Sunday,1
5592,2,46,2024-04-29,11,46.4,0.0,510.4,0.0,510.4,2024,4,April,Monday,2
5593,9,58,2024-08-06,8,216.14,0.1,1729.12,1.72912,1727.39088,2024,8,August,Tuesday,3
5594,8,165,2024-11-28,12,56.11,0.0,673.3199999999999,0.0,673.3199999999999,2024,11,November,Thursday,4
5595,4,37,2024-09-06,5,19.91,0.15,99.55,0.14932499999999999,99.40067499999999,2024,9,September,Friday,3
5596,5,148,2024-07-03,8,126.73,0.15,1013.84,1.52076,1012.31924,2024,7,July,Wednesday,3
5597,3,1,2024-12-09,1,38.35,0.0,38.35,0.0,38.35,2024,12,December,Monday,4
5598,2,139,2024-10-20,9,81.1,0.1,729.9,0.7299,729.1700999999999,2024,10,October,Sunday,4
5599,2,145,2024-12-02,6,33.88,0.25,203.28000000000003,0.5082000000000001,202.77180000000004,2024,12,December,Monday,4
5600,1,29,2024-10-18,2,128.85,0.0,257.7,0.0,257.7,2024,10,October,Friday,4
5601,2,169,2024-06-17,11,48.02,0.05,528.22,0.26411,527.9558900000001,2024,6,June,Monday,2
5602,6,96,2024-10-28,6,169.6,0.0,1017.5999999999999,0.0,1017.5999999999999,2024,10,October,Monday,4
5603,10,65,2024-07-15,8,65.09,0.0,520.72,0.0,520.72,2024,7,July,Monday,3
5604,6,122,2024-09-13,11,28.93,0.0,318.23,0.0,318.23,2024,9,September,Friday,3
5605,6,28,2024-11-16,4,143.98,0.0,575.92,0.0,575.92,2024,11,November,Saturday,4
5606,7,104,2024-07-31,6,246.47,0.0,1478.82,0.0,1478.82,2024,7,July,Wednesday,3
5607,1,32,2024-11-10,1,195.25,0.05,195.25,0.09762500000000002,195.152375,2024,11,November,Sunday,4
5608,3,152,2024-02-26,8,77.49,0.05,619.92,0.30996,619.6100399999999,2024,2,February,Monday,1
5609,7,62,2024-01-05,6,11.77,0.0,70.62,0.0,70.62,2024,1,January,Friday,1
5610,8,144,2024-09-05,6,72.5,0.25,435.0,1.0875,433.9125,2024,9,September,Thursday,3
5611,8,136,2024-12-23,9,182.39,0.0,1641.5099999999998,0.0,1641.5099999999998,2024,12,December,Monday,4
5612,10,163,2024-11-27,5,102.16,0.0,510.79999999999995,0.0,510.79999999999995,2024,11,November,Wednesday,4
5613,10,2,2024-01-19,10,81.57,0.0,815.6999999999999,0.0,815.6999999999999,2024,1,January,Friday,1
5614,7,149,2024-08-16,12,212.9,0.25,2554.8,6.3870000000000005,2548.413,2024,8,August,Friday,3
5615,1,162,2024-11-19,12,125.27,0.0,1503.24,0.0,1503.24,2024,11,November,Tuesday,4
5616,5,33,2024-08-29,3,162.49,0.15,487.47,0.7312050000000001,486.73879500000004,2024,8,August,Thursday,3
5617,8,5,2024-05-03,7,152.79,0.0,1069.53,0.0,1069.53,2024,5,May,Friday,2
5618,4,134,2024-06-07,12,141.92,0.0,1703.04,0.0,1703.04,2024,6,June,Friday,2
5619,4,79,2024-11-28,2,156.97,0.15,313.94,0.47091,313.46909,2024,11,November,Thursday,4
5620,8,136,2024-04-27,12,182.39,0.0,2188.68,0.0,2188.68,2024,4,April,Saturday,2
5621,5,141,2024-02-13,7,45.08,0.0,315.56,0.0,315.56,2024,2,February,Tuesday,1
5622,6,11,2024-06-19,12,117.42,0.1,1409.04,1.40904,1407.63096,2024,6,June,Wednesday,2
5623,1,110,2024-03-28,6,240.3,0.0,1441.8000000000002,0.0,1441.8000000000002,2024,3,March,Thursday,1
5624,1,90,2024-01-27,7,98.0,0.25,686.0,1.715,684.285,2024,1,January,Saturday,1
5625,6,91,2024-05-13,6,146.33,0.1,877.98,0.87798,877.10202,2024,5,May,Monday,2
5626,8,72,2024-10-06,8,94.95,0.1,759.6,0.7596,758.8404,2024,10,October,Sunday,4
5627,8,30,2024-06-24,4,212.07,0.05,848.28,0.42414,847.85586,2024,6,June,Monday,2
5628,9,127,2024-05-11,7,51.12,0.0,357.84,0.0,357.84,2024,5,May,Saturday,2
5629,4,123,2024-11-27,7,108.4,0.1,758.8000000000001,0.7588000000000001,758.0412000000001,2024,11,November,Wednesday,4
5630,8,80,2024-03-27,2,210.02,0.1,420.04,0.42004,419.61996000000005,2024,3,March,Wednesday,1
5631,5,88,2024-11-17,10,106.78,0.15,1067.8,1.6017,1066.1983,2024,11,November,Sunday,4
5632,8,77,2024-11-02,3,68.92,0.0,206.76,0.0,206.76,2024,11,November,Saturday,4
5633,5,44,2024-06-27,3,260.43,0.0,781.29,0.0,781.29,2024,6,June,Thursday,2
5634,8,132,2024-02-15,9,133.08,0.0,1197.72,0.0,1197.72,2024,2,February,Thursday,1
5635,7,117,2024-08-13,1,144.39,0.05,144.39,0.072195,144.317805,2024,8,August,Tuesday,3
5636,8,93,2024-11-11,6,187.19,0.05,1123.1399999999999,0.56157,1122.5784299999998,2024,11,November,Monday,4
5637,2,115,2024-04-28,11,212.31,0.0,2335.41,0.0,2335.41,2024,4,April,Sunday,2
5638,4,2,2024-10-23,10,81.57,0.0,815.6999999999999,0.0,815.6999999999999,2024,10,October,Wednesday,4
5639,1,158,2024-05-31,8,81.38,0.25,651.04,1.6276,649.4123999999999,2024,5,May,Friday,2
5640,6,58,2024-12-09,7,216.14,0.0,1512.98,0.0,1512.98,2024,12,December,Monday,4
5641,1,167,2024-11-09,11,20.08,0.0,220.88,0.0,220.88,2024,11,November,Saturday,4
5642,10,32,2024-12-26,8,195.25,0.1,1562.0,1.5620000000000003,1560.438,2024,12,December,Thursday,4
5643,3,153,2024-01-13,1,149.65,0.15,149.65,0.224475,149.425525,2024,1,January,Saturday,1
5644,6,129,2024-11-14,10,151.03,0.0,1510.3,0.0,1510.3,2024,11,November,Thursday,4
5645,2,26,2024-12-02,5,163.65,0.15,818.25,1.2273749999999999,817.022625,2024,12,December,Monday,4
5646,3,139,2024-11-03,12,81.1,0.15,973.1999999999999,1.4598,971.7402,2024,11,November,Sunday,4
5647,7,77,2024-12-20,8,68.92,0.0,551.36,0.0,551.36,2024,12,December,Friday,4
5648,9,6,2024-09-16,1,18.62,0.0,18.62,0.0,18.62,2024,9,September,Monday,3
5649,2,167,2024-09-12,2,20.08,0.0,40.16,0.0,40.16,2024,9,September,Thursday,3
5650,3,34,2024-12-22,4,99.91,0.15,399.64,0.59946,399.04053999999996,2024,12,December,Sunday,4
5651,6,26,2024-06-05,5,163.65,0.05,818.25,0.409125,817.840875,2024,6,June,Wednesday,2
5652,8,152,2024-04-01,9,77.49,0.25,697.41,1.743525,695.666475,2024,4,April,Monday,2
5653,1,147,2024-05-09,4,159.14,0.1,636.56,0.63656,635.9234399999999,2024,5,May,Thursday,2
5654,7,68,2024-10-23,3,17.26,0.1,51.78,0.05178000000000001,51.72822,2024,10,October,Wednesday,4
5655,10,103,2024-06-14,3,143.37,0.15,430.11,0.645165,429.464835,2024,6,June,Friday,2
5656,4,140,2024-07-22,2,147.3,0.1,294.6,0.29460000000000003,294.3054,2024,7,July,Monday,3
5657,6,95,2024-03-13,1,244.81,0.05,244.81,0.12240500000000001,244.68759500000002,2024,3,March,Wednesday,1
5658,10,132,2024-10-19,4,133.08,0.0,532.32,0.0,532.32,2024,10,October,Saturday,4
5659,10,72,2024-05-14,5,94.95,0.0,474.75,0.0,474.75,2024,5,May,Tuesday,2
5660,9,47,2024-10-10,3,118.87,0.0,356.61,0.0,356.61,2024,10,October,Thursday,4
5661,3,72,2024-04-11,2,94.95,0.05,189.9,0.09495,189.80505,2024,4,April,Thursday,2
5662,1,121,2024-11-17,3,164.69,0.15,494.07,0.741105,493.328895,2024,11,November,Sunday,4
5663,5,146,2024-07-25,12,127.32,0.0,1527.84,0.0,1527.84,2024,7,July,Thursday,3
5664,4,4,2024-07-02,9,167.47,0.25,1507.23,3.768075,1503.461925,2024,7,July,Tuesday,3
5665,2,24,2024-10-26,9,80.42,0.0,723.78,0.0,723.78,2024,10,October,Saturday,4
5666,6,90,2024-12-02,12,98.0,0.25,1176.0,2.94,1173.06,2024,12,December,Monday,4
5667,9,161,2024-11-06,12,203.07,0.25,2436.84,6.0921,2430.7479000000003,2024,11,November,Wednesday,4
5668,3,57,2024-10-30,5,75.29,0.0,376.45000000000005,0.0,376.45000000000005,2024,10,October,Wednesday,4
5669,9,46,2024-07-25,9,46.4,0.25,417.59999999999997,1.0439999999999998,416.556,2024,7,July,Thursday,3
5670,7,134,2024-10-27,9,141.92,0.0,1277.28,0.0,1277.28,2024,10,October,Sunday,4
5671,10,168,2024-08-14,10,115.57,0.0,1155.6999999999998,0.0,1155.6999999999998,2024,8,August,Wednesday,3
5672,4,66,2024-02-07,4,254.58,0.0,1018.32,0.0,1018.32,2024,2,February,Wednesday,1
5673,4,14,2024-05-13,6,13.97,0.15,83.82000000000001,0.12573,83.69427,2024,5,May,Monday,2
5675,1,47,2024-03-21,12,118.87,0.25,1426.44,3.5661,1422.8739,2024,3,March,Thursday,1
5676,4,140,2024-06-02,11,147.3,0.25,1620.3000000000002,4.050750000000001,1616.24925,2024,6,June,Sunday,2
5677,6,144,2024-01-13,4,72.5,0.05,290.0,0.145,289.855,2024,1,January,Saturday,1
5678,6,71,2024-12-13,6,11.55,0.15,69.30000000000001,0.10395000000000001,69.19605000000001,2024,12,December,Friday,4
5679,8,63,2024-12-27,5,110.07,0.15,550.3499999999999,0.8255249999999998,549.5244749999999,2024,12,December,Friday,4
5680,9,17,2024-09-04,6,92.08,0.1,552.48,0.5524800000000001,551.9275200000001,2024,9,September,Wednesday,3
5681,3,62,2024-11-13,1,11.77,0.05,11.77,0.0058850000000000005,11.764115,2024,11,November,Wednesday,4
5682,7,52,2024-09-18,2,158.1,0.0,316.2,0.0,316.2,2024,9,September,Wednesday,3
5683,5,3,2024-11-20,8,91.88,0.15,735.04,1.1025599999999998,733.9374399999999,2024,11,November,Wednesday,4
5684,4,120,2024-08-08,3,234.32,0.1,702.96,0.70296,702.2570400000001,2024,8,August,Thursday,3
5685,6,7,2024-04-27,9,12.29,0.0,110.60999999999999,0.0,110.60999999999999,2024,4,April,Saturday,2
5686,2,51,2024-10-06,11,160.16,0.1,1761.76,1.7617600000000002,1759.99824,2024,10,October,Sunday,4
5687,3,158,2024-07-31,9,81.38,0.15,732.42,1.0986299999999998,731.32137,2024,7,July,Wednesday,3
5688,9,126,2024-10-24,7,28.64,0.0,200.48000000000002,0.0,200.48000000000002,2024,10,October,Thursday,4
5689,4,21,2024-06-09,11,89.09,0.0,979.99,0.0,979.99,2024,6,June,Sunday,2
5690,3,2,2024-12-13,6,81.57,0.15,489.41999999999996,0.73413,488.68586999999997,2024,12,December,Friday,4
5691,2,80,2024-04-04,7,210.02,0.0,1470.14,0.0,1470.14,2024,4,April,Thursday,2
5692,7,32,2024-11-12,11,195.25,0.1,2147.75,2.1477500000000003,2145.60225,2024,11,November,Tuesday,4
5693,5,163,2024-12-28,10,102.16,0.0,1021.5999999999999,0.0,1021.5999999999999,2024,12,December,Saturday,4
5694,9,99,2024-04-10,6,207.07,0.05,1242.42,0.62121,1241.79879,2024,4,April,Wednesday,2
5695,8,144,2024-12-19,5,72.5,0.25,362.5,0.90625,361.59375,2024,12,December,Thursday,4
5696,6,129,2024-11-24,3,151.03,0.0,453.09000000000003,0.0,453.09000000000003,2024,11,November,Sunday,4
5697,5,1,2024-07-05,11,38.35,0.1,421.85,0.42185,421.42815,2024,7,July,Friday,3
5698,4,47,2024-10-31,12,118.87,0.0,1426.44,0.0,1426.44,2024,10,October,Thursday,4
5699,3,29,2024-12-10,1,128.85,0.0,128.85,0.0,128.85,2024,12,December,Tuesday,4
5700,2,19,2024-11-21,1,61.27,0.0,61.27,0.0,61.27,2024,11,November,Thursday,4
5701,2,137,2024-04-30,9,165.65,0.0,1490.8500000000001,0.0,1490.8500000000001,2024,4,April,Tuesday,2
5702,6,42,2024-07-19,8,169.87,0.05,1358.96,0.6794800000000001,1358.28052,2024,7,July,Friday,3
5703,10,133,2024-11-18,2,107.43,0.15,214.86,0.32228999999999997,214.53771,2024,11,November,Monday,4
5704,10,164,2024-04-01,3,78.92,0.15,236.76,0.35513999999999996,236.40485999999999,2024,4,April,Monday,2
5705,10,103,2024-11-28,8,143.37,0.15,1146.96,1.7204400000000002,1145.23956,2024,11,November,Thursday,4
5706,5,37,2024-02-13,7,19.91,0.1,139.37,0.13937000000000002,139.23063,2024,2,February,Tuesday,1
5707,1,93,2024-11-22,6,187.19,0.25,1123.1399999999999,2.8078499999999997,1120.33215,2024,11,November,Friday,4
5708,8,35,2024-11-23,4,8.64,0.1,34.56,0.03456000000000001,34.52544,2024,11,November,Saturday,4
5709,5,38,2024-03-06,4,27.57,0.0,110.28,0.0,110.28,2024,3,March,Wednesday,1
5710,4,16,2024-12-23,7,78.24,0.05,547.68,0.27384000000000003,547.40616,2024,12,December,Monday,4
5711,1,68,2024-10-16,1,17.26,0.0,17.26,0.0,17.26,2024,10,October,Wednesday,4
5712,10,106,2024-04-01,4,97.25,0.05,389.0,0.19450000000000003,388.8055,2024,4,April,Monday,2
5713,7,50,2024-01-19,8,168.2,0.05,1345.6,0.6728000000000001,1344.9271999999999,2024,1,January,Friday,1
5714,4,132,2024-11-09,12,133.08,0.0,1596.96,0.0,1596.96,2024,11,November,Saturday,4
5715,1,43,2024-03-13,5,88.26,0.25,441.3,1.10325,440.19675,2024,3,March,Wednesday,1
5716,8,132,2024-03-08,4,133.08,0.0,532.32,0.0,532.32,2024,3,March,Friday,1
5717,4,88,2024-12-24,10,106.78,0.0,1067.8,0.0,1067.8,2024,12,December,Tuesday,4
5718,4,69,2024-08-22,1,68.64,0.05,68.64,0.03432,68.60568,2024,8,August,Thursday,3
5719,3,45,2024-02-11,10,29.94,0.05,299.40000000000003,0.14970000000000003,299.25030000000004,2024,2,February,Sunday,1
5720,8,9,2024-09-26,10,100.29,0.15,1002.9000000000001,1.50435,1001.39565,2024,9,September,Thursday,3
5721,9,128,2024-10-27,4,177.81,0.05,711.24,0.35562000000000005,710.88438,2024,10,October,Sunday,4
5722,10,137,2024-01-28,10,165.65,0.15,1656.5,2.48475,1654.01525,2024,1,January,Sunday,1
5723,6,90,2024-10-18,9,98.0,0.0,882.0,0.0,882.0,2024,10,October,Friday,4
5724,5,150,2024-02-29,4,89.35,0.0,357.4,0.0,357.4,2024,2,February,Thursday,1
5725,4,87,2024-06-10,7,211.16,0.0,1478.12,0.0,1478.12,2024,6,June,Monday,2
5726,8,71,2024-02-03,4,11.55,0.1,46.2,0.0462,46.153800000000004,2024,2,February,Saturday,1
5727,6,144,2024-09-01,9,72.5,0.1,652.5,0.6525,651.8475,2024,9,September,Sunday,3
5728,8,63,2024-02-04,12,110.07,0.05,1320.84,0.66042,1320.17958,2024,2,February,Sunday,1
5729,3,45,2024-10-19,2,29.94,0.0,59.88,0.0,59.88,2024,10,October,Saturday,4
5730,3,129,2024-09-09,11,151.03,0.05,1661.33,0.8306650000000001,1660.499335,2024,9,September,Monday,3
5731,6,20,2024-07-19,8,150.34,0.0,1202.72,0.0,1202.72,2024,7,July,Friday,3
5732,1,6,2024-11-06,9,18.62,0.1,167.58,0.16758000000000003,167.41242000000003,2024,11,November,Wednesday,4
5733,4,52,2024-05-18,6,158.1,0.0,948.5999999999999,0.0,948.5999999999999,2024,5,May,Saturday,2
5734,4,122,2024-04-14,12,28.93,0.15,347.15999999999997,0.5207399999999999,346.63926,2024,4,April,Sunday,2
5735,4,113,2024-05-06,3,114.72,0.15,344.15999999999997,0.5162399999999999,343.64376,2024,5,May,Monday,2
5736,7,28,2024-08-01,6,143.98,0.1,863.8799999999999,0.8638799999999999,863.0161199999999,2024,8,August,Thursday,3
5737,9,100,2024-11-23,12,120.25,0.05,1443.0,0.7215,1442.2785,2024,11,November,Saturday,4
5738,9,63,2024-01-22,5,110.07,0.05,550.3499999999999,0.275175,550.0748249999999,2024,1,January,Monday,1
5739,5,40,2024-06-29,1,21.17,0.15,21.17,0.031755,21.138245,2024,6,June,Saturday,2
5740,6,48,2024-07-20,6,43.06,0.0,258.36,0.0,258.36,2024,7,July,Saturday,3
5741,4,44,2024-03-02,1,260.43,0.15,260.43,0.390645,260.039355,2024,3,March,Saturday,1
5742,3,118,2024-11-28,9,153.88,0.25,1384.92,3.4623000000000004,1381.4577000000002,2024,11,November,Thursday,4
5743,3,68,2024-09-18,9,17.26,0.0,155.34,0.0,155.34,2024,9,September,Wednesday,3
5744,8,127,2024-11-18,1,51.12,0.1,51.12,0.05112,51.06888,2024,11,November,Monday,4
5745,9,168,2024-07-16,1,115.57,0.1,115.57,0.11557,115.45442999999999,2024,7,July,Tuesday,3
5746,1,25,2024-05-31,12,179.28,0.0,2151.36,0.0,2151.36,2024,5,May,Friday,2
5747,6,159,2024-12-17,4,51.69,0.15,206.76,0.31013999999999997,206.44986,2024,12,December,Tuesday,4
5748,4,167,2024-07-09,7,20.08,0.0,140.56,0.0,140.56,2024,7,July,Tuesday,3
5749,1,122,2024-11-09,1,28.93,0.15,28.93,0.043395,28.886605,2024,11,November,Saturday,4
5750,2,165,2024-12-26,7,56.11,0.25,392.77,0.9819249999999999,391.788075,2024,12,December,Thursday,4
5751,5,97,2024-05-26,9,51.84,0.0,466.56000000000006,0.0,466.56000000000006,2024,5,May,Sunday,2
5752,1,154,2024-01-25,6,104.34,0.0,626.04,0.0,626.04,2024,1,January,Thursday,1
5753,5,77,2024-05-24,12,68.92,0.0,827.04,0.0,827.04,2024,5,May,Friday,2
5754,1,15,2024-11-02,8,149.2,0.1,1193.6,1.1936,1192.4063999999998,2024,11,November,Saturday,4
5755,6,118,2024-06-02,5,153.88,0.15,769.4,1.1541,768.2459,2024,6,June,Sunday,2
5756,5,61,2024-01-06,4,24.26,0.25,97.04,0.2426,96.79740000000001,2024,1,January,Saturday,1
5757,3,115,2024-04-18,7,212.31,0.1,1486.17,1.4861700000000002,1484.6838300000002,2024,4,April,Thursday,2
5758,4,167,2024-12-10,9,20.08,0.15,180.71999999999997,0.27107999999999993,180.44891999999996,2024,12,December,Tuesday,4
5759,10,26,2024-08-05,9,163.65,0.1,1472.8500000000001,1.4728500000000002,1471.37715,2024,8,August,Monday,3
5760,7,81,2024-10-06,9,39.73,0.15,357.57,0.536355,357.033645,2024,10,October,Sunday,4
5761,5,119,2024-03-08,11,38.1,0.0,419.1,0.0,419.1,2024,3,March,Friday,1
5762,6,169,2024-01-18,6,48.02,0.05,288.12,0.14406,287.97594,2024,1,January,Thursday,1
5763,4,151,2024-08-31,7,22.4,0.15,156.79999999999998,0.23519999999999996,156.5648,2024,8,August,Saturday,3
5764,9,126,2024-11-28,11,28.64,0.0,315.04,0.0,315.04,2024,11,November,Thursday,4
5765,4,8,2024-03-16,3,98.81,0.15,296.43,0.444645,295.985355,2024,3,March,Saturday,1
5766,4,143,2024-11-02,4,233.86,0.1,935.44,0.9354400000000002,934.5045600000001,2024,11,November,Saturday,4
5767,6,10,2024-07-30,9,136.82,0.0,1231.3799999999999,0.0,1231.3799999999999,2024,7,July,Tuesday,3
5768,5,31,2024-12-08,7,110.33,0.0,772.31,0.0,772.31,2024,12,December,Sunday,4
5769,3,155,2024-12-02,3,165.6,0.1,496.79999999999995,0.4968,496.30319999999995,2024,12,December,Monday,4
5770,8,75,2024-09-01,12,29.49,0.15,353.88,0.53082,353.34918,2024,9,September,Sunday,3
5771,6,11,2024-11-05,1,117.42,0.0,117.42,0.0,117.42,2024,11,November,Tuesday,4
5772,6,105,2024-04-22,4,136.88,0.0,547.52,0.0,547.52,2024,4,April,Monday,2
5773,7,87,2024-10-24,5,211.16,0.1,1055.8,1.0558,1054.7441999999999,2024,10,October,Thursday,4
5774,7,92,2024-05-08,1,96.38,0.15,96.38,0.14456999999999998,96.23543,2024,5,May,Wednesday,2
5775,3,83,2024-11-20,8,48.4,0.0,387.2,0.0,387.2,2024,11,November,Wednesday,4
5776,9,16,2024-10-19,12,78.24,0.1,938.8799999999999,0.9388799999999999,937.9411199999998,2024,10,October,Saturday,4
5777,2,127,2024-09-20,4,51.12,0.05,204.48,0.10224,204.37776,2024,9,September,Friday,3
5778,2,7,2024-02-27,10,12.29,0.0,122.89999999999999,0.0,122.89999999999999,2024,2,February,Tuesday,1
5779,9,113,2024-09-12,9,114.72,0.0,1032.48,0.0,1032.48,2024,9,September,Thursday,3
5780,8,105,2024-03-18,12,136.88,0.0,1642.56,0.0,1642.56,2024,3,March,Monday,1
5781,4,58,2024-04-11,10,216.14,0.15,2161.3999999999996,3.2420999999999993,2158.1578999999997,2024,4,April,Thursday,2
5782,7,115,2024-06-03,2,212.31,0.05,424.62,0.21231000000000003,424.40769,2024,6,June,Monday,2
5783,9,19,2024-11-27,9,61.27,0.05,551.4300000000001,0.27571500000000004,551.1542850000001,2024,11,November,Wednesday,4
5784,5,26,2024-08-22,7,163.65,0.0,1145.55,0.0,1145.55,2024,8,August,Thursday,3
5785,6,141,2024-10-01,9,45.08,0.25,405.71999999999997,1.0143,404.7057,2024,10,October,Tuesday,4
5786,1,80,2024-11-12,8,210.02,0.05,1680.16,0.84008,1679.3199200000001,2024,11,November,Tuesday,4
5787,2,65,2024-03-22,1,65.09,0.25,65.09,0.162725,64.92727500000001,2024,3,March,Friday,1
5788,1,146,2024-06-11,2,127.32,0.0,254.64,0.0,254.64,2024,6,June,Tuesday,2
5789,3,44,2024-04-27,10,260.43,0.0,2604.3,0.0,2604.3,2024,4,April,Saturday,2
5790,2,152,2024-06-21,2,77.49,0.05,154.98,0.07749,154.90250999999998,2024,6,June,Friday,2
5791,7,17,2024-07-18,5,92.08,0.0,460.4,0.0,460.4,2024,7,July,Thursday,3
5792,6,46,2024-12-07,10,46.4,0.1,464.0,0.4640000000000001,463.536,2024,12,December,Saturday,4
5793,10,136,2024-11-06,6,182.39,0.15,1094.34,1.6415099999999998,1092.69849,2024,11,November,Wednesday,4
5794,3,24,2024-09-11,11,80.42,0.25,884.62,2.21155,882.40845,2024,9,September,Wednesday,3
5795,5,74,2024-06-24,11,77.0,0.1,847.0,0.847,846.153,2024,6,June,Monday,2
5796,1,78,2024-06-28,12,125.42,0.25,1505.04,3.7626,1501.2774,2024,6,June,Friday,2
5797,9,22,2024-03-02,5,28.7,0.0,143.5,0.0,143.5,2024,3,March,Saturday,1
5798,5,6,2024-12-09,8,18.62,0.1,148.96,0.14896,148.81104000000002,2024,12,December,Monday,4
5799,10,55,2024-07-22,5,120.86,0.0,604.3,0.0,604.3,2024,7,July,Monday,3
5801,10,16,2024-11-14,11,78.24,0.0,860.64,0.0,860.64,2024,11,November,Thursday,4
5802,6,123,2024-01-22,3,108.4,0.25,325.20000000000005,0.8130000000000002,324.38700000000006,2024,1,January,Monday,1
5803,8,28,2024-04-10,8,143.98,0.0,1151.84,0.0,1151.84,2024,4,April,Wednesday,2
5804,6,153,2024-01-27,5,149.65,0.0,748.25,0.0,748.25,2024,1,January,Saturday,1
5805,9,98,2024-02-16,4,93.24,0.1,372.96,0.37296,372.58704,2024,2,February,Friday,1
5806,7,53,2024-11-03,9,131.05,0.05,1179.45,0.589725,1178.860275,2024,11,November,Sunday,4
5807,3,33,2024-07-31,9,162.49,0.15,1462.41,2.193615,1460.2163850000002,2024,7,July,Wednesday,3
5808,5,6,2024-11-24,3,18.62,0.0,55.86,0.0,55.86,2024,11,November,Sunday,4
5809,6,76,2024-06-01,2,150.97,0.15,301.94,0.45291,301.48709,2024,6,June,Saturday,2
5810,6,27,2024-09-20,7,83.28,0.0,582.96,0.0,582.96,2024,9,September,Friday,3
5811,9,8,2024-07-28,4,98.81,0.05,395.24,0.19762000000000002,395.04238000000004,2024,7,July,Sunday,3
5812,5,131,2024-11-09,8,141.63,0.25,1133.04,2.8326,1130.2074,2024,11,November,Saturday,4
5813,3,159,2024-11-16,2,51.69,0.25,103.38,0.25845,103.12155,2024,11,November,Saturday,4
5814,8,62,2024-04-28,12,11.77,0.0,141.24,0.0,141.24,2024,4,April,Sunday,2
5815,5,14,2024-05-10,1,13.97,0.0,13.97,0.0,13.97,2024,5,May,Friday,2
5816,8,141,2024-01-13,12,45.08,0.25,540.96,1.3524,539.6076,2024,1,January,Saturday,1
5817,4,2,2024-06-13,7,81.57,0.05,570.99,0.285495,570.704505,2024,6,June,Thursday,2
5818,6,72,2024-11-24,1,94.95,0.25,94.95,0.237375,94.712625,2024,11,November,Sunday,4
5819,9,147,2024-02-11,12,159.14,0.1,1909.6799999999998,1.9096799999999998,1907.7703199999999,2024,2,February,Sunday,1
5820,8,39,2024-02-20,5,112.9,0.25,564.5,1.41125,563.08875,2024,2,February,Tuesday,1
5821,8,55,2024-12-05,10,120.86,0.15,1208.6,1.8129,1206.7871,2024,12,December,Thursday,4
5822,5,102,2024-03-10,3,25.17,0.0,75.51,0.0,75.51,2024,3,March,Sunday,1
5823,1,27,2024-11-26,7,83.28,0.0,582.96,0.0,582.96,2024,11,November,Tuesday,4
5824,10,64,2024-11-05,4,54.54,0.0,218.16,0.0,218.16,2024,11,November,Tuesday,4
5825,3,82,2024-09-20,10,111.57,0.0,1115.6999999999998,0.0,1115.6999999999998,2024,9,September,Friday,3
5826,6,146,2024-02-20,2,127.32,0.1,254.64,0.25464,254.38536,2024,2,February,Tuesday,1
5827,2,110,2024-12-30,2,240.3,0.0,480.6,0.0,480.6,2024,12,December,Monday,4
5828,5,163,2024-11-28,1,102.16,0.0,102.16,0.0,102.16,2024,11,November,Thursday,4
5829,5,33,2024-12-01,12,162.49,0.15,1949.88,2.9248200000000004,1946.9551800000002,2024,12,December,Sunday,4
5830,5,109,2024-12-03,6,204.21,0.15,1225.26,1.8378899999999998,1223.42211,2024,12,December,Tuesday,4
5831,6,61,2024-03-20,3,24.26,0.05,72.78,0.036390000000000006,72.74361,2024,3,March,Wednesday,1
5832,2,30,2024-12-22,6,212.07,0.0,1272.42,0.0,1272.42,2024,12,December,Sunday,4
5833,3,19,2024-04-27,8,61.27,0.0,490.16,0.0,490.16,2024,4,April,Saturday,2
5834,8,69,2024-04-18,8,68.64,0.25,549.12,1.3728,547.7472,2024,4,April,Thursday,2
5835,6,152,2024-09-14,4,77.49,0.1,309.96,0.30996,309.65004,2024,9,September,Saturday,3
5836,6,16,2024-01-05,12,78.24,0.0,938.8799999999999,0.0,938.8799999999999,2024,1,January,Friday,1
5837,10,151,2024-07-05,7,22.4,0.0,156.79999999999998,0.0,156.79999999999998,2024,7,July,Friday,3
5838,9,63,2024-12-15,5,110.07,0.0,550.3499999999999,0.0,550.3499999999999,2024,12,December,Sunday,4
5839,3,36,2024-11-08,8,31.45,0.1,251.6,0.2516,251.3484,2024,11,November,Friday,4
5840,8,11,2024-12-24,1,117.42,0.05,117.42,0.058710000000000005,117.36129,2024,12,December,Tuesday,4
5841,7,130,2024-02-26,2,200.9,0.0,401.8,0.0,401.8,2024,2,February,Monday,1
5842,6,110,2024-07-09,5,240.3,0.15,1201.5,1.80225,1199.69775,2024,7,July,Tuesday,3
5843,10,156,2024-12-06,10,173.78,0.25,1737.8,4.3445,1733.4555,2024,12,December,Friday,4
5844,10,132,2024-08-01,11,133.08,0.0,1463.88,0.0,1463.88,2024,8,August,Thursday,3
5845,7,34,2024-09-22,8,99.91,0.1,799.28,0.79928,798.48072,2024,9,September,Sunday,3
5846,6,119,2024-02-14,7,38.1,0.0,266.7,0.0,266.7,2024,2,February,Wednesday,1
5847,2,24,2024-12-17,1,80.42,0.15,80.42,0.12063,80.29937,2024,12,December,Tuesday,4
5848,2,166,2024-02-29,5,44.53,0.25,222.65,0.556625,222.093375,2024,2,February,Thursday,1
5849,6,2,2024-06-15,9,81.57,0.0,734.1299999999999,0.0,734.1299999999999,2024,6,June,Saturday,2
5850,7,170,2024-09-07,9,8.38,0.1,75.42,0.07542,75.34458000000001,2024,9,September,Saturday,3
5852,8,61,2024-03-11,1,24.26,0.15,24.26,0.036390000000000006,24.22361,2024,3,March,Monday,1
5853,8,57,2024-12-15,5,75.29,0.15,376.45000000000005,0.564675,375.885325,2024,12,December,Sunday,4
5854,10,23,2024-12-02,7,135.4,0.15,947.8000000000001,1.4217000000000002,946.3783000000001,2024,12,December,Monday,4
5855,7,101,2024-12-01,7,131.65,0.0,921.5500000000001,0.0,921.5500000000001,2024,12,December,Sunday,4
5856,5,98,2024-07-15,3,93.24,0.15,279.71999999999997,0.4195799999999999,279.30042,2024,7,July,Monday,3
5857,2,52,2024-08-27,9,158.1,0.25,1422.8999999999999,3.55725,1419.3427499999998,2024,8,August,Tuesday,3
5858,5,77,2024-12-24,6,68.92,0.0,413.52,0.0,413.52,2024,12,December,Tuesday,4
5859,4,43,2024-08-28,12,88.26,0.25,1059.1200000000001,2.6478,1056.4722000000002,2024,8,August,Wednesday,3
5860,5,120,2024-10-07,9,234.32,0.1,2108.88,2.1088800000000005,2106.77112,2024,10,October,Monday,4
5861,8,92,2024-11-18,8,96.38,0.0,771.04,0.0,771.04,2024,11,November,Monday,4
5863,4,27,2024-12-06,6,83.28,0.0,499.68,0.0,499.68,2024,12,December,Friday,4
5864,4,51,2024-07-26,2,160.16,0.05,320.32,0.16016000000000002,320.15984,2024,7,July,Friday,3
5865,4,17,2024-07-23,1,92.08,0.05,92.08,0.04604,92.03396,2024,7,July,Tuesday,3
5866,7,62,2024-11-11,3,11.77,0.0,35.31,0.0,35.31,2024,11,November,Monday,4
5867,6,149,2024-12-20,4,212.9,0.0,851.6,0.0,851.6,2024,12,December,Friday,4
5868,7,39,2024-06-19,10,112.9,0.0,1129.0,0.0,1129.0,2024,6,June,Wednesday,2
5869,3,142,2024-05-04,9,36.7,0.25,330.3,0.82575,329.47425,2024,5,May,Saturday,2
5870,7,51,2024-08-30,4,160.16,0.0,640.64,0.0,640.64,2024,8,August,Friday,3
5871,8,74,2024-11-10,6,77.0,0.0,462.0,0.0,462.0,2024,11,November,Sunday,4
5872,2,61,2024-06-10,6,24.26,0.0,145.56,0.0,145.56,2024,6,June,Monday,2
5873,8,168,2024-02-04,4,115.57,0.1,462.28,0.46228,461.81771999999995,2024,2,February,Sunday,1
5874,5,136,2024-02-26,1,182.39,0.25,182.39,0.45597499999999996,181.934025,2024,2,February,Monday,1
5875,4,10,2024-07-20,8,136.82,0.0,1094.56,0.0,1094.56,2024,7,July,Saturday,3
5876,8,81,2024-04-12,2,39.73,0.0,79.46,0.0,79.46,2024,4,April,Friday,2
5877,6,18,2024-12-11,9,204.77,0.0,1842.93,0.0,1842.93,2024,12,December,Wednesday,4
5878,4,16,2024-09-12,7,78.24,0.0,547.68,0.0,547.68,2024,9,September,Thursday,3
5879,1,33,2024-07-08,9,162.49,0.0,1462.41,0.0,1462.41,2024,7,July,Monday,3
5880,9,148,2024-01-22,11,126.73,0.05,1394.03,0.6970149999999999,1393.332985,2024,1,January,Monday,1
5881,9,139,2024-11-06,4,81.1,0.0,324.4,0.0,324.4,2024,11,November,Wednesday,4
5882,3,87,2024-04-25,7,211.16,0.0,1478.12,0.0,1478.12,2024,4,April,Thursday,2
5883,4,25,2024-01-27,4,179.28,0.05,717.12,0.35856,716.76144,2024,1,January,Saturday,1
5884,5,167,2024-10-13,7,20.08,0.15,140.56,0.21084,140.34916,2024,10,October,Sunday,4
5885,2,164,2024-02-02,4,78.92,0.0,315.68,0.0,315.68,2024,2,February,Friday,1
5886,8,129,2024-05-06,2,151.03,0.25,302.06,0.75515,301.30485,2024,5,May,Monday,2
5887,2,149,2024-02-18,8,212.9,0.0,1703.2,0.0,1703.2,2024,2,February,Sunday,1
5888,9,3,2024-03-05,10,91.88,0.1,918.8,0.9188,917.8811999999999,2024,3,March,Tuesday,1
5889,7,150,2024-06-02,11,89.35,0.15,982.8499999999999,1.4742749999999998,981.3757249999999,2024,6,June,Sunday,2
5890,6,162,2024-09-09,11,125.27,0.0,1377.97,0.0,1377.97,2024,9,September,Monday,3
5891,7,8,2024-08-04,6,98.81,0.15,592.86,0.88929,591.97071,2024,8,August,Sunday,3
5892,7,162,2024-05-02,7,125.27,0.0,876.89,0.0,876.89,2024,5,May,Thursday,2
5893,8,15,2024-12-17,9,149.2,0.0,1342.8,0.0,1342.8,2024,12,December,Tuesday,4
5894,4,16,2024-05-15,1,78.24,0.1,78.24,0.07824,78.16176,2024,5,May,Wednesday,2
5895,10,115,2024-03-12,3,212.31,0.15,636.9300000000001,0.955395,635.9746050000001,2024,3,March,Tuesday,1
5896,9,107,2024-09-10,6,9.07,0.05,54.42,0.02721,54.392790000000005,2024,9,September,Tuesday,3
5897,8,67,2024-11-18,5,107.18,0.1,535.9000000000001,0.5359000000000002,535.3641000000001,2024,11,November,Monday,4
5898,6,136,2024-02-27,1,182.39,0.15,182.39,0.27358499999999997,182.116415,2024,2,February,Tuesday,1
5899,8,79,2024-06-01,8,156.97,0.1,1255.76,1.25576,1254.50424,2024,6,June,Saturday,2
5900,7,150,2024-10-11,3,89.35,0.05,268.04999999999995,0.13402499999999998,267.91597499999995,2024,10,October,Friday,4
5901,8,155,2024-09-16,3,165.6,0.05,496.79999999999995,0.2484,496.55159999999995,2024,9,September,Monday,3
5902,4,74,2024-11-24,4,77.0,0.0,308.0,0.0,308.0,2024,11,November,Sunday,4
5903,7,113,2024-10-09,1,114.72,0.1,114.72,0.11472000000000002,114.60528,2024,10,October,Wednesday,4
5904,8,27,2024-07-10,4,83.28,0.15,333.12,0.49967999999999996,332.62032,2024,7,July,Wednesday,3
5905,8,41,2024-07-25,12,157.72,0.05,1892.6399999999999,0.94632,1891.6936799999999,2024,7,July,Thursday,3
5906,3,111,2024-01-12,10,43.1,0.05,431.0,0.2155,430.7845,2024,1,January,Friday,1
5907,10,48,2024-11-11,11,43.06,0.25,473.66,1.18415,472.47585000000004,2024,11,November,Monday,4
5908,8,104,2024-06-29,11,246.47,0.25,2711.17,6.777925,2704.392075,2024,6,June,Saturday,2
5909,1,15,2024-05-12,5,149.2,0.1,746.0,0.7460000000000001,745.254,2024,5,May,Sunday,2
5910,1,121,2024-01-19,9,164.69,0.15,1482.21,2.223315,1479.986685,2024,1,January,Friday,1
5911,3,50,2024-12-17,1,168.2,0.0,168.2,0.0,168.2,2024,12,December,Tuesday,4
5912,6,71,2024-07-02,9,11.55,0.25,103.95,0.259875,103.69012500000001,2024,7,July,Tuesday,3
5913,3,154,2024-07-26,7,104.34,0.1,730.38,0.7303799999999999,729.64962,2024,7,July,Friday,3
5914,8,52,2024-03-12,9,158.1,0.0,1422.8999999999999,0.0,1422.8999999999999,2024,3,March,Tuesday,1
5915,3,137,2024-07-21,10,165.65,0.0,1656.5,0.0,1656.5,2024,7,July,Sunday,3
5916,2,45,2024-03-22,12,29.94,0.15,359.28000000000003,0.5389200000000001,358.74108,2024,3,March,Friday,1
5917,9,25,2024-09-09,6,179.28,0.25,1075.68,2.6892,1072.9908,2024,9,September,Monday,3
5918,4,100,2024-11-21,10,120.25,0.1,1202.5,1.2025,1201.2975,2024,11,November,Thursday,4
5919,1,97,2024-01-25,5,51.84,0.0,259.20000000000005,0.0,259.20000000000005,2024,1,January,Thursday,1
5920,5,23,2024-02-05,9,135.4,0.0,1218.6000000000001,0.0,1218.6000000000001,2024,2,February,Monday,1
5921,1,63,2024-03-13,12,110.07,0.0,1320.84,0.0,1320.84,2024,3,March,Wednesday,1
5922,10,169,2024-11-04,1,48.02,0.0,48.02,0.0,48.02,2024,11,November,Monday,4
5923,9,113,2024-11-06,2,114.72,0.1,229.44,0.22944000000000003,229.21056,2024,11,November,Wednesday,4
5924,10,162,2024-02-19,5,125.27,0.0,626.35,0.0,626.35,2024,2,February,Monday,1
5925,7,138,2024-05-11,11,98.66,0.05,1085.26,0.5426300000000001,1084.71737,2024,5,May,Saturday,2
5926,5,80,2024-01-25,9,210.02,0.1,1890.18,1.8901800000000002,1888.28982,2024,1,January,Thursday,1
5927,7,90,2024-03-05,11,98.0,0.15,1078.0,1.617,1076.383,2024,3,March,Tuesday,1
5928,2,43,2024-08-09,12,88.26,0.0,1059.1200000000001,0.0,1059.1200000000001,2024,8,August,Friday,3
5929,3,86,2024-07-05,1,125.76,0.0,125.76,0.0,125.76,2024,7,July,Friday,3
5930,7,5,2024-09-02,1,152.79,0.15,152.79,0.22918499999999997,152.560815,2024,9,September,Monday,3
5931,3,95,2024-04-05,6,244.81,0.0,1468.8600000000001,0.0,1468.8600000000001,2024,4,April,Friday,2
5932,7,14,2024-09-22,6,13.97,0.05,83.82000000000001,0.04191000000000001,83.77809,2024,9,September,Sunday,3
5933,6,32,2024-05-16,9,195.25,0.0,1757.25,0.0,1757.25,2024,5,May,Thursday,2
5934,4,122,2024-12-02,4,28.93,0.05,115.72,0.05786,115.66214,2024,12,December,Monday,4
5935,8,119,2024-11-24,3,38.1,0.25,114.30000000000001,0.28575,114.01425000000002,2024,11,November,Sunday,4
5936,10,137,2024-02-22,10,165.65,0.0,1656.5,0.0,1656.5,2024,2,February,Thursday,1
5937,9,36,2024-06-22,10,31.45,0.25,314.5,0.78625,313.71375,2024,6,June,Saturday,2
5938,9,70,2024-01-23,8,149.07,0.05,1192.56,0.59628,1191.96372,2024,1,January,Tuesday,1
5939,10,163,2024-02-02,1,102.16,0.0,102.16,0.0,102.16,2024,2,February,Friday,1
5940,2,139,2024-07-27,4,81.1,0.15,324.4,0.4866,323.91339999999997,2024,7,July,Saturday,3
5941,10,48,2024-09-20,9,43.06,0.0,387.54,0.0,387.54,2024,9,September,Friday,3
5942,2,163,2024-11-29,4,102.16,0.0,408.64,0.0,408.64,2024,11,November,Friday,4
5943,6,69,2024-02-14,11,68.64,0.0,755.04,0.0,755.04,2024,2,February,Wednesday,1
5944,6,14,2024-12-05,10,13.97,0.15,139.70000000000002,0.20955000000000001,139.49045,2024,12,December,Thursday,4
5945,5,135,2024-06-17,12,198.75,0.0,2385.0,0.0,2385.0,2024,6,June,Monday,2
5946,1,134,2024-06-24,2,141.92,0.1,283.84,0.28384,283.55616,2024,6,June,Monday,2
5947,10,4,2024-09-01,10,167.47,0.0,1674.7,0.0,1674.7,2024,9,September,Sunday,3
5948,4,64,2024-12-25,6,54.54,0.25,327.24,0.8181,326.4219,2024,12,December,Wednesday,4
5949,6,169,2024-04-06,6,48.02,0.15,288.12,0.43217999999999995,287.68782,2024,4,April,Saturday,2
5950,1,54,2024-09-05,9,241.98,0.15,2177.8199999999997,3.2667299999999995,2174.55327,2024,9,September,Thursday,3
5951,8,165,2024-07-06,2,56.11,0.0,112.22,0.0,112.22,2024,7,July,Saturday,3
5952,4,73,2024-12-28,11,242.79,0.0,2670.69,0.0,2670.69,2024,12,December,Saturday,4
5953,5,64,2024-09-26,5,54.54,0.25,272.7,0.68175,272.01824999999997,2024,9,September,Thursday,3
5954,2,163,2024-03-07,4,102.16,0.1,408.64,0.40864000000000006,408.23136,2024,3,March,Thursday,1
5955,2,38,2024-03-17,5,27.57,0.0,137.85,0.0,137.85,2024,3,March,Sunday,1
5956,4,154,2024-01-17,10,104.34,0.0,1043.4,0.0,1043.4,2024,1,January,Wednesday,1
5957,4,66,2024-07-05,9,254.58,0.15,2291.2200000000003,3.4368300000000005,2287.78317,2024,7,July,Friday,3
5958,1,61,2024-02-07,8,24.26,0.0,194.08,0.0,194.08,2024,2,February,Wednesday,1
5959,8,134,2024-09-04,4,141.92,0.1,567.68,0.56768,567.11232,2024,9,September,Wednesday,3
5960,2,162,2024-12-28,8,125.27,0.0,1002.16,0.0,1002.16,2024,12,December,Saturday,4
5961,3,71,2024-09-23,2,11.55,0.1,23.1,0.0231,23.076900000000002,2024,9,September,Monday,3
5962,9,160,2024-12-05,7,215.87,0.0,1511.0900000000001,0.0,1511.0900000000001,2024,12,December,Thursday,4
5963,6,77,2024-05-03,9,68.92,0.0,620.28,0.0,620.28,2024,5,May,Friday,2
5964,3,41,2024-10-29,4,157.72,0.05,630.88,0.31544,630.56456,2024,10,October,Tuesday,4
5965,3,5,2024-01-10,6,152.79,0.15,916.74,1.37511,915.3648900000001,2024,1,January,Wednesday,1
5966,9,78,2024-08-17,3,125.42,0.05,376.26,0.18813,376.07187,2024,8,August,Saturday,3
5967,9,16,2024-12-28,1,78.24,0.25,78.24,0.1956,78.0444,2024,12,December,Saturday,4
5968,8,146,2024-01-06,10,127.32,0.05,1273.1999999999998,0.6365999999999999,1272.5633999999998,2024,1,January,Saturday,1
5969,5,8,2024-06-12,9,98.81,0.0,889.29,0.0,889.29,2024,6,June,Wednesday,2
5970,4,37,2024-11-19,3,19.91,0.0,59.730000000000004,0.0,59.730000000000004,2024,11,November,Tuesday,4
5971,7,151,2024-01-26,12,22.4,0.0,268.79999999999995,0.0,268.79999999999995,2024,1,January,Friday,1
5972,5,160,2024-09-15,2,215.87,0.0,431.74,0.0,431.74,2024,9,September,Sunday,3
5973,6,40,2024-12-08,12,21.17,0.15,254.04000000000002,0.38106,253.65894000000003,2024,12,December,Sunday,4
5974,5,106,2024-05-15,4,97.25,0.05,389.0,0.19450000000000003,388.8055,2024,5,May,Wednesday,2
5975,1,1,2024-12-22,3,38.35,0.15,115.05000000000001,0.172575,114.87742500000002,2024,12,December,Sunday,4
5976,2,83,2024-12-13,2,48.4,0.0,96.8,0.0,96.8,2024,12,December,Friday,4
5977,4,48,2024-03-12,11,43.06,0.0,473.66,0.0,473.66,2024,3,March,Tuesday,1
5978,4,6,2024-10-19,7,18.62,0.0,130.34,0.0,130.34,2024,10,October,Saturday,4
5980,9,144,2024-09-27,4,72.5,0.0,290.0,0.0,290.0,2024,9,September,Friday,3
5981,4,86,2024-11-28,9,125.76,0.0,1131.8400000000001,0.0,1131.8400000000001,2024,11,November,Thursday,4
5982,2,45,2024-08-20,11,29.94,0.0,329.34000000000003,0.0,329.34000000000003,2024,8,August,Tuesday,3
5983,8,96,2024-08-01,12,169.6,0.15,2035.1999999999998,3.0527999999999995,2032.1471999999999,2024,8,August,Thursday,3
5984,9,79,2024-12-18,2,156.97,0.0,313.94,0.0,313.94,2024,12,December,Wednesday,4
5985,7,111,2024-03-02,8,43.1,0.25,344.8,0.862,343.938,2024,3,March,Saturday,1
5986,7,68,2024-07-01,9,17.26,0.0,155.34,0.0,155.34,2024,7,July,Monday,3
5987,8,67,2024-11-09,1,107.18,0.05,107.18,0.053590000000000006,107.12641,2024,11,November,Saturday,4
5988,2,74,2024-07-06,3,77.0,0.0,231.0,0.0,231.0,2024,7,July,Saturday,3
5989,9,45,2024-01-21,4,29.94,0.0,119.76,0.0,119.76,2024,1,January,Sunday,1
5990,4,104,2024-06-01,10,246.47,0.15,2464.7,3.69705,2461.0029499999996,2024,6,June,Saturday,2
5991,2,84,2024-12-22,4,219.55,0.0,878.2,0.0,878.2,2024,12,December,Sunday,4
5992,1,154,2024-09-10,4,104.34,0.0,417.36,0.0,417.36,2024,9,September,Tuesday,3
5993,8,74,2024-03-28,5,77.0,0.25,385.0,0.9625,384.0375,2024,3,March,Thursday,1
5994,7,139,2024-01-16,10,81.1,0.05,811.0,0.4055,810.5945,2024,1,January,Tuesday,1
5995,7,139,2024-07-23,12,81.1,0.15,973.1999999999999,1.4598,971.7402,2024,7,July,Tuesday,3
5996,4,44,2024-11-22,10,260.43,0.1,2604.3,2.6043000000000003,2601.6957,2024,11,November,Friday,4
5997,3,155,2024-05-29,1,165.6,0.15,165.6,0.2484,165.3516,2024,5,May,Wednesday,2
5998,2,47,2024-06-21,7,118.87,0.1,832.09,0.83209,831.25791,2024,6,June,Friday,2
5999,9,95,2024-11-07,7,244.81,0.0,1713.67,0.0,1713.67,2024,11,November,Thursday,4
6000,5,155,2024-11-23,7,165.6,0.0,1159.2,0.0,1159.2,2024,11,November,Saturday,4
6001,6,14,2024-02-25,3,13.97,0.0,41.910000000000004,0.0,41.910000000000004,2024,2,February,Sunday,1
6002,4,45,2024-08-28,3,29.94,0.1,89.82000000000001,0.08982000000000001,89.73018,2024,8,August,Wednesday,3
6003,10,6,2024-11-28,8,18.62,0.25,148.96,0.3724,148.5876,2024,11,November,Thursday,4
6004,1,109,2024-09-03,12,204.21,0.0,2450.52,0.0,2450.52,2024,9,September,Tuesday,3
6005,7,84,2024-12-10,7,219.55,0.15,1536.8500000000001,2.305275,1534.5447250000002,2024,12,December,Tuesday,4
6006,9,169,2024-05-28,4,48.02,0.0,192.08,0.0,192.08,2024,5,May,Tuesday,2
6008,4,33,2024-07-17,11,162.49,0.05,1787.39,0.8936950000000001,1786.4963050000001,2024,7,July,Wednesday,3
6009,2,54,2024-02-13,8,241.98,0.0,1935.84,0.0,1935.84,2024,2,February,Tuesday,1
6010,9,102,2024-03-25,4,25.17,0.0,100.68,0.0,100.68,2024,3,March,Monday,1
6011,10,163,2024-12-26,12,102.16,0.0,1225.92,0.0,1225.92,2024,12,December,Thursday,4
6012,5,112,2024-12-18,12,58.1,0.0,697.2,0.0,697.2,2024,12,December,Wednesday,4
6013,4,55,2024-05-13,2,120.86,0.1,241.72,0.24172000000000002,241.47828,2024,5,May,Monday,2
6014,10,18,2024-02-27,3,204.77,0.0,614.3100000000001,0.0,614.3100000000001,2024,2,February,Tuesday,1
6015,9,104,2024-03-13,12,246.47,0.15,2957.64,4.436459999999999,2953.20354,2024,3,March,Wednesday,1
6016,4,89,2024-12-15,1,16.36,0.1,16.36,0.01636,16.34364,2024,12,December,Sunday,4
6017,6,154,2024-04-30,2,104.34,0.05,208.68,0.10434000000000002,208.57566,2024,4,April,Tuesday,2
6018,1,119,2024-12-25,5,38.1,0.0,190.5,0.0,190.5,2024,12,December,Wednesday,4
6020,7,91,2024-08-12,12,146.33,0.0,1755.96,0.0,1755.96,2024,8,August,Monday,3
6021,10,83,2024-11-29,7,48.4,0.0,338.8,0.0,338.8,2024,11,November,Friday,4
6022,1,1,2024-12-16,12,38.35,0.0,460.20000000000005,0.0,460.20000000000005,2024,12,December,Monday,4
6023,1,99,2024-12-06,1,207.07,0.05,207.07,0.103535,206.966465,2024,12,December,Friday,4
6024,10,110,2024-10-30,2,240.3,0.1,480.6,0.4806,480.11940000000004,2024,10,October,Wednesday,4
6025,9,154,2024-09-13,12,104.34,0.05,1252.08,0.62604,1251.4539599999998,2024,9,September,Friday,3
6026,7,73,2024-03-23,4,242.79,0.15,971.16,1.4567399999999997,969.70326,2024,3,March,Saturday,1
6027,9,58,2024-08-09,10,216.14,0.15,2161.3999999999996,3.2420999999999993,2158.1578999999997,2024,8,August,Friday,3
6028,7,33,2024-04-04,2,162.49,0.0,324.98,0.0,324.98,2024,4,April,Thursday,2
6029,8,30,2024-06-17,11,212.07,0.0,2332.77,0.0,2332.77,2024,6,June,Monday,2
6030,9,2,2024-09-06,10,81.57,0.05,815.6999999999999,0.40785,815.2921499999999,2024,9,September,Friday,3
6031,3,132,2024-01-24,11,133.08,0.1,1463.88,1.46388,1462.41612,2024,1,January,Wednesday,1
6032,6,100,2024-05-20,7,120.25,0.0,841.75,0.0,841.75,2024,5,May,Monday,2
6033,5,127,2024-06-27,9,51.12,0.0,460.08,0.0,460.08,2024,6,June,Thursday,2
6034,4,17,2024-11-02,12,92.08,0.0,1104.96,0.0,1104.96,2024,11,November,Saturday,4
6035,8,71,2024-07-03,11,11.55,0.15,127.05000000000001,0.19057500000000002,126.85942500000002,2024,7,July,Wednesday,3
6036,9,59,2024-01-01,5,30.25,0.0,151.25,0.0,151.25,2024,1,January,Monday,1
6037,10,160,2024-02-26,8,215.87,0.15,1726.96,2.5904399999999996,1724.36956,2024,2,February,Monday,1
6038,10,37,2024-11-05,10,19.91,0.1,199.1,0.1991,198.9009,2024,11,November,Tuesday,4
6039,10,10,2024-06-28,9,136.82,0.05,1231.3799999999999,0.61569,1230.7643099999998,2024,6,June,Friday,2
6040,6,6,2024-06-25,11,18.62,0.05,204.82000000000002,0.10241000000000001,204.71759000000003,2024,6,June,Tuesday,2
6041,3,79,2024-09-11,5,156.97,0.15,784.85,1.1772749999999998,783.672725,2024,9,September,Wednesday,3
6042,5,59,2024-02-17,10,30.25,0.0,302.5,0.0,302.5,2024,2,February,Saturday,1
6043,4,17,2024-10-28,6,92.08,0.05,552.48,0.27624000000000004,552.20376,2024,10,October,Monday,4
6044,2,87,2024-02-13,5,211.16,0.25,1055.8,2.6395,1053.1605,2024,2,February,Tuesday,1
6045,4,102,2024-06-22,2,25.17,0.0,50.34,0.0,50.34,2024,6,June,Saturday,2
6046,7,170,2024-10-26,8,8.38,0.1,67.04,0.06704,66.97296,2024,10,October,Saturday,4
6047,8,92,2024-02-19,3,96.38,0.05,289.14,0.14457,288.99543,2024,2,February,Monday,1
6048,9,26,2024-09-18,9,163.65,0.0,1472.8500000000001,0.0,1472.8500000000001,2024,9,September,Wednesday,3
6049,2,169,2024-11-14,12,48.02,0.05,576.24,0.28812,575.95188,2024,11,November,Thursday,4
6050,1,39,2024-09-18,6,112.9,0.15,677.4000000000001,1.0161000000000002,676.3839,2024,9,September,Wednesday,3
6051,8,47,2024-02-11,12,118.87,0.1,1426.44,1.4264400000000002,1425.01356,2024,2,February,Sunday,1
6052,5,82,2024-11-24,7,111.57,0.05,780.99,0.39049500000000004,780.599505,2024,11,November,Sunday,4
6053,9,7,2024-08-01,12,12.29,0.25,147.48,0.36869999999999997,147.1113,2024,8,August,Thursday,3
6054,8,59,2024-11-25,7,30.25,0.25,211.75,0.529375,211.220625,2024,11,November,Monday,4
6055,3,43,2024-12-06,8,88.26,0.15,706.08,1.05912,705.02088,2024,12,December,Friday,4
6056,4,38,2024-12-25,3,27.57,0.0,82.71000000000001,0.0,82.71000000000001,2024,12,December,Wednesday,4
6057,4,34,2024-11-27,11,99.91,0.0,1099.01,0.0,1099.01,2024,11,November,Wednesday,4
6058,7,149,2024-01-14,4,212.9,0.15,851.6,1.2773999999999999,850.3226000000001,2024,1,January,Sunday,1
6059,1,74,2024-07-08,2,77.0,0.1,154.0,0.154,153.846,2024,7,July,Monday,3
6060,5,72,2024-06-22,12,94.95,0.0,1139.4,0.0,1139.4,2024,6,June,Saturday,2
6061,2,18,2024-05-04,5,204.77,0.0,1023.85,0.0,1023.85,2024,5,May,Saturday,2
6062,3,161,2024-11-16,4,203.07,0.0,812.28,0.0,812.28,2024,11,November,Saturday,4
6063,6,84,2024-11-24,6,219.55,0.0,1317.3000000000002,0.0,1317.3000000000002,2024,11,November,Sunday,4
6064,4,144,2024-08-26,12,72.5,0.0,870.0,0.0,870.0,2024,8,August,Monday,3
6065,2,21,2024-12-15,8,89.09,0.15,712.72,1.06908,711.65092,2024,12,December,Sunday,4
6066,4,3,2024-09-16,7,91.88,0.0,643.16,0.0,643.16,2024,9,September,Monday,3
6067,1,153,2024-06-01,1,149.65,0.0,149.65,0.0,149.65,2024,6,June,Saturday,2
6068,5,71,2024-05-23,6,11.55,0.15,69.30000000000001,0.10395000000000001,69.19605000000001,2024,5,May,Thursday,2
6069,7,144,2024-09-02,1,72.5,0.15,72.5,0.10875,72.39125,2024,9,September,Monday,3
6070,10,30,2024-02-14,10,212.07,0.15,2120.7,3.1810499999999995,2117.5189499999997,2024,2,February,Wednesday,1
6071,8,14,2024-03-27,2,13.97,0.0,27.94,0.0,27.94,2024,3,March,Wednesday,1
6072,9,78,2024-11-26,9,125.42,0.15,1128.78,1.6931699999999998,1127.08683,2024,11,November,Tuesday,4
6073,9,15,2024-11-23,4,149.2,0.05,596.8,0.2984,596.5015999999999,2024,11,November,Saturday,4
6074,4,164,2024-05-23,6,78.92,0.25,473.52,1.1838,472.33619999999996,2024,5,May,Thursday,2
6075,10,68,2024-12-03,8,17.26,0.25,138.08,0.3452,137.7348,2024,12,December,Tuesday,4
6076,1,123,2024-09-21,4,108.4,0.15,433.6,0.6504000000000001,432.94960000000003,2024,9,September,Saturday,3
6077,5,154,2024-10-21,4,104.34,0.25,417.36,1.0434,416.3166,2024,10,October,Monday,4
6078,5,30,2024-11-05,9,212.07,0.05,1908.6299999999999,0.954315,1907.675685,2024,11,November,Tuesday,4
6079,8,103,2024-11-12,5,143.37,0.25,716.85,1.792125,715.057875,2024,11,November,Tuesday,4
6080,10,141,2024-09-03,7,45.08,0.25,315.56,0.7889,314.7711,2024,9,September,Tuesday,3
6081,10,71,2024-05-03,9,11.55,0.0,103.95,0.0,103.95,2024,5,May,Friday,2
6082,6,72,2024-09-03,9,94.95,0.1,854.5500000000001,0.8545500000000001,853.69545,2024,9,September,Tuesday,3
6083,10,82,2024-08-22,2,111.57,0.25,223.14,0.55785,222.58214999999998,2024,8,August,Thursday,3
6084,1,29,2024-10-08,7,128.85,0.1,901.9499999999999,0.9019499999999999,901.0480499999999,2024,10,October,Tuesday,4
6085,4,132,2024-08-24,4,133.08,0.0,532.32,0.0,532.32,2024,8,August,Saturday,3
6086,8,152,2024-11-20,5,77.49,0.05,387.45,0.19372500000000004,387.256275,2024,11,November,Wednesday,4
6087,6,52,2024-02-05,7,158.1,0.05,1106.7,0.5533500000000001,1106.1466500000001,2024,2,February,Monday,1
6088,5,102,2024-03-10,11,25.17,0.0,276.87,0.0,276.87,2024,3,March,Sunday,1
6089,5,65,2024-11-07,12,65.09,0.05,781.08,0.39054,780.68946,2024,11,November,Thursday,4
6090,7,69,2024-11-13,12,68.64,0.0,823.6800000000001,0.0,823.6800000000001,2024,11,November,Wednesday,4
