transaction_id,store_id,product_id,transaction_date,quantity_sold,unit_price,discount_pct
1,3,138,2024-12-23,11,98.66,0.05
2,2,117,2024-07-05,10,144.39,0.15
3,1,14,2024-06-26,6,13.97,0.15
4,3,156,2024-11-14,3,173.78,0.05
5,8,43,2024-09-16,7,88.26,0.1
6,6,130,2024-02-02,1,200.9,0.1
7,8,139,2024-01-02,4,81.1,0.0
8,5,111,2024-08-20,2,43.1,0.0
9,10,141,2024-12-22,7,45.08,0.05
10,2,68,2024-03-31,8,17.26,0.25
11,9,58,2024-02-03,6,216.14,0.25
12,1,22,2024-05-07,1,28.7,0.1
13,4,39,2024-09-13,8,112.9,0.0
14,9,15,2024-11-01,10,149.2,0.1
15,8,31,2024-10-25,2,110.33,0.0
16,2,134,2024-04-22,7,141.92,0.1
17,8,158,2024-09-29,5,81.38,0.0
18,1,34,2024-10-01,7,99.91,0.25
19,4,88,26/08/2024,10,106.78,0.25
20,8,32,2024-01-26,7,195.25,0.1
21,1,19,2024-10-28,8,61.27,0.0
22,8,50,2024-11-02,2,168.2,0.15
23,1,56,2024-05-28,3,91.09,0.15
24,2,125,2024-04-02,8,151.37,0.1
25,4,62,2024-04-07,2,11.77,0.1
26,1,13,2024-11-17,10,91.64,0.05
27,6,74,2024-10-15,8,77.0,0.0
28,8,33,2024-12-10,9,162.49,0.05
29,8,132,2024-12-20,12,133.08,0.15
30,1,122,2024-01-16,3,28.93,0.25
31,9,29,2024-12-04,7,128.85,0.0
32,9,28,2024-11-24,7,143.98,0.05
33,8,151,2024-09-01,2,22.4,0.0
34,8,121,2024-12-10,3,164.69,0.25
35,7,123,2024-07-26,1,108.4,0.1
36,6,149,2024-05-11,4,212.9,0.0
37,5,124,2024-03-29,4,,0.25
38,7,129,2024-10-30,11,151.03,0.0
39,4,80,2024-10-24,6,210.02,0.1
40,1,97,2024-05-25,7,51.84,0.15
41,3,57,2024-06-28,1,75.29,0.0
42,1,38,2024-05-02,5,27.57,0.0
43,8,21,2024-10-19,4,89.09,0.0
44,3,96,2024-12-23,7,169.6,0.0
45,2,148,2024-01-26,7,126.73,0.05
46,9,68,2024-02-09,7,17.26,0.05
47,6,22,2024-09-04,10,28.7,0.1
48,3,92,2024-12-06,8,96.38,0.05
49,9,83,2024-01-02,4,48.4,0.15
50,6,21,2024-02-24,10,89.09,0.05
51,2,96,2024-09-05,12,169.6,0.0
52,7,115,2024-12-26,11,212.31,0.15
53,9,23,2024-10-27,4,135.4,0.05
54,5,131,2024-06-18,1,141.63,0.0
55,4,3,2024-05-15,5,91.88,0.15
56,2,74,2024-03-16,9,77.0,0.1
57,6,50,2024-06-03,11,168.2,0.0
58,5,120,2024-11-28,8,234.32,0.05
59,5,144,2024-07-11,9,72.5,0.05
60,1,142,2024-12-03,1,36.7,0.05
61,6,118,2024-11-07,8,153.88,0.0
62,2,42,2024-09-24,-7,169.87,0.25
63,10,126,2024-07-17,10,28.64,0.25
64,10,7,2024-03-31,6,12.29,0.0
65,3,107,2024-11-24,4,9.07,0.0
66,3,104,2024-06-21,12,246.47,0.0
67,4,102,2024-09-06,6,25.17,0.15
68,9,119,2024-11-21,8,38.1,0.0
69,3,158,2024-12-27,5,81.38,0.25
70,1,24,2024-04-01,10,80.42,0.15
71,1,41,2024-03-25,10,157.72,0.0
72,3,1,2024-10-18,1,38.35,0.25
73,6,17,2024-10-09,2,92.08,0.05
74,10,80,2024-03-14,4,210.02,0.15
75,4,17,2024-03-16,10,92.08,0.1
76,5,168,2024-12-16,12,115.57,0.15
77,10,3,2024-12-07,5,91.88,0.1
78,2,128,2024-07-06,6,177.81,0.0
79,6,85,2024-08-02,9,88.45,0.15
80,4,107,2024-01-28,11,9.07,0.15
81,8,39,2024-11-21,12,112.9,0.0
82,8,43,2024-03-13,10,88.26,0.25
83,4,75,2024-11-28,5,29.49,0.05
84,4,133,2024-09-16,5,107.43,0.25
85,4,24,2024-09-03,5,80.42,0.05
86,1,167,2024-02-28,5,20.08,0.25
87,6,49,2024-08-05,11,89.67,0.15
88,3,125,2024-10-20,7,151.37,0.0
89,9,119,2024-04-26,1,38.1,0.0
90,9,75,2024-07-11,6,29.49,0.15
91,9,106,2024-12-18,10,97.25,0.15
92,4,131,2024-09-23,9,141.63,0.0
93,4,64,2024-08-20,4,54.54,0.15
94,10,149,2024-07-02,9,212.9,0.0
95,7,157,2024-06-24,12,147.67,0.1
96,3,116,2024-09-07,4,182.63,0.0
97,3,126,2024-09-03,12,,0.0
98,9,161,2024-09-09,1,203.07,0.0
99,10,130,2024-06-12,12,200.9,0.0
100,4,76,2024-05-12,-5,150.97,0.0
101,6,158,2024-07-21,9,81.38,0.15
102,9,153,2024-07-10,5,149.65,0.0
103,4,26,2024-10-11,4,163.65,0.0
104,5,134,2024-05-29,12,141.92,0.0
105,9,62,2024-12-24,5,11.77,0.0
106,2,131,2024-08-21,3,141.63,0.0
107,6,12,2024-06-04,10,105.87,0.15
108,6,22,2024-11-24,2,28.7,0.1
109,9,104,2024-05-16,9,246.47,0.0
110,5,128,2024-11-27,6,177.81,0.15
111,10,41,2024-02-03,11,157.72,0.05
112,6,98,2024-12-17,2,93.24,0.15
113,3,109,2024-05-19,6,204.21,0.0
114,5,129,19/08/2024,3,151.03,0.05
115,8,116,2024-07-20,3,182.63,0.05
116,1,65,2024-09-06,5,65.09,0.0
117,4,131,2024-10-03,9,141.63,0.15
118,7,95,2024-05-16,2,244.81,0.1
119,10,159,2024-07-13,9,51.69,0.0
120,2,5,2024-11-29,10,152.79,0.0
121,9,30,2024-04-03,2,212.07,0.0
122,3,38,2024-01-15,6,27.57,0.0
123,10,75,2024-03-04,9,29.49,0.15
124,7,25,2024-04-29,3,179.28,0.05
125,3,61,2024-04-06,9,24.26,0.0
126,1,48,2024-04-02,11,43.06,0.0
127,7,162,2024-03-21,2,125.27,0.05
128,1,11,2024-04-27,9,117.42,0.15
129,9,50,2024-08-21,1,168.2,0.05
130,10,78,2024-11-02,-4,125.42,0.05
131,8,91,2024-09-09,12,146.33,0.15
132,2,6,2024-01-14,10,18.62,0.25
133,7,78,2024-04-15,9,125.42,0.25
134,9,159,17/08/2024,3,51.69,0.0
135,1,83,2024-11-19,7,48.4,0.0
136,7,86,2024-08-05,7,125.76,0.15
137,4,52,2024-12-13,10,158.1,0.0
138,1,83,2024-12-22,3,48.4,0.0
139,7,86,2024-12-01,12,125.76,0.15
140,1,4,18/11/2024,6,167.47,0.0
141,4,148,2024-12-13,7,126.73,0.0
142,7,5,2024-10-09,5,152.79,0.0
143,6,76,2024-12-12,7,150.97,0.1
144,9,94,2024-09-14,11,179.27,0.05
145,8,132,2024-12-23,9,133.08,0.1
146,8,34,2024-12-03,6,99.91,0.0
147,10,126,2024-11-20,6,28.64,0.25
148,2,105,2024-04-10,2,136.88,0.0
149,10,85,2024-06-19,2,88.45,0.0
150,7,4,2024-11-26,6,167.47,0.25
151,8,158,2024-12-10,4,81.38,0.0
152,5,137,2024-12-09,7,165.65,0.05
153,9,77,2024-08-29,1,68.92,0.15
154,10,32,2024-10-19,10,195.25,0.0
155,8,165,2024-02-19,10,56.11,0.05
156,9,115,2024-01-27,1,212.31,0.1
157,9,53,2024-05-04,9,131.05,0.0
158,5,28,13/12/2024,2,143.98,0.1
159,3,31,2024-12-18,10,110.33,0.0
160,3,130,2024-11-22,-8,200.9,0.0
161,8,126,2024-05-13,9,28.64,0.25
162,10,111,2024-04-20,5,43.1,0.25
163,7,83,2024-06-06,9,48.4,0.1
164,4,24,2024-04-03,6,80.42,0.0
165,9,159,2024-03-15,6,51.69,0.05
166,10,34,2024-07-20,8,99.91,0.15
167,7,80,2024-01-10,1,210.02,0.0
168,8,158,2024-07-13,10,81.38,0.0
169,8,35,2024-03-22,6,8.64,0.05
170,1,112,2024-10-03,9,58.1,0.05
171,7,102,09/09/2024,8,25.17,0.1
172,7,166,2024-12-25,5,44.53,0.1
173,7,143,2024-11-26,2,233.86,0.0
174,8,69,2024-10-11,1,68.64,0.05
175,9,170,2024-04-04,1,8.38,0.0
176,9,83,2024-11-02,4,48.4,0.15
177,4,79,2024-09-09,12,156.97,0.0
178,8,1,2024-08-16,9,38.35,0.0
179,9,79,2024-07-21,12,156.97,0.05
180,3,121,2024-11-17,10,164.69,0.05
181,2,69,2024-11-08,12,68.64,0.0
182,5,129,2024-04-28,4,151.03,0.05
183,10,30,2024-01-12,7,212.07,0.25
184,9,89,2024-03-31,6,16.36,0.0
185,1,6,2024-10-24,7,18.62,0.0
186,1,54,2024-11-03,8,241.98,0.05
187,8,91,2024-11-07,9,146.33,0.05
188,4,37,2024-10-17,4,19.91,0.1
189,6,9,2024-11-14,3,100.29,0.1
190,7,144,2024-04-20,3,72.5,0.25
191,5,125,2024-01-22,5,151.37,0.0
192,9,148,2024-05-08,9,126.73,0.0
193,1,67,2024-02-22,4,107.18,0.1
194,8,11,2024-06-14,11,117.42,0.0
195,3,100,2024-10-04,11,120.25,0.1
196,3,20,2024-06-10,8,150.34,0.15
197,4,14,2024-12-23,8,13.97,0.15
198,10,13,2024-11-21,5,91.64,0.0
199,9,68,2024-10-20,10,17.26,0.0
200,8,60,2024-11-29,1,27.88,0.0
201,7,119,23/06/2024,9,38.1,0.0
202,3,9,2024-10-19,10,100.29,0.0
203,5,45,2024-03-13,8,29.94,0.15
204,8,123,2024-04-09,6,108.4,0.25
205,4,109,2024-10-06,5,204.21,0.0
206,1,168,2024-01-09,3,115.57,0.0
207,8,163,2024-06-23,1,102.16,0.1
208,5,148,2024-08-29,8,126.73,0.05
209,8,150,2024-03-02,4,89.35,0.0
210,9,33,2024-05-08,10,162.49,0.05
211,1,58,2024-05-26,12,216.14,0.15
212,5,78,2024-02-06,10,125.42,0.25
213,9,163,2024-12-29,8,102.16,0.0
214,4,91,2024-08-08,1,146.33,0.0
215,4,144,2024-05-13,4,72.5,0.05
216,10,87,2024-04-24,11,211.16,0.25
217,4,131,2024-04-21,12,141.63,0.0
218,4,74,2024-10-26,9,77.0,0.0
219,4,67,2024-02-29,5,107.18,0.05
220,10,114,2024-04-17,12,137.91,0.25
221,9,10,2024-12-18,2,136.82,0.0
222,5,142,2024-11-11,3,36.7,0.05
223,9,10,2024-06-30,5,136.82,0.25
224,8,138,2024-09-04,8,98.66,0.0
225,7,160,16/02/2024,10,215.87,0.0
226,9,62,2024-07-05,5,11.77,0.0
227,7,30,2024-12-09,7,212.07,0.0
228,5,16,2024-01-08,9,78.24,0.0
229,2,106,2024-12-28,10,97.25,0.05
230,6,132,2024-06-20,3,133.08,0.0
231,3,64,2024-05-12,2,54.54,0.0
232,2,113,2024-12-21,4,114.72,0.0
233,2,11,2024-06-09,9,117.42,0.1
234,3,123,2024-04-04,8,108.4,0.0
235,4,8,2024-09-01,5,98.81,0.0
236,5,83,2024-04-09,7,48.4,0.0
237,1,23,2024-12-18,12,135.4,0.05
238,3,111,2024-03-16,1,43.1,0.15
239,8,148,2024-12-01,11,126.73,0.25
240,3,34,2024-12-28,7,99.91,0.0
241,3,163,2024-12-10,5,102.16,0.05
242,6,159,2024-07-25,7,51.69,0.0
243,7,144,2024-06-14,3,72.5,0.1
244,1,8,2024-01-05,8,98.81,0.0
245,7,93,2024-01-10,1,187.19,0.1
246,8,104,2024-04-04,10,246.47,0.05
247,1,159,2024-04-03,2,51.69,0.25
248,10,104,2024-11-01,4,246.47,0.0
249,6,107,2024-10-14,1,9.07,0.0
250,7,144,2024-07-30,1,72.5,0.0
251,8,64,2024-12-21,6,54.54,0.0
252,4,137,2024-01-26,11,165.65,0.0
253,5,110,2024-10-20,10,240.3,0.0
254,2,169,2024-09-18,3,48.02,0.1
255,8,25,2024-11-10,9,179.28,0.25
256,9,50,2024-05-20,9,168.2,0.0
257,7,96,2024-10-07,2,169.6,0.15
258,5,48,2024-12-17,2,43.06,0.0
259,10,104,2024-03-06,7,246.47,0.25
260,3,150,2024-11-20,11,89.35,0.25
261,2,154,2024-05-10,10,104.34,0.05
262,1,89,2024-11-14,5,16.36,0.0
263,6,9,2024-06-28,12,100.29,0.25
264,8,115,2024-04-16,10,212.31,0.15
265,5,96,2024-03-02,8,169.6,0.0
266,3,28,2024-10-14,10,,0.15
267,3,139,2024-07-05,3,81.1,0.25
268,9,93,2024-04-23,8,187.19,0.0
269,7,110,2024-09-18,12,240.3,0.05
270,5,118,2024-11-01,12,153.88,0.1
271,7,145,2024-04-01,12,33.88,0.0
272,8,64,2024-02-21,10,54.54,0.25
273,10,62,2024-10-11,6,11.77,0.25
274,10,124,2024-05-30,5,19.68,0.25
275,1,111,2024-05-20,6,43.1,0.25
276,9,95,2024-11-14,12,244.81,0.25
277,3,1,2024-12-16,10,38.35,0.0
278,6,131,2024-04-03,7,141.63,0.0
279,1,16,2024-11-23,12,78.24,0.1
280,4,92,2024-11-23,10,96.38,0.0
281,8,74,2024-01-15,5,77.0,0.0
282,2,2,2024-09-18,12,81.57,0.25
283,4,115,22/02/2024,6,212.31,0.25
284,5,48,2024-09-28,2,43.06,0.0
285,5,29,2024-11-15,3,128.85,0.25
286,7,98,2024-07-30,2,93.24,0.1
287,7,102,2024-12-02,4,25.17,0.25
288,6,102,2024-03-15,5,25.17,0.25
289,10,21,2024-12-22,10,89.09,0.1
290,8,19,2024-12-03,3,61.27,0.0
291,2,23,2024-09-14,5,135.4,0.1
292,7,78,2024-09-22,11,125.42,0.05
293,3,9,2024-01-29,7,100.29,0.1
294,5,143,2024-03-11,4,233.86,0.0
295,6,108,2024-04-28,4,151.96,0.0
296,6,101,2024-12-28,8,131.65,0.0
297,6,12,2024-11-14,8,105.87,0.1
298,8,123,2024-12-24,7,108.4,0.1
299,1,45,2024-12-12,8,29.94,0.15
300,8,145,2024-12-19,2,33.88,0.05
301,9,64,2024-02-07,10,54.54,0.0
302,10,134,2024-07-12,10,141.92,0.0
303,10,117,2024-02-22,7,144.39,0.1
304,9,152,2024-12-03,12,77.49,0.0
305,5,116,2024-09-07,5,182.63,0.25
306,6,36,2024-11-16,11,31.45,0.0
307,2,48,2024-08-19,2,43.06,0.1
308,4,117,2024-03-23,4,144.39,0.25
309,5,80,2024-07-02,11,210.02,0.0
310,9,62,2024-11-15,1,11.77,0.0
311,2,157,08/10/2024,11,147.67,0.05
312,4,128,2024-11-26,7,177.81,0.0
313,2,118,2024-07-28,12,153.88,0.1
314,9,20,2024-10-25,1,150.34,0.1
315,10,9,2024-05-17,12,100.29,0.25
316,5,70,2024-01-23,6,149.07,0.1
317,8,58,2024-11-11,10,216.14,0.0
318,6,166,2024-01-16,7,44.53,0.25
319,2,5,2024-03-25,2,152.79,0.05
320,7,135,2024-11-06,3,198.75,0.0
321,6,56,2024-07-24,7,91.09,0.05
322,7,101,2024-09-09,4,131.65,0.0
323,1,107,2024-11-01,5,9.07,0.0
324,4,104,2024-01-10,3,246.47,0.0
325,2,38,2024-06-20,7,27.57,0.0
326,1,156,2024-07-10,2,173.78,0.0
327,10,2,2024-10-14,12,81.57,0.1
328,9,39,2024-06-06,10,112.9,0.05
329,1,53,2024-06-12,11,131.05,0.25
330,3,120,2024-01-25,11,234.32,0.0
331,2,144,2024-12-12,1,72.5,0.0
332,1,30,2024-11-17,1,212.07,0.25
333,3,151,2024-01-25,3,22.4,0.0
334,2,36,2024-01-20,-12,31.45,0.0
335,1,162,2024-05-27,3,125.27,0.05
336,1,124,2024-09-07,9,19.68,0.1
337,9,132,2024-09-27,2,133.08,0.05
338,3,144,2024-01-05,5,72.5,0.0
339,1,139,2024-07-20,8,81.1,0.25
340,3,66,2024-09-23,6,254.58,0.15
341,10,115,2024-02-04,7,212.31,0.0
342,9,126,2024-03-07,3,28.64,0.0
343,3,6,2024-11-17,10,18.62,0.0
344,8,94,2024-08-29,7,179.27,0.15
345,7,128,2024-07-27,9,177.81,0.0
346,7,33,2024-01-03,6,162.49,0.0
347,4,148,2024-11-28,9,126.73,0.0
348,5,30,2024-11-28,11,212.07,0.0
349,3,121,2024-05-29,7,164.69,0.0
350,10,10,2024-01-02,2,136.82,0.25
351,4,159,2024-01-27,6,51.69,0.0
352,6,164,2024-11-20,7,78.92,0.25
353,4,18,2024-02-21,4,204.77,0.15
354,1,57,2024-09-01,7,75.29,0.1
355,3,47,2024-03-30,12,118.87,0.15
356,4,68,2024-03-22,10,17.26,0.25
357,9,62,2024-06-18,12,11.77,0.0
358,3,169,2024-02-07,11,48.02,0.0
359,4,90,2024-07-24,7,98.0,0.0
360,2,20,2024-08-20,10,150.34,0.0
361,6,96,2024-03-11,4,169.6,0.05
362,5,65,2024-08-31,2,65.09,0.05
363,7,126,2024-12-11,10,28.64,0.0
364,4,154,2024-12-24,11,104.34,0.1
365,8,90,2024-02-04,1,98.0,0.25
366,2,138,2024-06-23,4,98.66,0.25
367,6,106,2024-08-18,11,97.25,0.0
368,4,13,2024-08-05,3,91.64,0.0
369,2,163,2024-10-26,8,102.16,0.15
370,1,85,2024-08-26,6,88.45,0.1
371,5,44,2024-07-11,4,260.43,0.0
372,3,14,2024-07-06,9,13.97,0.15
373,9,54,2024-12-03,12,241.98,0.0
374,4,137,2024-11-18,1,165.65,0.0
375,6,45,2024-12-21,8,29.94,0.25
376,7,104,2024-01-19,2,246.47,0.1
377,10,48,2024-08-06,4,43.06,0.15
378,7,99,2024-11-14,9,207.07,0.0
379,8,20,2024-04-30,4,150.34,0.0
380,9,60,2024-07-14,9,27.88,0.05
381,7,136,2024-02-03,7,182.39,0.0
382,1,30,2024-10-22,9,212.07,0.25
383,9,78,2024-09-04,1,125.42,0.0
384,1,22,2024-11-22,4,28.7,0.0
385,8,131,2024-12-24,10,141.63,0.25
386,5,70,2024-02-08,6,149.07,0.0
387,9,155,2024-10-31,5,165.6,0.25
388,5,36,2024-01-15,3,31.45,0.1
389,6,25,2024-12-01,5,179.28,0.05
390,4,39,2024-02-22,2,112.9,0.1
391,5,81,2024-11-13,10,39.73,0.0
392,7,44,09/04/2024,3,260.43,0.1
393,9,56,2024-12-19,7,91.09,0.25
394,6,3,2024-01-25,4,91.88,0.0
395,4,65,2024-11-15,1,65.09,0.0
396,7,136,17/12/2024,9,182.39,0.0
397,3,132,2024-12-12,12,133.08,0.1
398,6,147,2024-01-03,6,159.14,0.25
399,6,5,2024-08-17,11,152.79,0.1
400,2,5,2024-02-04,9,152.79,0.25
401,7,70,2024-09-03,1,149.07,0.0
402,4,61,2024-02-07,8,,0.0
403,5,30,27/10/2024,7,212.07,0.25
404,1,10,2024-03-21,10,136.82,0.05
405,7,37,2024-11-24,3,19.91,0.0
406,10,44,2024-04-23,10,260.43,0.0
407,10,141,2024-03-26,9,45.08,0.15
408,8,167,2024-03-13,6,20.08,0.05
409,6,170,2024-09-11,5,8.38,0.15
410,1,163,2024-03-22,12,102.16,0.0
411,1,56,2024-04-26,11,91.09,0.0
412,9,38,2024-09-24,1,27.57,0.15
413,10,40,2024-08-24,2,21.17,0.15
414,8,67,2024-03-28,11,107.18,0.1
415,7,144,2024-11-14,7,72.5,0.0
416,5,26,2024-07-07,8,163.65,0.15
417,4,118,2024-02-07,4,153.88,0.0
418,4,55,2024-11-20,5,120.86,0.0
419,10,101,2024-11-03,5,131.65,0.1
420,3,34,2024-01-20,2,99.91,0.1
421,3,76,23/07/2024,4,150.97,0.0
422,4,21,2024-08-18,2,89.09,0.1
423,9,91,2024-03-03,9,146.33,0.05
424,3,152,2024-12-01,11,77.49,0.0
425,6,98,2024-12-10,2,93.24,0.15
426,4,54,2024-11-26,2,241.98,0.05
427,10,63,2024-08-25,4,110.07,0.0
428,6,24,2024-04-04,10,80.42,0.05
429,1,114,2024-06-23,2,137.91,0.0
430,10,142,2024-09-15,7,36.7,0.25
431,5,66,2024-12-01,4,254.58,0.15
432,5,22,2024-08-07,11,28.7,0.1
433,10,119,2024-11-10,5,38.1,0.25
434,4,106,2024-11-20,3,97.25,0.1
435,7,55,2024-12-23,6,120.86,0.1
436,9,124,2024-07-13,7,19.68,0.0
437,4,146,2024-05-12,8,127.32,0.0
438,6,141,2024-06-05,4,45.08,0.0
439,5,38,2024-04-21,7,,0.0
440,4,170,2024-11-13,1,8.38,0.0
441,2,148,2024-10-23,6,126.73,0.1
442,5,13,2024-02-14,9,91.64,0.1
443,1,19,2024-11-28,8,61.27,0.1
444,4,68,2024-12-24,11,17.26,0.05
445,9,146,2024-11-08,11,127.32,0.25
446,3,136,2024-07-11,8,182.39,0.0
447,5,108,2024-12-22,2,151.96,0.15
448,1,90,2024-09-16,7,98.0,0.0
449,5,169,2024-12-21,6,48.02,0.0
450,2,94,2024-05-27,7,179.27,0.15
451,6,37,2024-01-04,2,19.91,0.25
452,10,108,2024-11-10,8,151.96,0.15
453,4,129,2024-09-24,11,151.03,0.0
454,6,158,2024-03-31,7,81.38,0.0
455,5,158,2024-07-02,7,81.38,0.25
456,2,79,2024-06-16,2,156.97,0.0
457,9,96,2024-10-14,5,169.6,0.1
458,10,143,2024-09-11,6,233.86,0.1
459,2,55,2024-07-05,6,120.86,0.1
460,9,54,2024-04-24,4,241.98,0.0
461,2,10,2024-09-02,1,136.82,0.0
462,9,164,2024-05-21,12,78.92,0.0
463,3,76,2024-12-22,6,150.97,0.25
464,8,168,2024-04-02,8,115.57,0.0
465,7,89,2024-07-10,-10,16.36,0.25
466,8,33,2024-09-10,12,162.49,0.05
467,6,137,2024-10-08,6,165.65,0.0
468,9,14,2024-12-12,2,13.97,0.15
469,8,148,2024-08-20,7,126.73,0.0
470,9,60,2024-05-01,2,27.88,0.1
471,6,152,2024-04-15,2,77.49,0.05
472,5,57,2024-12-11,6,75.29,0.1
473,1,91,2024-11-05,12,146.33,0.0
474,8,44,2024-08-10,2,260.43,0.0
475,10,168,23/11/2024,10,115.57,0.1
476,1,40,2024-12-15,5,21.17,0.05
477,9,129,2024-09-20,12,151.03,0.0
478,3,42,2024-12-16,4,169.87,0.0
479,9,118,2024-12-13,6,153.88,0.25
480,7,60,2024-02-18,10,27.88,0.0
481,9,68,2024-10-10,8,,0.0
482,3,50,2024-11-17,6,168.2,0.0
483,7,95,2024-12-01,5,244.81,0.1
484,3,113,2024-08-12,1,114.72,0.05
485,4,114,2024-05-01,8,137.91,0.1
486,7,97,2024-02-09,7,51.84,0.15
487,9,73,2024-05-26,4,242.79,0.0
488,2,95,2024-08-27,2,244.81,0.0
489,8,62,2024-08-11,6,11.77,0.0
490,5,149,2024-11-01,3,212.9,0.0
491,9,51,2024-07-05,11,160.16,0.05
492,10,37,2024-05-24,-12,19.91,0.1
493,1,126,2024-06-18,3,28.64,0.0
494,9,1,2024-03-25,2,38.35,0.0
495,9,119,2024-04-09,1,38.1,0.15
496,7,9,2024-06-10,8,100.29,0.0
497,7,121,2024-05-17,7,164.69,0.0
498,7,11,2024-01-22,10,117.42,0.25
499,8,136,2024-06-30,2,182.39,0.0
500,6,54,2024-05-10,3,241.98,0.05
501,10,117,2024-03-20,1,144.39,0.1
502,5,26,2024-01-07,5,163.65,0.0
503,3,134,2024-06-04,9,141.92,0.0
504,6,153,2024-12-02,9,149.65,0.0
505,6,78,2024-10-20,12,125.42,0.0
506,8,77,2024-08-26,2,68.92,0.15
507,3,145,2024-01-02,6,33.88,0.0
508,1,37,2024-06-21,2,19.91,0.25
509,7,70,2024-03-15,4,149.07,0.05
510,1,120,2024-12-22,10,234.32,0.1
511,6,133,2024-03-31,5,107.43,0.25
512,6,105,2024-09-05,3,136.88,0.0
513,3,28,2024-01-29,4,143.98,0.15
514,2,122,2024-04-20,9,28.93,0.15
515,6,26,2024-10-30,1,163.65,0.05
516,3,6,2024-11-22,7,18.62,0.0
517,10,24,2024-06-05,9,80.42,0.0
518,3,149,2024-12-10,12,212.9,0.0
519,7,15,2024-11-10,7,149.2,0.0
520,9,6,2024-04-09,6,18.62,0.05
521,5,70,2024-04-03,11,149.07,0.0
522,7,77,2024-06-09,11,68.92,0.0
523,8,29,2024-07-25,2,128.85,0.25
524,3,147,2024-01-14,12,159.14,0.1
525,6,100,2024-12-05,8,120.25,0.15
526,2,98,2024-12-18,10,93.24,0.0
527,1,46,2024-11-02,10,46.4,0.25
528,2,32,2024-01-01,5,195.25,0.1
529,2,67,2024-06-01,9,107.18,0.1
530,9,162,2024-02-25,2,125.27,0.1
531,7,87,20/12/2024,10,211.16,0.0
532,1,2,2024-07-30,3,81.57,0.15
533,10,103,2024-02-10,6,143.37,0.1
534,6,70,2024-03-09,7,149.07,0.0
535,5,147,2024-06-22,3,159.14,0.25
536,3,71,2024-08-22,3,11.55,0.05
537,4,141,2024-07-16,11,45.08,0.0
538,9,51,2024-04-02,12,160.16,0.05
539,2,26,2024-08-12,4,163.65,0.25
540,6,119,2024-11-10,11,38.1,0.1
541,10,56,2024-01-27,10,91.09,0.25
542,8,76,2024-07-28,1,150.97,0.0
543,6,61,2024-05-28,1,24.26,0.0
544,4,133,2024-08-23,5,107.43,0.15
545,1,14,2024-09-09,10,13.97,0.0
546,5,33,2024-12-11,11,162.49,0.1
547,8,7,2024-12-26,7,12.29,0.0
548,2,68,2024-11-25,6,17.26,0.05
549,9,71,2024-10-30,9,11.55,0.0
550,6,146,2024-12-04,1,127.32,0.0
551,1,154,2024-03-11,2,104.34,0.0
552,2,25,2024-11-18,2,179.28,0.0
553,9,152,2024-12-06,12,77.49,0.15
554,2,157,2024-09-09,5,147.67,0.0
555,5,115,2024-08-29,1,212.31,0.1
556,2,90,2024-10-06,4,98.0,0.25
557,4,107,2024-11-01,5,9.07,0.0
558,2,13,2024-08-20,7,91.64,0.0
559,7,37,2024-08-11,8,19.91,0.0
560,9,106,2024-05-12,8,97.25,0.0
561,8,41,17/12/2024,6,157.72,0.15
562,7,170,2024-11-23,1,8.38,0.0
563,5,132,23/08/2024,12,133.08,0.0
564,7,73,2024-02-24,4,242.79,0.1
565,3,59,2024-11-09,3,30.25,0.25
566,7,58,2024-02-10,10,216.14,0.05
567,1,25,2024-04-15,12,179.28,0.1
568,8,141,2024-01-08,7,45.08,0.1
569,7,122,2024-12-28,3,28.93,0.05
570,1,123,2024-10-13,6,108.4,0.0
571,5,52,16/09/2024,4,158.1,0.25
572,3,119,2024-03-15,6,,0.25
573,1,22,2024-08-14,9,28.7,0.0
574,8,128,2024-04-04,4,177.81,0.0
575,8,87,2024-12-02,2,211.16,0.25
576,10,77,2024-06-23,8,68.92,0.25
577,5,115,2024-02-16,11,212.31,0.0
578,5,4,2024-05-28,6,167.47,0.0
579,5,111,2024-04-10,6,43.1,0.1
580,5,9,2024-02-10,3,100.29,0.0
581,5,146,2024-12-25,12,127.32,0.0
582,9,110,2024-11-02,1,240.3,0.05
583,10,39,2024-06-03,8,112.9,0.05
584,8,125,2024-12-28,4,151.37,0.15
585,1,32,2024-12-02,7,195.25,0.05
586,1,102,2024-02-09,10,25.17,0.1
587,8,121,2024-12-21,3,164.69,0.0
588,6,7,2024-05-18,2,12.29,0.1
589,2,55,2024-04-16,3,120.86,0.25
590,2,53,2024-10-17,12,131.05,0.05
591,9,94,2024-01-26,12,179.27,0.0
592,10,125,2024-09-02,12,151.37,0.25
593,10,77,2024-12-01,5,68.92,0.25
594,4,123,2024-05-16,10,108.4,0.1
595,7,60,2024-12-23,12,,0.25
596,7,14,2024-07-04,9,13.97,0.0
597,10,81,2024-08-17,1,39.73,0.15
598,7,31,2024-11-28,8,110.33,0.1
599,2,51,2024-01-14,8,160.16,0.1
600,4,122,2024-08-14,2,28.93,0.15
601,10,40,2024-06-02,9,21.17,0.1
602,6,156,2024-12-14,5,173.78,0.0
603,9,11,2024-07-14,10,117.42,0.25
604,8,24,2024-01-16,6,80.42,0.0
605,5,61,2024-03-19,10,24.26,0.0
606,5,7,2024-12-14,5,12.29,0.05
607,3,80,2024-09-15,9,210.02,0.1
608,2,100,2024-01-28,6,120.25,0.0
609,6,79,2024-05-04,12,156.97,0.05
610,1,119,2024-08-18,3,38.1,0.15
611,5,36,2024-05-28,6,31.45,0.25
612,8,121,2024-11-20,9,164.69,0.05
613,9,97,2024-11-28,11,51.84,0.15
614,3,151,16/09/2024,11,22.4,0.1
615,10,37,2024-05-23,10,19.91,0.25
616,3,146,2024-06-26,5,127.32,0.0
617,5,106,2024-11-18,12,97.25,0.1
618,10,99,2024-11-11,7,207.07,0.0
619,1,52,2024-07-08,2,158.1,0.05
620,7,120,2024-11-27,11,234.32,0.15
621,7,44,2024-09-15,3,260.43,0.1
622,7,72,29/02/2024,11,94.95,0.05
623,4,38,2024-06-11,2,27.57,0.05
624,4,85,2024-01-31,1,88.45,0.15
625,1,132,2024-12-04,4,133.08,0.1
626,7,3,2024-07-27,11,91.88,0.25
627,7,120,2024-01-27,2,234.32,0.0
628,7,101,2024-02-29,4,131.65,0.15
629,2,161,2024-09-30,9,203.07,0.15
630,3,166,2024-01-31,1,44.53,0.05
631,1,135,2024-12-28,5,198.75,0.15
632,4,40,2024-03-23,10,21.17,0.05
633,4,133,2024-03-11,2,107.43,0.0
634,2,20,2024-12-04,3,150.34,0.0
635,5,65,2024-08-13,10,65.09,0.0
636,1,31,2024-02-28,2,110.33,0.25
637,5,126,2024-12-25,7,28.64,0.15
638,9,157,2024-11-07,4,147.67,0.0
639,4,122,2024-10-18,8,28.93,0.0
640,10,82,2024-07-20,9,111.57,0.0
641,9,59,2024-08-16,12,30.25,0.0
642,7,101,2024-07-03,6,131.65,0.05
643,5,116,2024-12-12,6,182.63,0.0
644,6,10,2024-12-20,10,136.82,0.0
645,5,132,2024-08-02,8,133.08,0.25
646,6,38,2024-12-17,7,27.57,0.0
647,10,115,2024-10-17,1,212.31,0.0
648,6,67,2024-05-19,3,107.18,0.0
649,5,108,2024-10-29,7,151.96,0.1
650,10,47,2024-08-06,8,118.87,0.0
651,3,5,2024-02-03,10,152.79,0.15
652,8,24,2024-12-07,2,80.42,0.0
653,3,43,2024-09-09,1,88.26,0.1
654,7,22,2024-05-05,12,28.7,0.25
655,1,31,2024-12-18,12,110.33,0.0
656,3,133,2024-07-07,3,107.43,0.0
657,3,168,2024-01-20,2,115.57,0.15
658,2,168,2024-12-10,9,115.57,0.15
659,7,41,2024-03-09,8,157.72,0.0
660,5,91,2024-04-20,4,146.33,0.05
661,5,129,2024-05-27,11,151.03,0.0
662,5,40,2024-05-14,2,21.17,0.05
663,8,1,2024-04-21,3,38.35,0.15
664,9,156,2024-10-21,1,173.78,0.05
665,9,29,2024-04-07,10,128.85,0.0
666,3,134,2024-02-16,12,141.92,0.05
667,2,70,2024-12-27,5,149.07,0.0
668,5,77,2024-07-24,3,68.92,0.0
669,9,158,2024-11-08,3,81.38,0.0
670,6,67,2024-02-25,10,107.18,0.0
671,1,18,2024-07-07,10,204.77,0.05
672,4,113,2024-04-19,-11,114.72,0.0
673,9,152,2024-05-28,6,77.49,0.0
674,5,47,2024-11-02,3,118.87,0.25
675,6,17,2024-03-08,3,92.08,0.0
676,4,51,2024-08-08,6,160.16,0.0
677,8,156,2024-03-15,6,173.78,0.05
678,2,112,2024-02-05,11,58.1,0.0
679,4,7,2024-09-28,1,12.29,0.0
680,8,30,2024-11-18,2,212.07,0.15
681,4,24,2024-11-06,10,80.42,0.25
682,1,78,2024-08-14,1,125.42,0.0
683,6,78,2024-10-04,7,125.42,0.05
684,1,128,2024-02-27,11,177.81,0.0
685,8,128,2024-03-04,5,177.81,0.0
686,10,163,2024-09-10,2,102.16,0.1
687,9,15,12/01/2024,5,149.2,0.05
688,7,143,2024-06-06,12,233.86,0.15
689,2,100,2024-03-13,2,120.25,0.05
690,3,163,2024-09-20,4,102.16,0.1
691,9,170,2024-07-03,12,8.38,0.0
692,4,66,2024-02-01,7,254.58,0.0
693,7,18,04/09/2024,7,204.77,0.15
694,9,39,2024-02-16,3,112.9,0.05
695,5,104,2024-05-18,11,246.47,0.0
696,4,97,2024-04-26,7,51.84,0.1
697,3,6,2024-11-03,-1,18.62,0.1
698,8,45,2024-01-04,2,,0.05
699,3,113,2024-09-05,6,114.72,0.15
700,9,170,2024-09-20,10,8.38,0.0
701,2,104,2024-03-26,9,246.47,0.0
702,7,98,2024-05-12,2,93.24,0.0
703,6,107,2024-10-01,3,9.07,0.0
704,5,36,2024-03-12,1,,0.0
705,7,108,2024-11-28,3,151.96,0.05
706,10,51,2024-01-17,8,160.16,0.0
707,1,66,2024-10-04,6,254.58,0.0
708,9,93,2024-11-15,8,187.19,0.0
709,9,78,2024-12-02,10,125.42,0.1
710,7,147,2024-11-24,3,159.14,0.05
711,8,61,2024-02-15,10,24.26,0.15
712,4,77,2024-06-13,12,68.92,0.25
713,4,23,2024-03-13,4,135.4,0.0
714,6,52,2024-09-11,11,158.1,0.0
715,2,163,2024-04-04,3,102.16,0.0
716,8,97,2024-02-22,8,51.84,0.0
717,8,48,2024-03-25,12,43.06,0.0
718,5,32,2024-11-29,6,195.25,0.25
719,5,45,2024-10-25,9,29.94,0.25
720,6,14,2024-07-30,12,13.97,0.15
721,7,121,2024-02-16,10,164.69,0.0
722,10,77,30/08/2024,2,68.92,0.15
723,3,158,2024-07-11,4,81.38,0.05
724,7,145,2024-11-06,7,33.88,0.1
725,3,151,2024-11-30,11,22.4,0.1
726,8,105,2024-01-19,7,136.88,0.0
727,3,24,2024-06-25,11,80.42,0.1
728,10,5,17/05/2024,5,152.79,0.05
729,1,48,2024-01-26,1,43.06,0.25
730,8,83,2024-02-01,3,48.4,0.0
731,5,138,2024-12-12,3,98.66,0.0
732,8,102,2024-12-02,11,25.17,0.0
733,3,45,2024-01-31,12,29.94,0.15
734,7,153,2024-01-31,1,149.65,0.0
735,5,61,2024-07-09,7,24.26,0.0
736,3,123,2024-08-30,11,108.4,0.05
737,5,47,2024-10-26,-4,118.87,0.0
738,8,36,2024-07-25,5,31.45,0.0
739,9,17,2024-08-21,7,92.08,0.1
740,10,47,2024-12-25,8,118.87,0.0
741,8,102,2024-11-07,6,25.17,0.15
742,10,86,2024-02-24,3,125.76,0.0
743,10,159,2024-10-17,8,51.69,0.0
744,4,122,2024-08-29,12,28.93,0.05
745,3,10,2024-01-06,5,136.82,0.0
746,6,25,2024-12-06,12,179.28,0.15
747,3,152,2024-11-11,12,77.49,0.0
748,8,21,2024-12-11,1,89.09,0.25
749,7,112,2024-11-05,4,58.1,0.0
750,7,47,2024-10-31,-10,118.87,0.1
751,3,163,2024-10-11,10,102.16,0.25
752,3,76,2024-01-21,9,150.97,0.05
753,3,81,2024-03-16,5,39.73,0.1
754,3,56,2024-08-01,1,91.09,0.0
755,8,115,2024-08-18,1,212.31,0.0
756,1,119,2024-11-13,1,38.1,0.15
757,10,64,28/03/2024,9,54.54,0.05
758,8,56,2024-12-18,11,91.09,0.1
759,3,162,2024-05-30,5,125.27,0.1
760,2,104,2024-12-19,2,246.47,0.0
761,3,20,2024-11-28,6,150.34,0.15
762,3,89,2024-03-22,11,16.36,0.05
763,7,87,2024-12-17,12,211.16,0.0
764,5,143,2024-04-08,9,233.86,0.25
765,6,114,2024-02-17,9,137.91,0.0
766,2,4,2024-07-21,4,167.47,0.0
767,4,161,2024-03-14,5,203.07,0.0
768,6,134,2024-03-30,9,141.92,0.1
769,1,36,2024-06-09,8,31.45,0.05
770,9,103,2024-09-06,8,143.37,0.1
771,4,107,2024-08-02,2,9.07,0.0
772,5,10,2024-08-17,10,136.82,0.0
773,4,88,2024-03-05,11,106.78,0.15
774,4,120,2024-09-26,12,234.32,0.0
775,1,143,2024-04-05,3,233.86,0.0
776,5,148,2024-11-11,9,126.73,0.05
777,9,105,2024-08-20,9,136.88,0.0
778,7,113,2024-12-09,11,114.72,0.0
779,1,103,2024-06-12,4,143.37,0.0
780,8,108,2024-01-02,1,151.96,0.0
781,5,12,2024-11-15,10,105.87,0.0
782,7,157,2024-04-08,11,147.67,0.1
783,10,137,2024-10-01,7,165.65,0.1
784,3,40,2024-12-06,3,21.17,0.0
785,6,107,2024-03-06,11,9.07,0.15
786,7,40,2024-10-22,2,21.17,0.25
787,9,18,2024-11-05,4,204.77,0.0
788,10,7,2024-03-23,9,12.29,0.1
789,6,23,2024-06-16,6,135.4,0.25
790,3,47,2024-05-15,1,118.87,0.15
791,2,77,2024-07-11,7,68.92,0.05
792,5,27,30/10/2024,3,83.28,0.0
793,6,108,2024-08-07,7,151.96,0.25
794,2,97,2024-09-10,12,51.84,0.15
795,7,156,2024-04-19,6,173.78,0.25
796,4,78,2024-07-12,2,125.42,0.25
797,6,146,2024-10-12,12,127.32,0.0
798,10,17,2024-01-14,5,92.08,0.0
799,7,133,2024-04-14,10,107.43,0.15
800,6,58,2024-09-27,10,216.14,0.05
801,6,143,2024-03-14,3,233.86,0.15
802,6,152,2024-11-21,10,77.49,0.15
803,8,37,2024-12-24,9,19.91,0.0
804,3,162,2024-02-25,11,125.27,0.25
805,1,1,2024-10-26,5,38.35,0.0
806,1,74,2024-08-19,7,77.0,0.1
807,6,58,2024-03-15,8,216.14,0.0
808,7,37,2024-09-16,3,19.91,0.0
809,1,13,2024-11-22,5,91.64,0.25
810,8,65,2024-03-12,6,65.09,0.0
811,2,129,2024-04-09,6,151.03,0.0
812,8,74,2024-02-29,6,77.0,0.0
813,2,119,2024-02-21,2,38.1,0.0
814,3,72,2024-09-07,5,94.95,0.0
815,9,129,2024-04-03,11,151.03,0.1
816,7,59,2024-11-08,6,30.25,0.05
817,9,7,2024-12-08,2,12.29,0.0
818,2,7,2024-04-28,4,12.29,0.0
819,1,126,13/06/2024,2,28.64,0.05
820,7,21,2024-10-18,3,89.09,0.05
821,9,33,2024-10-19,6,162.49,0.15
822,8,163,2024-08-05,7,102.16,0.1
823,10,41,2024-08-14,4,157.72,0.15
824,6,21,2024-03-11,7,89.09,0.1
825,3,101,2024-12-19,9,131.65,0.0
826,5,36,2024-10-25,8,31.45,0.0
827,5,71,2024-08-15,11,11.55,0.0
828,9,93,2024-07-01,5,187.19,0.0
829,9,71,2024-10-27,11,11.55,0.0
830,10,132,2024-11-20,4,133.08,0.05
831,6,113,28/11/2024,-2,114.72,0.1
832,10,75,2024-11-28,11,29.49,0.05
833,6,52,2024-07-05,2,158.1,0.0
834,8,26,2024-01-01,9,163.65,0.0
835,5,104,2024-12-16,5,246.47,0.0
836,2,140,27/05/2024,8,147.3,0.0
837,6,153,2024-05-09,-1,149.65,0.1
838,4,111,2024-01-22,8,43.1,0.0
839,6,68,2024-12-03,8,17.26,0.0
840,2,60,2024-08-26,1,27.88,0.0
841,6,134,2024-06-10,9,141.92,0.0
842,6,7,2024-11-11,10,12.29,0.0
843,7,133,2024-11-12,7,107.43,0.25
844,8,110,2024-03-18,5,240.3,0.25
845,6,120,2024-12-18,6,234.32,0.0
846,7,116,2024-08-14,5,182.63,0.0
847,9,59,2024-05-13,7,30.25,0.15
848,7,19,2024-12-06,4,61.27,0.0
849,9,44,2024-10-27,12,260.43,0.0
850,4,111,2024-11-14,11,43.1,0.1
851,8,66,2024-11-06,10,254.58,0.15
852,10,72,2024-10-22,8,94.95,0.25
853,7,128,2024-12-17,1,177.81,0.25
854,3,25,2024-09-20,3,179.28,0.05
855,10,4,2024-09-18,12,167.47,0.25
856,9,102,2024-11-03,5,25.17,0.15
857,3,115,2024-12-27,8,212.31,0.05
858,3,12,2024-01-16,6,105.87,0.15
859,9,58,2024-10-16,10,216.14,0.05
860,6,140,2024-12-06,1,147.3,0.25
861,8,150,2024-04-02,2,89.35,0.0
862,8,147,2024-11-18,3,159.14,0.05
863,3,106,2024-10-02,7,97.25,0.0
864,3,13,2024-08-27,5,91.64,0.1
865,10,122,2024-11-02,8,28.93,0.0
866,7,104,2024-12-07,5,246.47,0.0
867,4,138,2024-11-06,4,98.66,0.15
868,1,11,2024-11-24,10,117.42,0.1
869,7,16,2024-11-02,8,78.24,0.0
870,9,162,2024-11-05,8,125.27,0.25
871,4,42,2024-10-10,9,169.87,0.0
872,3,1,2024-01-16,4,38.35,0.15
873,8,154,2024-12-12,2,104.34,0.15
874,2,122,2024-03-18,3,28.93,0.25
875,8,33,2024-03-06,4,162.49,0.05
876,8,53,2024-11-19,6,131.05,0.15
877,2,52,2024-03-11,3,158.1,0.15
878,8,65,2024-04-05,6,65.09,0.1
879,8,81,2024-07-31,1,39.73,0.0
880,3,118,2024-08-08,2,153.88,0.1
881,6,52,2024-06-21,7,158.1,0.25
882,3,112,2024-12-04,5,58.1,0.0
883,4,1,2024-06-18,4,38.35,0.0
884,2,85,2024-11-14,6,88.45,0.0
885,10,24,2024-12-22,1,80.42,0.05
886,7,162,2024-05-22,1,125.27,0.05
887,1,112,2024-08-07,11,58.1,0.05
888,5,42,2024-07-03,6,169.87,0.1
889,5,25,2024-08-19,9,179.28,0.25
890,2,130,2024-09-20,5,200.9,0.0
891,6,111,21/05/2024,6,43.1,0.0
892,8,61,2024-06-07,6,24.26,0.0
893,4,153,2024-03-31,7,149.65,0.15
894,6,76,2024-08-12,1,150.97,0.15
895,7,117,2024-11-12,6,144.39,0.0
896,8,130,2024-01-06,5,200.9,0.0
897,9,62,2024-01-03,8,11.77,0.0
898,6,115,2024-12-19,8,212.31,0.05
899,8,42,2024-09-04,11,169.87,0.25
900,4,59,2024-11-26,6,30.25,0.0
901,10,73,2024-07-10,12,242.79,0.05
902,3,166,2024-06-23,8,44.53,0.0
903,9,26,2024-09-25,2,163.65,0.0
904,10,46,2024-07-23,1,46.4,0.15
905,9,127,2024-04-15,6,51.12,0.0
906,2,85,2024-07-09,4,88.45,0.0
907,5,60,2024-10-10,12,27.88,0.05
908,2,161,2024-07-13,10,203.07,0.25
909,4,168,2024-02-28,9,115.57,0.0
910,9,68,2024-11-08,1,17.26,0.1
911,8,106,2024-03-31,2,97.25,0.15
912,6,15,2024-12-23,10,149.2,0.0
913,6,151,2024-12-28,6,22.4,0.0
914,1,27,2024-11-27,9,83.28,0.0
915,6,14,2024-05-27,5,13.97,0.0
916,7,65,2024-02-21,1,65.09,0.0
917,3,71,2024-01-25,9,11.55,0.15
918,8,19,2024-04-04,8,61.27,0.15
919,3,167,2024-07-02,11,20.08,0.15
920,3,118,2024-01-05,5,153.88,0.15
921,1,10,2024-03-27,5,136.82,0.0
922,10,155,2024-07-10,2,165.6,0.0
923,5,143,2024-05-23,8,233.86,0.0
924,5,117,2024-12-28,9,144.39,0.0
925,5,138,2024-12-08,10,98.66,0.1
926,6,51,2024-01-09,4,160.16,0.25
927,6,28,2024-07-19,5,143.98,0.05
928,3,162,2024-10-16,11,125.27,0.15
929,5,70,2024-04-30,1,149.07,0.0
930,5,146,2024-01-04,10,127.32,0.25
931,9,149,2024-11-04,7,212.9,0.0
932,1,143,2024-08-02,8,233.86,0.15
933,9,96,2024-05-12,9,169.6,0.25
934,7,124,2024-12-07,4,19.68,0.0
935,6,51,2024-07-31,1,160.16,0.15
936,3,72,2024-12-05,5,94.95,0.05
937,8,21,2024-07-02,7,89.09,0.15
938,10,146,2024-12-16,2,127.32,0.0
939,4,169,2024-10-09,6,48.02,0.0
940,8,40,2024-12-28,5,21.17,0.25
941,4,65,2024-04-03,12,65.09,0.1
942,8,46,2024-08-13,11,46.4,0.0
943,8,146,2024-10-12,2,127.32,0.1
944,2,82,2024-11-02,10,111.57,0.0
945,2,11,2024-10-29,12,117.42,0.0
946,8,106,2024-03-13,8,97.25,0.05
947,7,84,2024-05-07,2,219.55,0.0
948,9,121,2024-12-14,4,164.69,0.05
949,10,106,2024-12-09,6,97.25,0.0
950,4,78,2024-03-05,7,125.42,0.0
951,2,15,2024-05-16,5,149.2,0.1
952,2,52,2024-06-09,8,158.1,0.1
953,9,164,2024-10-10,8,78.92,0.0
954,4,45,2024-03-14,1,29.94,0.15
955,4,52,2024-09-11,7,158.1,0.1
956,9,128,2024-03-22,8,177.81,0.0
957,9,126,2024-07-12,12,28.64,0.05
958,6,121,09/01/2024,4,164.69,0.0
959,8,97,2024-11-04,9,51.84,0.1
960,1,150,2024-11-16,8,89.35,0.25
961,6,72,2024-02-25,3,94.95,0.0
962,3,134,2024-07-03,3,141.92,0.15
963,2,13,2024-12-07,2,91.64,0.0
964,9,118,2024-05-05,8,153.88,0.0
965,4,47,2024-12-24,1,118.87,0.15
966,4,18,2024-01-05,5,204.77,0.15
967,1,152,2024-12-27,5,77.49,0.0
968,5,76,2024-12-07,1,150.97,0.25
969,7,113,2024-05-19,12,114.72,0.25
970,7,151,2024-08-02,10,22.4,0.0
971,10,24,2024-05-16,5,80.42,0.15
972,5,62,18/04/2024,3,11.77,0.0
973,3,108,2024-09-30,7,151.96,0.0
974,4,20,2024-02-11,5,150.34,0.0
975,3,169,2024-10-10,5,48.02,0.05
976,3,116,2024-08-21,8,182.63,0.15
977,9,84,2024-04-16,12,219.55,0.05
978,7,92,2024-07-06,1,96.38,0.0
979,9,52,2024-03-15,4,158.1,0.05
980,8,62,2024-10-24,9,11.77,0.1
981,10,39,2024-01-30,1,112.9,0.0
982,2,71,2024-09-06,12,11.55,0.0
983,9,24,2024-03-02,2,80.42,0.0
984,4,88,2024-04-05,6,106.78,0.15
985,10,147,12/07/2024,10,159.14,0.0
986,10,35,2024-12-25,8,8.64,0.0
987,5,61,2024-07-26,7,24.26,0.1
988,2,59,2024-11-16,2,30.25,0.0
989,3,5,2024-02-08,6,152.79,0.15
990,7,40,28/11/2024,4,21.17,0.0
991,9,44,2024-07-12,4,260.43,0.1
992,7,20,2024-11-27,1,150.34,0.0
993,9,157,2024-06-26,5,147.67,0.0
994,6,130,2024-11-28,7,200.9,0.0
995,2,16,2024-12-30,9,78.24,0.25
996,3,120,2024-07-05,11,234.32,0.15
997,10,165,2024-11-05,2,56.11,0.0
998,9,128,2024-10-21,6,177.81,0.0
999,7,118,2024-09-21,2,153.88,0.0
1000,6,20,2024-08-19,8,150.34,0.25
1001,5,106,2024-10-13,6,97.25,0.05
1002,9,100,2024-03-31,6,120.25,0.05
1003,10,45,2024-08-23,5,29.94,0.05
1004,1,157,2024-01-25,7,147.67,0.25
1005,4,46,2024-04-07,2,46.4,0.0
1006,3,157,2024-06-02,8,147.67,0.0
1007,9,55,2024-07-29,11,120.86,0.05
1008,4,103,2024-12-23,6,143.37,0.05
1009,9,33,2024-05-22,10,162.49,0.15
1010,6,170,2024-06-30,5,8.38,0.05
1011,3,56,2024-09-17,12,91.09,0.0
1012,7,68,2024-12-15,6,17.26,0.0
1013,1,73,2024-03-15,4,242.79,0.05
1014,2,102,2024-03-31,9,25.17,0.1
1015,5,42,2024-05-02,6,169.87,0.15
1016,8,106,2024-11-07,12,97.25,0.0
1017,5,109,2024-02-20,3,204.21,0.25
1018,3,96,2024-12-22,8,169.6,0.1
1019,1,65,2024-03-06,2,65.09,0.05
1020,2,158,2024-12-12,9,81.38,0.1
1021,8,34,04/03/2024,3,99.91,0.0
1022,8,47,2024-11-10,4,118.87,0.0
1023,3,60,2024-09-22,4,27.88,0.05
1024,1,157,2024-10-23,12,147.67,0.0
1025,7,119,2024-03-27,9,38.1,0.15
1026,1,13,2024-10-02,12,91.64,0.05
1027,1,113,2024-12-12,10,,0.15
1028,6,11,2024-11-21,6,117.42,0.05
1029,7,61,2024-12-21,12,24.26,0.0
1030,6,99,2024-04-12,5,207.07,0.0
1031,7,113,2024-07-07,2,114.72,0.05
1032,6,164,2024-04-05,2,78.92,0.0
1033,2,90,2024-03-07,1,98.0,0.0
1034,4,123,2024-12-22,8,108.4,0.0
1035,9,89,2024-09-28,8,16.36,0.25
1036,6,67,2024-11-16,7,107.18,0.0
1037,1,149,2024-01-10,4,212.9,0.15
1038,2,40,2024-02-20,3,21.17,0.0
1039,10,5,2024-03-29,5,152.79,0.0
1040,2,17,2024-09-28,2,92.08,0.15
1041,10,20,2024-11-23,2,150.34,0.0
1042,2,28,2024-02-20,10,143.98,0.1
1043,10,5,2024-09-02,1,152.79,0.15
1044,6,57,2024-11-24,12,75.29,0.1
1045,8,101,2024-12-19,10,,0.1
1046,2,36,21/03/2024,6,31.45,0.0
1047,4,167,2024-06-07,10,20.08,0.0
1048,1,137,2024-05-06,7,165.65,0.0
1049,10,55,2024-03-09,5,120.86,0.25
1050,7,93,2024-11-15,2,187.19,0.0
1051,6,28,2024-12-22,9,143.98,0.0
1052,8,112,2024-12-17,5,58.1,0.25
1053,8,128,2024-12-25,4,177.81,0.25
1054,3,130,2024-08-26,1,200.9,0.25
1055,7,13,2024-02-21,5,91.64,0.0
1056,4,79,2024-03-18,2,156.97,0.15
1057,6,113,2024-11-23,4,114.72,0.1
1058,8,113,2024-08-01,1,114.72,0.0
1059,2,38,2024-02-17,11,27.57,0.25
1060,3,62,2024-05-09,2,11.77,0.0
1061,1,137,2024-04-12,12,165.65,0.0
1062,2,50,2024-01-30,6,168.2,0.15
1063,10,6,2024-07-15,2,18.62,0.1
1064,2,11,2024-06-07,11,117.42,0.1
1065,9,137,2024-07-17,10,165.65,0.15
1066,7,96,2024-04-14,8,169.6,0.0
1067,4,35,2024-12-19,3,8.64,0.0
1068,10,140,2024-02-01,5,147.3,0.05
1069,4,100,2024-12-15,11,120.25,0.25
1070,10,116,2024-12-08,4,182.63,0.25
1071,8,67,2024-11-28,-11,107.18,0.0
1072,1,62,2024-05-30,1,11.77,0.25
1073,2,62,2024-04-13,9,11.77,0.05
1074,9,64,2024-04-06,11,54.54,0.1
1075,7,92,2024-07-06,1,96.38,0.0
1076,6,46,2024-06-06,8,46.4,0.0
1077,6,82,2024-11-03,11,111.57,0.0
1078,10,122,2024-06-29,4,28.93,0.25
1079,6,133,2024-11-18,10,107.43,0.0
1080,10,32,01/12/2024,7,195.25,0.25
1081,2,128,2024-11-28,1,177.81,0.05
1082,2,6,04/01/2024,8,18.62,0.05
1083,2,94,2024-10-07,2,179.27,0.1
1084,8,54,2024-04-21,3,241.98,0.05
1085,6,61,24/07/2024,7,24.26,0.0
1086,1,23,2024-11-10,4,135.4,0.1
1087,2,69,2024-06-30,12,68.64,0.0
1088,9,2,2024-11-16,10,81.57,0.0
1089,7,129,2024-12-15,3,151.03,0.25
1090,9,103,2024-09-19,1,143.37,0.1
1091,4,134,2024-05-13,4,141.92,0.25
1092,3,150,2024-12-11,1,89.35,0.25
1093,6,125,2024-11-20,8,151.37,0.05
1094,7,45,2024-05-13,12,29.94,0.15
1095,10,81,2024-12-03,9,39.73,0.0
1096,9,89,2024-02-07,1,16.36,0.05
1097,5,31,2024-12-13,11,110.33,0.25
1098,3,37,2024-07-20,11,19.91,0.0
1099,1,12,2024-12-17,4,105.87,0.1
1100,5,11,2024-04-03,7,117.42,0.15
1101,1,8,2024-01-22,6,98.81,0.05
1102,1,69,2024-05-20,9,68.64,0.05
1103,10,35,2024-08-03,9,8.64,0.05
1104,2,88,2024-02-26,8,106.78,0.15
1105,8,1,2024-09-20,2,38.35,0.15
1106,6,108,2024-09-26,11,151.96,0.0
1107,4,103,2024-09-05,3,143.37,0.1
1108,1,149,2024-02-04,10,212.9,0.15
1109,9,84,2024-02-23,6,219.55,0.0
1110,8,166,2024-03-24,5,44.53,0.05
1111,5,144,2024-07-29,1,72.5,0.15
1112,1,31,2024-03-09,5,110.33,0.05
1113,7,142,2024-10-14,1,36.7,0.15
1114,10,100,2024-01-03,2,120.25,0.15
1115,8,27,2024-02-09,9,83.28,0.0
1116,5,162,2024-02-14,10,125.27,0.15
1117,5,167,2024-06-15,3,20.08,0.0
1118,6,149,2024-05-09,10,212.9,0.15
1119,10,68,2024-12-13,8,17.26,0.25
1120,5,1,2024-12-13,6,38.35,0.0
1121,1,168,2024-11-19,4,115.57,0.0
1122,4,34,2024-10-29,4,99.91,0.25
1123,8,13,2024-12-14,9,91.64,0.15
1124,3,93,2024-07-07,9,187.19,0.0
1125,7,134,2024-08-21,6,141.92,0.15
1126,3,122,2024-02-11,8,28.93,0.1
1127,8,98,2024-07-21,12,93.24,0.05
1128,5,136,2024-09-11,1,,0.0
1129,8,145,2024-05-25,1,33.88,0.15
1130,8,88,2024-06-16,4,106.78,0.1
1131,6,7,2024-03-25,11,12.29,0.0
1132,2,164,2024-11-27,10,78.92,0.1
1133,4,43,2024-09-24,11,88.26,0.0
1134,1,76,2024-11-28,8,150.97,0.05
1135,2,111,2024-11-15,8,43.1,0.05
1136,2,130,2024-05-17,3,,0.0
1137,1,29,2024-10-05,6,128.85,0.0
1138,4,147,2024-06-16,1,,0.15
1139,8,127,2024-12-23,1,51.12,0.15
1140,2,113,2024-02-25,6,114.72,0.1
1141,9,165,2024-06-17,6,56.11,0.25
1142,8,140,2024-08-30,6,147.3,0.15
1143,1,15,2024-12-23,3,149.2,0.0
1144,4,168,2024-09-30,4,115.57,0.15
1145,5,151,2024-04-12,12,22.4,0.1
1146,2,30,22/02/2024,11,212.07,0.25
1147,6,97,2024-11-26,5,51.84,0.0
1148,9,88,2024-08-18,6,106.78,0.05
1149,4,116,2024-06-03,7,182.63,0.0
1150,4,146,2024-12-14,6,127.32,0.0
1151,4,168,2024-01-18,7,115.57,0.05
1152,1,91,2024-02-22,11,146.33,0.0
1153,2,8,2024-01-26,9,98.81,0.0
1154,7,113,2024-10-07,2,114.72,0.25
1155,10,29,2024-07-03,5,128.85,0.0
1156,2,136,2024-01-14,2,,0.25
1157,10,164,2024-11-04,7,78.92,0.1
1158,7,79,2024-11-19,9,156.97,0.15
1159,10,43,2024-12-28,7,88.26,0.0
1160,4,86,2024-05-02,1,125.76,0.25
1161,5,169,2024-02-13,12,48.02,0.0
1162,7,66,2024-08-02,12,254.58,0.05
1163,4,38,2024-09-20,12,27.57,0.0
1164,9,15,2024-02-26,8,149.2,0.25
1165,4,85,2024-10-30,11,88.45,0.15
1166,8,32,2024-05-16,10,195.25,0.15
1167,9,162,2024-08-23,3,125.27,0.1
1168,5,14,2024-12-17,6,13.97,0.1
1169,6,45,2024-09-05,6,29.94,0.0
1170,10,4,2024-03-20,5,167.47,0.0
1171,1,97,2024-10-25,1,51.84,0.25
1172,10,33,2024-11-04,3,162.49,0.05
1173,4,146,2024-12-08,6,127.32,0.15
1174,4,90,2024-04-26,2,98.0,0.0
1175,6,3,2024-05-26,4,91.88,0.15
1176,10,35,2024-06-18,3,8.64,0.0
1177,4,4,2024-05-16,11,167.47,0.1
1178,4,79,23/12/2024,9,156.97,0.15
1179,4,81,2024-05-11,9,39.73,0.0
1180,10,20,2024-06-12,3,150.34,0.1
1181,2,155,31/10/2024,12,165.6,0.25
1182,4,4,2024-07-15,7,167.47,0.25
1183,1,107,2024-06-09,2,9.07,0.05
1184,5,2,2024-11-14,12,81.57,0.25
1185,2,78,2024-01-16,1,125.42,0.1
1186,4,55,2024-03-28,5,120.86,0.0
1187,1,139,2024-09-18,9,81.1,0.15
1188,5,56,2024-09-23,11,91.09,0.0
1189,7,100,2024-04-01,7,120.25,0.0
1190,2,77,2024-08-24,1,68.92,0.1
1191,7,69,2024-05-21,6,68.64,0.0
1192,5,65,2024-06-03,2,65.09,0.0
1193,3,29,2024-04-13,3,128.85,0.25
1194,10,114,2024-11-19,1,137.91,0.05
1195,2,160,2024-11-19,10,215.87,0.0
1196,3,165,2024-03-05,7,56.11,0.0
1197,6,118,2024-12-07,11,153.88,0.25
1198,6,80,2024-12-14,11,210.02,0.1
1199,7,24,2024-05-08,2,80.42,0.15
1200,10,110,2024-05-28,12,240.3,0.0
1201,2,115,2024-10-18,3,212.31,0.0
1202,1,10,2024-08-11,5,136.82,0.1
1203,10,108,2024-12-26,10,151.96,0.0
1204,4,130,2024-04-22,9,200.9,0.0
1205,7,22,2024-04-26,12,28.7,0.0
1206,1,6,2024-08-13,2,18.62,0.05
1207,5,102,2024-10-11,12,25.17,0.0
1208,9,78,2024-12-09,10,125.42,0.05
1209,8,51,2024-05-08,3,160.16,0.15
1210,6,122,2024-09-01,12,28.93,0.15
1211,5,8,2024-02-05,9,98.81,0.0
1212,2,99,2024-04-03,1,207.07,0.0
1213,10,61,2024-03-18,5,24.26,0.25
1214,3,77,2024-02-18,3,68.92,0.0
1215,2,1,2024-11-03,5,38.35,0.05
1216,3,61,2024-12-02,5,24.26,0.1
1217,9,54,2024-02-14,10,241.98,0.0
1218,9,147,2024-12-24,7,159.14,0.1
1219,9,75,2024-12-28,7,29.49,0.05
1220,2,58,2024-12-23,4,216.14,0.1
1221,3,151,2024-10-13,7,22.4,0.1
1222,10,116,2024-11-18,3,182.63,0.0
1223,2,141,2024-08-26,7,45.08,0.05
1224,2,104,2024-11-20,11,246.47,0.15
1225,7,158,2024-11-24,4,81.38,0.05
1226,2,92,2024-03-26,8,96.38,0.05
1227,10,6,2024-07-21,3,18.62,0.0
1228,1,140,2024-11-02,5,147.3,0.15
1229,4,145,2024-12-10,8,33.88,0.15
1230,3,141,2024-11-04,7,45.08,0.0
1231,9,26,2024-07-26,2,163.65,0.15
1232,1,142,2024-02-18,-11,36.7,0.0
1233,5,168,2024-11-12,12,115.57,0.25
1234,10,101,2024-11-05,4,131.65,0.05
1235,1,76,2024-11-28,8,150.97,0.05
1236,10,2,2024-10-13,5,81.57,0.25
1237,2,155,2024-12-11,4,165.6,0.0
1238,4,149,2024-09-24,6,212.9,0.1
1239,1,24,2024-02-23,1,80.42,0.25
1240,2,129,2024-11-03,12,151.03,0.0
1241,6,19,2024-01-20,7,61.27,0.15
1242,4,23,2024-03-18,4,135.4,0.0
1243,9,111,2024-07-03,8,43.1,0.25
1244,2,141,2024-12-05,2,45.08,0.0
1245,5,117,2024-06-07,11,144.39,0.0
1246,2,162,2024-06-10,4,125.27,0.1
1247,5,165,2024-11-11,8,56.11,0.05
1248,4,21,2024-08-29,11,89.09,0.1
1249,8,71,2024-06-03,4,11.55,0.0
1250,1,126,2024-02-11,5,28.64,0.0
1251,9,27,2024-10-19,11,83.28,0.05
1252,7,83,2024-05-03,6,48.4,0.0
1253,10,169,2024-01-31,3,48.02,0.1
1254,2,117,2024-11-20,7,144.39,0.05
1255,8,81,2024-09-01,9,39.73,0.0
1256,4,128,2024-09-30,7,177.81,0.0
1257,7,118,2024-03-06,4,153.88,0.0
1258,10,126,2024-12-27,8,28.64,0.0
1259,6,25,2024-08-17,11,179.28,0.0
1260,7,38,2024-08-04,4,27.57,0.1
1261,2,131,2024-05-02,1,141.63,0.15
1262,7,115,2024-08-01,5,212.31,0.25
1263,2,148,2024-04-23,11,126.73,0.0
1264,5,149,2024-12-23,12,212.9,0.15
1265,5,138,2024-12-04,2,98.66,0.05
1266,9,94,2024-11-02,11,179.27,0.25
1267,5,132,2024-03-02,8,133.08,0.0
1268,3,100,2024-07-02,11,120.25,0.0
1269,1,4,2024-11-11,4,167.47,0.0
1270,3,9,2024-11-13,6,100.29,0.15
1271,8,52,2024-04-19,9,158.1,0.15
1272,2,149,2024-12-12,5,212.9,0.1
1273,9,77,2024-08-21,11,,0.1
1274,10,86,2024-01-23,11,125.76,0.25
1275,8,18,2024-08-31,1,204.77,0.1
1276,8,63,2024-03-22,-4,110.07,0.05
1277,10,144,2024-09-14,4,72.5,0.0
1278,10,108,2024-05-26,8,151.96,0.0
1279,10,89,2024-11-14,3,16.36,0.15
1280,7,19,2024-02-03,10,61.27,0.25
1281,7,4,2024-10-31,10,167.47,0.1
1282,8,87,2024-12-15,2,211.16,0.0
1283,10,121,2024-01-13,2,164.69,0.25
1284,8,81,2024-07-06,5,39.73,0.0
1285,3,9,2024-11-11,12,100.29,0.15
1286,6,148,2024-11-15,12,126.73,0.0
1287,5,74,2024-07-26,11,77.0,0.0
1288,5,146,2024-11-18,8,127.32,0.15
1289,9,95,2024-05-07,2,244.81,0.05
1290,10,166,2024-10-08,2,44.53,0.0
1291,3,22,2024-03-18,11,28.7,0.1
1292,4,145,2024-10-21,3,33.88,0.0
1293,10,23,2024-11-21,9,135.4,0.0
1294,6,111,2024-06-27,3,,0.0
1295,10,72,2024-10-19,1,94.95,0.1
1296,5,111,2024-06-25,5,43.1,0.25
1297,6,8,2024-08-24,12,98.81,0.0
1298,8,61,2024-03-21,11,24.26,0.15
1299,7,87,2024-04-03,1,211.16,0.0
1300,1,119,2024-09-04,1,38.1,0.1
1301,5,90,2024-09-10,2,98.0,0.0
1302,7,31,2024-11-29,9,110.33,0.0
1303,8,139,2024-08-22,6,81.1,0.0
1304,4,159,2024-06-03,1,51.69,0.0
1305,3,160,2024-11-21,11,215.87,0.0
1306,8,25,2024-12-01,8,179.28,0.1
1307,5,137,2024-12-04,2,165.65,0.05
1308,10,53,2024-09-06,6,131.05,0.15
1309,4,100,2024-12-29,5,120.25,0.25
1310,10,66,2024-05-05,2,254.58,0.1
1311,3,113,2024-01-07,2,114.72,0.25
1312,4,166,2024-02-03,2,44.53,0.0
1313,9,76,2024-05-16,9,150.97,0.05
1314,1,135,2024-01-17,11,198.75,0.25
1315,4,140,2024-10-12,8,147.3,0.25
1316,1,101,2024-06-07,1,131.65,0.0
1317,7,27,2024-11-14,10,83.28,0.0
1318,7,54,2024-04-25,6,241.98,0.25
1319,2,82,2024-01-02,5,111.57,0.25
1320,4,140,2024-03-08,10,147.3,0.15
1321,3,41,2024-07-03,4,157.72,0.0
1322,1,21,19/12/2024,2,89.09,0.0
1323,3,65,2024-05-30,11,65.09,0.25
1324,8,2,2024-11-04,8,81.57,0.25
1325,9,9,2024-11-06,2,100.29,0.1
1326,4,63,2024-11-07,7,110.07,0.05
1327,8,150,2024-02-02,11,89.35,0.25
1328,7,121,2024-05-16,8,,0.15
1329,3,167,2024-07-12,7,20.08,0.15
1330,6,106,2024-02-06,1,97.25,0.0
1331,3,100,2024-09-07,10,120.25,0.1
1332,9,165,2024-02-18,-2,56.11,0.0
1333,2,134,2024-11-14,8,141.92,0.15
1334,5,59,2024-08-20,12,30.25,0.25
1335,5,113,2024-10-22,3,114.72,0.0
1336,1,131,2024-12-27,1,141.63,0.1
1337,9,78,2024-12-18,12,125.42,0.0
1338,9,149,2024-06-04,6,212.9,0.05
1339,2,62,2024-04-29,12,11.77,0.0
1340,1,99,2024-03-03,10,207.07,0.0
1341,2,43,2024-01-09,3,88.26,0.25
1342,3,83,2024-09-06,11,48.4,0.0
1343,10,137,2024-09-08,1,165.65,0.0
1344,3,38,2024-05-29,12,27.57,0.0
1345,5,27,2024-04-23,1,83.28,0.0
1346,3,118,2024-05-20,4,153.88,0.0
1347,1,23,2024-03-15,9,135.4,0.1
1348,8,23,2024-11-22,3,135.4,0.0
1349,3,165,2024-07-23,11,56.11,0.0
1350,6,82,2024-02-09,5,111.57,0.0
1351,1,15,2024-10-10,5,149.2,0.25
1352,4,76,2024-03-22,12,150.97,0.15
1353,4,153,2024-12-27,11,149.65,0.0
1354,2,35,2024-05-03,6,8.64,0.25
1355,10,17,2024-03-16,5,92.08,0.15
1356,2,68,2024-02-28,3,17.26,0.05
1357,3,85,2024-07-22,11,88.45,0.15
1358,6,169,2024-03-29,12,48.02,0.0
1359,3,94,2024-03-23,2,179.27,0.0
1360,3,136,2024-11-24,5,182.39,0.25
1361,4,31,2024-03-30,12,110.33,0.25
1362,2,53,2024-07-20,2,131.05,0.0
1363,5,122,2024-11-15,6,28.93,0.15
1364,9,52,2024-06-21,6,158.1,0.15
1365,3,61,2024-01-05,7,24.26,0.0
1366,8,61,2024-11-27,7,24.26,0.25
1367,2,113,2024-12-18,6,114.72,0.0
1368,1,62,2024-06-10,2,11.77,0.15
1369,10,86,2024-08-17,4,125.76,0.15
1370,1,25,2024-06-20,6,179.28,0.0
1371,2,148,2024-08-19,4,126.73,0.15
1372,9,16,2024-01-02,3,78.24,0.15
1373,8,93,2024-02-25,2,187.19,0.0
1374,10,12,2024-05-20,10,105.87,0.1
1375,3,102,2024-09-13,2,25.17,0.05
1376,5,46,2024-01-07,12,46.4,0.1
1377,5,18,2024-10-21,8,204.77,0.15
1378,5,118,2024-03-13,11,153.88,0.0
1379,3,49,2024-08-27,8,89.67,0.0
1380,9,41,2024-11-25,7,,0.15
1381,8,88,2024-03-26,6,,0.25
1382,2,34,2024-08-19,9,99.91,0.15
1383,9,110,2024-12-05,6,240.3,0.1
1384,10,53,2024-11-04,10,131.05,0.25
1385,1,166,2024-05-23,6,44.53,0.1
1386,7,153,2024-12-12,4,149.65,0.05
1387,5,89,2024-11-18,7,16.36,0.05
1388,7,135,2024-04-07,10,198.75,0.25
1389,2,40,2024-04-19,1,21.17,0.05
1390,5,31,2024-01-03,10,110.33,0.15
1391,6,13,2024-02-11,6,91.64,0.1
1392,9,111,09/06/2024,10,43.1,0.1
1393,5,43,2024-11-11,2,88.26,0.05
1394,8,134,2024-07-17,10,141.92,0.15
1395,3,158,2024-11-13,6,81.38,0.05
1396,7,12,2024-07-20,5,105.87,0.0
1397,10,104,2024-11-02,7,246.47,0.0
1398,7,56,2024-04-01,3,91.09,0.0
1399,8,168,2024-09-03,11,115.57,0.05
1400,5,156,2024-02-17,6,173.78,0.1
1401,6,6,2024-10-28,1,18.62,0.1
1402,2,33,2024-11-11,3,162.49,0.0
1403,8,55,2024-09-22,4,120.86,0.0
1404,3,53,2024-02-24,7,131.05,0.0
1405,10,157,2024-05-18,12,147.67,0.0
1406,3,105,2024-02-29,3,136.88,0.1
1407,6,55,2024-12-23,3,120.86,0.0
1408,2,56,2024-07-18,6,91.09,0.0
1409,8,38,2024-11-04,11,27.57,0.0
1410,1,89,2024-07-04,7,16.36,0.1
1411,8,117,2024-09-04,3,144.39,0.0
1412,9,45,2024-11-21,6,29.94,0.0
1413,2,67,2024-06-07,9,107.18,0.05
1414,5,53,2024-10-20,12,131.05,0.1
1415,4,92,2024-02-21,4,96.38,0.25
1416,1,78,2024-11-30,1,125.42,0.0
1417,6,32,2024-12-10,5,195.25,0.15
1418,1,169,2024-08-26,3,48.02,0.15
1419,3,19,2024-05-01,9,61.27,0.05
1420,3,35,2024-11-14,2,8.64,0.0
1421,1,66,2024-01-30,3,254.58,0.1
1422,6,41,2024-04-27,4,157.72,0.05
1423,5,117,2024-09-01,8,144.39,0.0
1424,10,150,2024-04-22,10,89.35,0.25
1425,2,94,2024-11-18,1,179.27,0.05
1426,9,104,2024-11-19,4,,0.25
1427,3,27,2024-03-11,4,83.28,0.0
1428,2,120,2024-01-19,11,234.32,0.25
1429,6,141,2024-01-24,4,45.08,0.15
1430,4,162,2024-03-22,5,125.27,0.0
1431,7,170,2024-12-17,4,8.38,0.0
1432,2,16,2024-06-14,11,78.24,0.05
1433,6,65,2024-08-13,12,65.09,0.15
1434,8,82,2024-06-07,5,111.57,0.0
1435,4,149,2024-05-15,2,212.9,0.0
1436,6,72,2024-10-12,2,94.95,0.05
1437,4,107,2024-12-17,4,9.07,0.05
1438,4,153,2024-05-29,8,149.65,0.05
1439,5,77,2024-12-05,11,68.92,0.0
1440,9,127,2024-12-04,3,51.12,0.15
1441,9,81,2024-11-20,2,39.73,0.0
1442,2,62,2024-08-15,8,11.77,0.1
1443,3,137,2024-03-13,9,165.65,0.25
1444,1,14,2024-12-22,6,13.97,0.25
1445,4,11,2024-07-23,12,,0.15
1446,5,7,2024-07-16,2,12.29,0.25
1447,4,151,2024-12-20,9,22.4,0.05
1448,5,74,2024-07-08,5,77.0,0.15
1449,1,154,2024-09-03,6,104.34,0.0
1450,10,64,2024-09-29,8,54.54,0.0
1451,8,72,2024-05-10,10,94.95,0.15
1452,10,165,2024-11-27,2,56.11,0.0
1453,2,41,2024-10-23,9,157.72,0.05
1454,10,43,2024-07-07,12,88.26,0.0
1455,1,78,2024-12-20,10,125.42,0.25
1456,6,1,2024-02-28,2,38.35,0.25
1457,6,67,2024-07-28,5,107.18,0.05
1458,8,16,2024-02-07,1,78.24,0.0
1459,3,84,2024-12-05,6,219.55,0.05
1460,6,33,2024-05-14,5,162.49,0.25
1461,8,81,2024-11-06,9,39.73,0.0
1462,10,87,2024-11-14,9,211.16,0.15
1463,2,145,2024-12-20,1,33.88,0.05
1464,7,128,2024-11-14,3,177.81,0.25
1465,4,24,2024-05-12,5,80.42,0.0
1466,6,161,2024-12-08,2,203.07,0.25
1467,8,64,2024-03-11,2,54.54,0.0
1468,3,56,2024-09-22,4,91.09,0.0
1469,1,57,2024-05-03,10,75.29,0.15
1470,7,98,2024-12-07,5,93.24,0.0
1471,2,128,2024-11-21,7,177.81,0.25
1472,3,78,2024-10-09,2,125.42,0.25
1473,4,50,2024-12-16,4,168.2,0.0
1474,1,61,2024-12-06,3,24.26,0.05
1475,10,68,2024-12-04,12,17.26,0.0
1476,10,39,2024-07-09,8,112.9,0.0
1477,5,92,2024-10-21,12,96.38,0.0
1478,4,74,2024-07-10,7,77.0,0.0
1479,1,148,2024-07-31,6,126.73,0.25
1480,6,110,2024-04-27,8,240.3,0.0
1481,10,90,2024-01-11,9,98.0,0.25
1482,5,113,2024-01-25,7,114.72,0.0
1483,1,120,2024-10-29,9,234.32,0.1
1484,6,170,2024-11-24,8,,0.0
1485,4,95,2024-04-12,11,244.81,0.1
1486,10,94,2024-06-21,7,179.27,0.0
1487,9,73,2024-12-28,1,242.79,0.15
1488,7,166,2024-11-22,5,44.53,0.25
1489,3,3,2024-02-17,7,91.88,0.0
1490,1,124,2024-12-24,9,19.68,0.25
1491,7,33,2024-07-21,9,162.49,0.0
1492,6,58,2024-12-11,10,216.14,0.15
1493,9,61,2024-06-17,7,24.26,0.0
1494,2,161,2024-12-09,2,203.07,0.05
1495,8,91,2024-07-18,8,146.33,0.1
1496,9,166,2024-06-04,12,44.53,0.25
1497,6,63,2024-11-18,6,110.07,0.15
1498,4,77,2024-07-23,11,68.92,0.0
1499,3,58,2024-04-16,12,216.14,0.0
1500,1,43,2024-05-21,2,88.26,0.25
1501,5,92,2024-06-14,9,96.38,0.25
1502,3,120,2024-12-28,4,234.32,0.0
1503,2,62,2024-10-22,11,11.77,0.0
1504,6,27,2024-04-01,9,83.28,0.0
1505,8,110,2024-12-22,9,240.3,0.15
1506,9,136,2024-02-22,8,182.39,0.15
1507,6,66,28/12/2024,7,254.58,0.15
1508,9,19,15/12/2024,2,61.27,0.0
1509,9,67,2024-01-25,4,107.18,0.15
1510,7,61,2024-05-14,11,24.26,0.25
1511,5,138,2024-11-29,12,98.66,0.1
1512,8,135,2024-03-14,3,198.75,0.25
1513,6,28,2024-12-07,11,143.98,0.0
1514,10,43,2024-01-31,8,88.26,0.15
1515,5,85,2024-12-10,11,88.45,0.0
1516,5,100,2024-02-15,7,120.25,0.0
1517,5,74,2024-01-03,1,77.0,0.15
1518,5,101,2024-11-08,7,131.65,0.1
1519,1,130,2024-04-29,2,200.9,0.0
1520,7,140,2024-03-06,3,147.3,0.1
1521,7,77,2024-12-27,5,68.92,0.1
1522,3,44,2024-07-26,3,260.43,0.1
1523,3,165,2024-08-20,6,56.11,0.1
1524,5,54,2024-06-09,9,241.98,0.1
1525,8,63,2024-12-16,11,110.07,0.15
1526,9,78,2024-06-20,10,125.42,0.05
1527,9,100,2024-05-30,12,120.25,0.15
1528,4,22,2024-10-23,9,28.7,0.15
1529,6,79,2024-11-01,9,156.97,0.05
1530,1,68,2024-11-18,8,17.26,0.0
1531,9,111,2024-10-11,12,,0.25
1532,2,74,2024-03-08,10,77.0,0.1
1533,10,49,2024-12-26,9,89.67,0.05
1534,6,41,2024-05-06,5,157.72,0.0
1535,1,77,2024-02-16,3,68.92,0.0
1536,9,52,2024-12-27,3,158.1,0.25
1537,6,38,2024-06-11,9,27.57,0.0
1538,6,38,2024-01-31,12,27.57,0.15
1539,2,88,2024-08-21,8,106.78,0.25
1540,6,73,2024-05-10,2,242.79,0.1
1541,5,137,2024-10-21,11,165.65,0.25
1542,6,98,2024-12-11,5,93.24,0.25
1543,1,42,2024-10-30,9,169.87,0.1
1544,5,45,2024-08-13,8,29.94,0.05
1545,5,44,2024-04-17,10,260.43,0.0
1546,5,61,2024-06-02,8,24.26,0.0
1547,5,149,2024-12-15,3,212.9,0.0
1548,2,55,2024-06-01,5,120.86,0.1
1549,9,32,2024-01-21,9,195.25,0.05
1550,6,101,2024-11-26,5,131.65,0.05
1551,1,91,2024-07-19,5,146.33,0.0
1552,4,144,2024-09-23,12,72.5,0.0
1553,10,12,2024-12-17,5,105.87,0.0
1554,6,113,2024-11-18,3,114.72,0.15
1555,1,152,28/05/2024,11,77.49,0.0
1556,5,146,2024-01-02,10,127.32,0.05
1557,4,39,2024-07-18,9,112.9,0.1
1558,6,79,2024-12-12,5,156.97,0.0
1559,9,161,2024-03-31,6,203.07,0.25
1560,9,153,31/01/2024,10,149.65,0.05
1561,3,8,2024-05-12,12,98.81,0.1
1562,3,129,11/02/2024,7,151.03,0.1
1563,10,87,2024-03-23,3,211.16,0.15
1564,2,88,2024-09-23,9,,0.0
1565,8,123,2024-10-01,7,108.4,0.0
1566,1,109,2024-12-21,2,204.21,0.0
1567,1,147,2024-01-05,5,159.14,0.0
1568,2,51,2024-10-10,11,160.16,0.05
1569,6,170,2024-03-26,4,8.38,0.15
1570,8,12,2024-02-28,2,105.87,0.0
1571,8,167,2024-11-13,3,20.08,0.0
1572,9,132,2024-12-18,8,133.08,0.1
1573,1,44,2024-12-28,2,260.43,0.0
1574,5,109,2024-05-22,4,204.21,0.0
1575,5,117,2024-11-01,9,144.39,0.25
1576,9,105,2024-08-14,2,136.88,0.0
1577,3,150,2024-07-31,3,89.35,0.1
1578,3,41,2024-08-31,3,157.72,0.0
1579,5,69,2024-04-16,4,68.64,0.05
1580,3,31,2024-11-28,6,110.33,0.0
1581,1,77,2024-07-20,3,68.92,0.05
1582,3,21,2024-07-28,8,89.09,0.0
1583,3,8,2024-12-07,7,98.81,0.15
1584,1,165,2024-08-25,5,56.11,0.0
1585,6,49,2024-11-19,9,89.67,0.0
1586,4,53,2024-02-08,12,131.05,0.05
1587,3,153,2024-02-11,10,149.65,0.0
1588,7,69,2024-12-25,3,68.64,0.05
1589,10,110,2024-04-27,11,240.3,0.1
1590,2,44,2024-12-07,6,260.43,0.05
1591,9,153,2024-10-25,4,149.65,0.0
1592,3,157,2024-12-13,12,147.67,0.25
1593,9,108,2024-05-10,11,151.96,0.25
1594,5,105,2024-10-22,9,136.88,0.25
1595,7,107,2024-11-13,11,9.07,0.0
1596,2,30,2024-08-23,-9,212.07,0.25
1597,6,113,2024-03-10,2,114.72,0.1
1598,3,58,2024-01-04,11,216.14,0.1
1599,3,130,2024-04-16,2,200.9,0.0
1600,4,116,2024-04-06,3,182.63,0.0
1601,8,27,2024-09-30,2,83.28,0.0
1602,2,146,2024-04-11,12,127.32,0.1
1603,5,135,2024-10-27,2,198.75,0.15
1604,9,168,2024-03-24,7,115.57,0.1
1605,9,161,2024-05-30,4,203.07,0.0
1606,3,42,31/07/2024,10,169.87,0.0
1607,1,125,2024-12-11,5,151.37,0.0
1608,6,136,2024-12-16,4,182.39,0.25
1609,5,32,2024-10-29,5,195.25,0.0
1610,1,89,2024-09-08,1,16.36,0.0
1611,8,124,2024-10-15,3,19.68,0.0
1612,2,145,2024-01-21,12,33.88,0.0
1613,1,38,2024-11-06,11,27.57,0.0
1614,6,46,2024-05-12,2,46.4,0.05
1615,3,134,2024-06-28,4,141.92,0.25
1616,9,137,2024-12-12,10,165.65,0.0
1617,3,132,2024-11-16,6,133.08,0.0
1618,4,145,2024-12-26,11,33.88,0.1
1619,9,57,2024-02-01,2,75.29,0.0
1620,2,31,2024-12-28,2,110.33,0.1
1621,2,31,2024-01-27,1,110.33,0.0
1622,1,97,2024-04-20,1,51.84,0.05
1623,4,110,2024-08-02,4,240.3,0.0
1624,6,89,2024-04-05,4,16.36,0.0
1625,5,99,2024-10-02,8,207.07,0.0
1626,6,136,2024-08-19,11,182.39,0.0
1627,2,163,11/11/2024,2,102.16,0.1
1628,9,28,2024-11-24,10,143.98,0.0
1629,10,42,2024-11-20,12,169.87,0.0
1630,9,87,2024-07-16,2,211.16,0.0
1631,8,57,2024-12-28,2,75.29,0.1
1632,1,113,2024-12-05,-2,114.72,0.15
1633,2,83,2024-07-15,4,48.4,0.1
1634,5,15,2024-08-19,8,149.2,0.0
1635,1,149,2024-02-11,10,212.9,0.15
1636,9,64,2024-02-27,6,54.54,0.15
1637,5,22,2024-03-22,6,28.7,0.25
1638,6,75,2024-09-01,9,29.49,0.25
1639,5,144,2024-07-11,9,72.5,0.05
1640,2,113,2024-07-01,9,114.72,0.25
1641,4,89,2024-05-11,7,16.36,0.0
1642,3,23,2024-12-08,3,135.4,0.0
1643,10,81,2024-04-11,1,39.73,0.0
1644,7,20,2024-05-19,7,150.34,0.0
1645,6,3,2024-12-19,6,91.88,0.1
1646,5,8,2024-02-24,8,98.81,0.1
1647,2,124,2024-11-14,4,19.68,0.25
1648,9,52,2024-06-28,1,158.1,0.0
1649,6,156,2024-12-28,9,173.78,0.15
1650,5,157,2024-05-23,9,147.67,0.15
1651,6,31,2024-08-07,7,110.33,0.05
1652,6,25,2024-03-17,3,179.28,0.15
1653,1,79,2024-05-18,12,156.97,0.25
1654,4,10,2024-07-25,1,136.82,0.0
1655,10,82,11/12/2024,1,111.57,0.0
1656,5,14,2024-12-14,5,13.97,0.05
1657,9,64,2024-11-05,10,54.54,0.15
1658,9,147,2024-01-19,10,159.14,0.25
1659,4,93,2024-11-30,6,187.19,0.25
1660,9,114,2024-09-28,5,137.91,0.0
1661,4,32,2024-09-16,6,195.25,0.0
1662,9,35,2024-02-26,10,8.64,0.25
1663,3,81,2024-04-28,7,39.73,0.1
1664,8,136,2024-04-06,8,182.39,0.15
1665,8,81,2024-03-09,3,39.73,0.0
1666,6,69,2024-08-28,11,68.64,0.25
1667,3,120,2024-06-04,7,234.32,0.0
1668,4,36,2024-04-07,11,31.45,0.0
1669,1,114,2024-01-02,11,137.91,0.0
1670,7,68,2024-09-18,12,17.26,0.1
1671,10,49,2024-12-25,9,89.67,0.1
1672,6,101,2024-02-12,4,131.65,0.25
1673,5,97,2024-08-02,2,51.84,0.15
1674,7,27,2024-02-29,4,83.28,0.25
1675,3,94,2024-01-02,4,179.27,0.15
1676,3,148,2024-08-06,4,126.73,0.05
1677,10,98,2024-02-14,6,93.24,0.0
1678,6,54,2024-06-09,3,241.98,0.1
1679,4,24,2024-06-12,3,80.42,0.0
1680,7,149,2024-11-04,9,212.9,0.05
1681,8,156,2024-01-18,12,173.78,0.0
1682,4,17,2024-03-07,2,92.08,0.1
1683,1,95,2024-05-28,3,244.81,0.15
1684,7,104,2024-12-19,4,246.47,0.1
1685,7,55,2024-07-13,3,120.86,0.05
1686,9,68,2024-11-06,4,17.26,0.1
1687,4,41,2024-12-15,9,157.72,0.05
1688,6,41,2024-08-18,10,157.72,0.05
1689,7,170,2024-12-09,11,8.38,0.05
1690,7,120,2024-04-01,7,234.32,0.05
1691,9,97,2024-11-28,11,51.84,0.15
1692,4,160,2024-11-09,5,215.87,0.05
1693,5,26,2024-10-09,11,163.65,0.0
1694,3,165,2024-02-16,7,56.11,0.25
1695,8,63,2024-05-15,3,110.07,0.25
1696,5,94,2024-05-03,3,179.27,0.15
1697,6,137,2024-04-19,2,165.65,0.0
1698,1,129,2024-10-05,8,151.03,0.1
1699,3,8,2024-01-17,-1,98.81,0.0
1700,2,43,2024-03-04,1,88.26,0.0
1701,2,56,2024-12-17,10,91.09,0.1
1702,2,74,2024-05-08,8,77.0,0.0
1703,3,11,2024-04-02,2,117.42,0.0
1704,10,25,2024-07-09,10,179.28,0.15
1705,8,25,2024-11-22,3,179.28,0.0
1706,5,126,2024-05-12,1,28.64,0.05
1707,9,75,2024-06-15,3,29.49,0.05
1708,8,49,2024-10-27,5,89.67,0.05
1709,3,103,2024-12-11,6,143.37,0.25
1710,6,32,2024-05-10,1,195.25,0.15
1711,10,130,2024-08-19,5,200.9,0.0
1712,2,30,2024-10-20,12,212.07,0.05
1713,5,36,19/04/2024,1,31.45,0.25
1714,10,43,2024-08-20,1,88.26,0.25
1715,10,109,2024-08-11,7,204.21,0.0
1716,10,115,2024-12-20,4,212.31,0.1
1717,10,138,2024-11-17,11,98.66,0.0
1718,2,93,2024-11-04,11,187.19,0.0
1719,3,141,2024-11-06,2,,0.25
1720,3,92,2024-09-27,2,96.38,0.0
1721,8,5,2024-02-06,11,152.79,0.0
1722,7,78,2024-08-29,8,125.42,0.0
1723,4,170,2024-08-01,7,8.38,0.0
1724,2,17,2024-05-02,10,92.08,0.15
1725,8,138,2024-09-18,1,98.66,0.05
1726,10,55,2024-03-27,6,120.86,0.0
1727,1,62,2024-04-03,11,11.77,0.0
1728,3,49,2024-05-14,12,89.67,0.05
1729,9,154,2024-06-01,1,104.34,0.25
1730,10,7,2024-06-26,8,12.29,0.05
1731,6,82,2024-08-08,3,111.57,0.15
1732,5,51,2024-10-26,7,160.16,0.0
1733,1,107,2024-10-23,10,9.07,0.0
1734,4,63,2024-08-03,12,110.07,0.05
1735,8,68,2024-06-29,1,17.26,0.1
1736,2,6,2024-12-19,12,18.62,0.15
1737,2,122,2024-12-25,4,28.93,0.0
1738,6,33,2024-06-21,8,162.49,0.05
1739,6,45,2024-05-25,3,29.94,0.0
1740,10,149,2024-09-09,7,212.9,0.15
1741,8,9,2024-01-03,1,100.29,0.1
1742,9,118,2024-01-09,6,153.88,0.15
1743,3,158,2024-07-03,10,81.38,0.0
1744,3,165,2024-04-17,9,56.11,0.0
1745,8,90,2024-02-01,9,98.0,0.1
1746,7,48,2024-03-28,8,43.06,0.25
1747,1,10,2024-06-18,7,136.82,0.15
1748,4,123,2024-05-27,3,108.4,0.25
1749,4,127,2024-07-22,10,51.12,0.05
1750,1,76,2024-06-04,6,150.97,0.15
1751,8,84,2024-01-20,2,219.55,0.0
1752,10,59,2024-10-18,7,30.25,0.0
1753,5,135,2024-04-08,11,198.75,0.0
1754,4,135,2024-10-14,9,198.75,0.0
1755,2,94,2024-11-10,6,179.27,0.0
1756,5,60,2024-05-29,3,27.88,0.15
1757,4,55,2024-12-13,8,120.86,0.0
1758,9,107,2024-10-19,6,9.07,0.0
1759,7,83,2024-12-17,7,48.4,0.05
1760,3,147,2024-01-27,5,159.14,0.05
1761,8,76,2024-07-23,3,150.97,0.0
1762,4,13,2024-11-18,4,91.64,0.0
1763,7,168,2024-05-14,4,115.57,0.0
1764,2,158,2024-12-03,7,81.38,0.0
1765,5,85,2024-06-11,3,88.45,0.1
1766,7,106,2024-03-10,3,97.25,0.0
1767,10,74,2024-12-09,9,77.0,0.1
1768,8,91,2024-09-24,2,146.33,0.0
1769,2,102,2024-11-22,8,25.17,0.0
1770,4,23,2024-01-20,11,135.4,0.0
1771,4,16,2024-03-21,1,78.24,0.0
1772,8,50,2024-11-13,3,168.2,0.05
1773,1,24,2024-04-13,7,80.42,0.0
1774,10,152,2024-05-04,1,77.49,0.0
1775,10,57,2024-04-11,9,75.29,0.0
1776,7,10,2024-01-06,6,136.82,0.1
1777,6,103,2024-03-04,12,143.37,0.25
1778,4,19,2024-06-22,11,61.27,0.25
1779,9,168,2024-09-14,10,115.57,0.0
1780,2,85,2024-06-11,11,88.45,0.05
1781,10,78,2024-11-02,4,125.42,0.05
1782,10,138,2024-07-04,1,98.66,0.0
1783,9,144,2024-03-14,12,72.5,0.0
1784,5,3,2024-12-09,11,91.88,0.1
1785,3,51,2024-10-03,9,160.16,0.1
1786,7,112,2024-01-24,9,58.1,0.0
1787,9,74,2024-11-02,10,77.0,0.0
1788,4,131,2024-07-05,9,141.63,0.0
1789,3,3,2024-10-26,12,91.88,0.0
1790,10,131,2024-07-14,7,141.63,0.0
1791,8,98,01/12/2024,4,93.24,0.0
1792,5,60,2024-02-08,4,27.88,0.0
1793,10,71,2024-12-20,8,11.55,0.25
1794,7,163,2024-09-04,7,102.16,0.0
1795,5,22,2024-05-07,1,28.7,0.0
1796,5,102,2024-03-24,4,25.17,0.25
1797,4,143,2024-11-10,7,233.86,0.15
1798,2,141,2024-02-08,3,45.08,0.0
1799,2,104,2024-08-25,12,246.47,0.1
1800,9,11,2024-09-03,9,117.42,0.0
1801,9,60,2024-04-08,8,27.88,0.0
1802,1,4,2024-12-28,9,167.47,0.1
1803,7,55,13/07/2024,3,120.86,0.05
1804,1,58,2024-02-21,3,216.14,0.0
1805,6,124,2024-01-09,1,,0.05
1806,8,11,2024-11-14,6,,0.05
1807,7,170,2024-10-23,12,8.38,0.1
1808,8,77,2024-04-29,11,68.92,0.15
1809,4,128,2024-11-26,3,177.81,0.0
1810,1,46,2024-11-11,7,46.4,0.0
1811,6,136,2024-08-06,2,182.39,0.05
1812,9,9,2024-07-16,3,100.29,0.15
1813,2,143,2024-03-18,2,233.86,0.0
1814,1,37,2024-11-27,12,19.91,0.15
1815,2,124,2024-01-25,2,19.68,0.0
1816,3,89,2024-07-03,10,16.36,0.25
1817,5,61,2024-07-05,3,24.26,0.15
1818,9,136,2024-09-20,10,182.39,0.05
1819,10,34,2024-08-29,4,99.91,0.0
1820,8,17,2024-11-19,2,,0.1
1821,9,123,2024-01-05,4,108.4,0.05
1822,8,27,2024-12-28,10,83.28,0.0
1823,6,162,2024-06-01,3,125.27,0.0
1824,9,92,2024-12-24,10,96.38,0.1
1825,2,66,2024-03-25,1,254.58,0.1
1826,5,54,2024-01-06,10,241.98,0.0
1827,8,87,2024-09-18,9,211.16,0.1
1828,4,15,2024-09-26,2,149.2,0.25
1829,8,24,2024-07-29,8,80.42,0.0
1830,4,162,2024-01-22,3,125.27,0.0
1831,1,46,2024-03-22,7,46.4,0.15
1832,5,95,2024-01-14,5,244.81,0.15
1833,10,17,2024-04-22,6,92.08,0.0
1834,5,162,2024-02-22,12,125.27,0.25
1835,8,169,2024-05-07,-12,48.02,0.0
1836,1,3,2024-11-17,4,91.88,0.0
1837,6,107,2024-02-02,9,9.07,0.05
1838,8,61,2024-06-30,3,24.26,0.0
1839,1,1,2024-07-21,10,38.35,0.1
1840,4,81,2024-12-10,6,39.73,0.05
1841,3,66,2024-01-22,1,254.58,0.0
1842,4,114,2024-11-09,4,137.91,0.0
1843,7,106,23/11/2024,9,97.25,0.1
1844,5,101,2024-02-07,11,131.65,0.0
1845,1,42,2024-08-07,4,169.87,0.0
1846,6,109,2024-03-08,6,204.21,0.0
1847,4,64,2024-03-19,4,54.54,0.0
1848,5,81,2024-07-12,9,39.73,0.1
1849,7,128,2024-11-01,3,177.81,0.0
1850,5,105,2024-02-01,5,136.88,0.0
1851,3,44,2024-02-25,12,260.43,0.1
1852,3,102,2024-05-18,5,25.17,0.1
1853,1,125,2024-12-21,8,151.37,0.0
1854,1,149,2024-05-25,11,212.9,0.1
1855,5,73,2024-08-10,11,242.79,0.05
1856,6,140,2024-06-29,7,147.3,0.1
1857,8,89,2024-07-05,12,16.36,0.0
1858,3,157,2024-04-16,3,147.67,0.05
1859,1,59,2024-05-12,12,30.25,0.15
1860,10,108,2024-12-17,6,151.96,0.1
1861,9,156,2024-07-02,-8,173.78,0.25
1862,8,33,2024-04-20,2,162.49,0.05
1863,1,120,2024-06-06,4,234.32,0.0
1864,8,82,2024-11-01,6,111.57,0.0
1865,10,50,2024-11-21,4,168.2,0.15
1866,1,90,2024-02-23,1,98.0,0.1
1867,3,77,2024-04-07,9,68.92,0.15
1868,4,136,2024-04-07,8,182.39,0.0
1869,9,155,2024-01-13,12,165.6,0.0
1870,9,115,2024-07-02,1,212.31,0.1
1871,2,21,2024-08-23,7,89.09,0.15
1872,10,148,2024-03-21,11,126.73,0.25
1873,10,145,2024-09-23,1,33.88,0.0
1874,7,156,2024-07-09,12,173.78,0.15
1875,4,119,2024-11-16,8,38.1,0.0
1876,7,63,2024-12-30,11,110.07,0.05
1877,4,119,2024-10-22,12,38.1,0.05
1878,7,77,2024-01-06,9,68.92,0.0
1879,8,43,2024-02-19,5,88.26,0.0
1880,4,20,2024-07-30,5,150.34,0.15
1881,2,107,2024-12-16,6,,0.15
1882,5,46,2024-11-23,5,46.4,0.05
1883,7,119,2024-06-03,6,38.1,0.05
1884,1,151,2024-01-20,6,22.4,0.1
1885,10,126,2024-01-02,11,28.64,0.1
1886,8,90,2024-04-13,1,98.0,0.0
1887,6,39,2024-10-09,10,112.9,0.05
1888,8,53,2024-05-06,1,131.05,0.0
1889,9,151,2024-08-27,5,22.4,0.0
1890,7,150,2024-07-24,11,89.35,0.0
1891,7,45,2024-05-22,8,29.94,0.0
1892,3,43,2024-08-02,8,88.26,0.1
1893,10,40,2024-11-25,6,21.17,0.1
1894,10,6,2024-08-24,11,18.62,0.0
1895,5,156,2024-11-01,3,173.78,0.1
1896,3,65,2024-01-06,6,65.09,0.0
1897,8,101,2024-09-03,3,131.65,0.1
1898,9,24,2024-09-14,3,80.42,0.05
1899,3,144,2024-06-29,9,72.5,0.0
1900,10,157,2024-12-05,1,147.67,0.25
1901,5,67,2024-11-24,11,107.18,0.0
1902,4,77,2024-07-01,8,68.92,0.05
1903,8,73,2024-06-02,11,242.79,0.15
1904,8,63,2024-04-30,11,110.07,0.0
1905,9,74,2024-01-17,9,77.0,0.1
1906,2,86,2024-08-10,9,125.76,0.1
1907,5,149,2024-12-03,3,212.9,0.0
1908,5,28,2024-11-25,9,143.98,0.0
1909,4,155,2024-01-08,1,165.6,0.0
1910,8,110,2024-05-28,6,240.3,0.0
1911,7,19,2024-12-15,10,61.27,0.25
1912,2,150,2024-11-01,6,89.35,0.0
1913,10,83,09/03/2024,6,48.4,0.15
1914,7,142,2024-11-26,6,36.7,0.0
1915,4,153,2024-11-14,6,149.65,0.05
1916,10,19,2024-07-21,6,61.27,0.0
1917,1,114,2024-07-08,9,137.91,0.1
1918,4,8,2024-12-24,2,98.81,0.0
1919,2,12,2024-12-28,5,105.87,0.05
1920,7,29,2024-06-06,12,128.85,0.0
1921,6,156,01/12/2024,3,173.78,0.25
1922,4,43,2024-11-29,5,88.26,0.1
1923,4,83,2024-10-21,8,48.4,0.0
1924,4,64,2024-06-10,6,54.54,0.0
1925,7,119,2024-12-15,10,38.1,0.05
1926,3,30,2024-12-14,11,212.07,0.15
1927,10,82,2024-05-10,12,,0.05
1928,1,156,2024-01-26,7,173.78,0.0
1929,3,27,2024-09-16,2,83.28,0.0
1930,3,56,2024-10-30,4,91.09,0.0
1931,1,130,2024-03-31,2,200.9,0.0
1932,8,145,2024-11-28,8,33.88,0.1
1933,2,89,2024-09-14,1,16.36,0.05
1934,3,160,2024-10-26,10,215.87,0.25
1935,3,64,2024-09-15,8,54.54,0.0
1936,7,14,2024-03-05,8,13.97,0.0
1937,9,14,2024-11-02,11,13.97,0.0
1938,10,4,2024-06-11,-11,167.47,0.25
1939,2,90,2024-11-09,7,98.0,0.15
1940,10,129,2024-09-24,7,151.03,0.05
1941,10,23,2024-11-04,11,,0.25
1942,10,143,2024-10-14,8,233.86,0.15
1943,6,99,2024-12-27,9,207.07,0.0
1944,3,125,2024-04-26,1,151.37,0.0
1945,6,65,2024-12-02,-9,65.09,0.0
1946,10,146,2024-04-14,9,127.32,0.0
1947,5,31,2024-07-28,1,110.33,0.25
1948,7,62,2024-10-16,6,11.77,0.1
1949,4,108,2024-01-14,2,151.96,0.0
1950,8,116,2024-03-06,10,182.63,0.25
1951,1,76,2024-10-24,3,150.97,0.0
1952,6,59,2024-06-03,6,30.25,0.15
1953,10,136,2024-11-08,7,182.39,0.0
1954,10,35,2024-04-01,6,8.64,0.25
1955,3,168,2024-05-23,3,115.57,0.05
1956,5,99,2024-01-04,1,207.07,0.0
1957,10,91,2024-10-17,4,146.33,0.1
1958,10,130,13/11/2024,9,200.9,0.0
1959,9,53,2024-08-26,3,131.05,0.0
1960,7,59,2024-03-28,6,30.25,0.0
1961,2,75,2024-06-14,5,29.49,0.0
1962,9,93,2024-09-04,2,187.19,0.15
1963,10,160,2024-10-03,11,215.87,0.0
1964,9,63,2024-01-28,2,110.07,0.0
1965,1,108,2024-04-20,8,151.96,0.0
1966,10,33,2024-10-26,3,162.49,0.05
1967,7,102,2024-03-28,1,25.17,0.0
1968,6,30,2024-07-13,1,212.07,0.25
1969,5,17,2024-02-26,10,92.08,0.25
1970,1,68,16/03/2024,10,,0.1
1971,6,153,2024-08-30,4,149.65,0.0
1972,7,72,2024-11-19,6,,0.1
1973,3,39,2024-11-08,4,112.9,0.0
1974,5,27,2024-10-26,3,83.28,0.0
1975,8,160,2024-02-07,3,215.87,0.15
1976,2,170,2024-12-28,7,8.38,0.1
1977,1,58,2024-07-09,12,216.14,0.0
1978,7,2,2024-02-07,12,81.57,0.25
1979,2,162,2024-09-27,12,125.27,0.05
1980,4,104,2024-11-12,2,246.47,0.15
1981,6,98,2024-05-30,1,93.24,0.0
1982,3,8,2024-01-08,4,98.81,0.0
1983,9,81,2024-06-01,6,,0.1
1984,1,57,2024-04-05,4,75.29,0.0
1985,6,68,2024-10-16,10,17.26,0.0
1986,8,48,2024-01-03,1,43.06,0.0
1987,10,138,2024-02-13,6,98.66,0.0
1988,7,68,2024-12-17,3,17.26,0.0
1989,1,59,2024-12-21,11,30.25,0.1
1990,2,153,2024-04-01,2,149.65,0.0
1991,1,19,2024-06-11,2,61.27,0.15
1992,9,154,2024-11-08,9,104.34,0.25
1993,8,74,2024-08-26,4,77.0,0.0
1994,9,116,2024-04-06,5,182.63,0.0
1995,1,10,2024-12-19,10,136.82,0.15
1996,4,147,2024-06-29,1,159.14,0.05
1997,9,39,2024-02-07,10,112.9,0.25
1998,9,110,2024-10-19,3,240.3,0.05
1999,5,129,2024-10-13,4,151.03,0.05
2000,9,32,2024-12-28,5,195.25,0.0
2001,10,147,2024-12-17,1,159.14,0.05
2002,4,114,2024-05-24,7,137.91,0.1
2003,1,103,2024-06-10,4,143.37,0.05
2004,10,170,2024-03-20,6,8.38,0.0
2005,7,9,2024-11-22,7,100.29,0.05
2006,10,43,2024-03-10,5,88.26,0.0
2007,3,141,2024-02-17,4,45.08,0.1
2008,7,157,2024-05-08,2,147.67,0.25
2009,2,167,2024-02-07,4,20.08,0.0
2010,10,81,2024-12-16,1,39.73,0.0
2011,6,55,2024-12-26,10,120.86,0.0
2012,3,153,2024-11-04,7,149.65,0.1
2013,6,39,2024-02-18,7,112.9,0.25
2014,1,163,2024-06-06,9,102.16,0.0
2015,3,155,2024-12-09,11,165.6,0.1
2016,5,24,2024-04-04,4,80.42,0.05
2017,3,20,2024-04-10,3,150.34,0.25
2018,6,18,2024-10-30,2,204.77,0.0
2019,3,156,2024-12-24,3,173.78,0.15
2020,5,105,2024-04-13,11,136.88,0.15
2021,5,120,2024-12-21,6,234.32,0.0
2022,7,147,2024-03-30,1,159.14,0.0
2023,4,76,2024-04-08,1,150.97,0.0
2024,8,4,2024-06-15,12,167.47,0.0
2025,10,148,2024-02-12,8,126.73,0.1
2026,10,30,2024-06-27,7,212.07,0.0
2027,4,169,2024-05-30,11,48.02,0.0
2028,3,8,2024-11-02,4,98.81,0.05
2029,5,3,2024-08-20,1,91.88,0.1
2030,3,152,2024-02-19,6,77.49,0.0
2031,10,81,2024-08-26,8,39.73,0.05
2032,9,136,2024-11-14,9,182.39,0.05
2033,10,66,2024-10-01,8,254.58,0.05
2034,6,167,2024-01-25,6,20.08,0.05
2035,3,116,2024-02-12,7,182.63,0.0
2036,2,91,2024-06-30,10,146.33,0.0
2037,2,89,2024-05-09,4,16.36,0.0
2038,10,112,2024-12-28,6,58.1,0.0
2039,7,14,2024-01-27,6,13.97,0.0
2040,3,84,2024-09-01,1,219.55,0.1
2041,7,89,2024-09-22,12,16.36,0.0
2042,3,155,2024-10-19,5,,0.25
2043,5,108,2024-04-04,6,151.96,0.05
2044,2,62,2024-12-24,9,11.77,0.25
2045,6,25,2024-11-26,12,179.28,0.0
2046,3,54,2024-07-18,5,241.98,0.0
2047,6,59,2024-02-17,8,30.25,0.15
2048,8,123,2024-12-21,7,108.4,0.1
2049,9,149,2024-01-02,1,212.9,0.0
2050,1,65,2024-11-04,1,65.09,0.0
2051,9,102,28/12/2024,8,25.17,0.15
2052,8,116,2024-02-27,9,182.63,0.1
2053,7,150,2024-11-15,6,89.35,0.0
2054,6,43,2024-08-04,5,88.26,0.25
2055,4,137,2024-12-17,4,165.65,0.1
2056,5,5,04/11/2024,7,152.79,0.1
2057,5,111,2024-01-15,1,43.1,0.0
2058,8,144,07/11/2024,6,72.5,0.15
2059,4,169,2024-03-21,9,48.02,0.05
2060,4,97,2024-05-15,5,51.84,0.1
2061,4,160,2024-02-11,8,215.87,0.1
2062,2,97,2024-04-07,12,51.84,0.25
2063,1,91,2024-02-19,6,146.33,0.25
2064,9,121,2024-08-23,9,164.69,0.1
2065,10,144,2024-03-01,1,72.5,0.1
2066,10,97,2024-01-22,3,51.84,0.05
2067,7,61,2024-10-31,9,24.26,0.0
2068,6,53,2024-04-28,2,131.05,0.0
2069,4,103,2024-12-04,9,143.37,0.1
2070,1,130,2024-10-01,12,200.9,0.1
2071,3,24,2024-05-26,4,80.42,0.25
2072,4,153,2024-11-15,2,149.65,0.25
2073,4,154,02/03/2024,8,104.34,0.25
2074,6,75,21/09/2024,7,29.49,0.15
2075,2,105,2024-12-06,3,136.88,0.1
2076,10,156,2024-06-29,8,173.78,0.15
2077,2,35,2024-03-23,3,8.64,0.0
2078,2,90,2024-03-22,8,98.0,0.25
2079,7,118,2024-09-15,5,153.88,0.0
2080,8,122,2024-01-20,3,28.93,0.0
2081,7,84,2024-05-09,5,219.55,0.15
2082,6,73,2024-09-13,12,242.79,0.25
2083,4,128,2024-01-16,3,177.81,0.0
2084,5,10,2024-03-24,1,136.82,0.0
2085,7,158,2024-02-10,9,81.38,0.0
2086,10,159,2024-03-29,4,51.69,0.25
2087,10,15,2024-12-28,6,149.2,0.25
2088,4,89,2024-12-17,11,16.36,0.0
2089,5,146,2024-05-07,8,127.32,0.15
2090,9,50,2024-06-23,10,168.2,0.25
2091,5,57,2024-02-02,5,75.29,0.1
2092,10,76,2024-12-21,5,150.97,0.1
2093,6,85,2024-03-16,12,88.45,0.15
2094,7,105,2024-02-25,7,136.88,0.0
2095,3,67,2024-03-19,-12,107.18,0.25
2096,2,104,2024-03-26,9,246.47,0.0
2097,1,98,2024-08-18,9,93.24,0.15
2098,1,22,2024-12-07,8,,0.1
2099,1,165,2024-09-22,8,56.11,0.1
2100,8,33,2024-07-20,9,162.49,0.0
2101,10,47,2024-05-09,4,118.87,0.15
2102,6,133,01/12/2024,1,107.43,0.0
2103,4,57,2024-06-18,12,75.29,0.05
2104,8,86,2024-11-10,12,125.76,0.0
2105,7,136,2024-12-17,6,182.39,0.0
2106,6,103,2024-03-17,7,143.37,0.15
2107,7,155,2024-10-09,9,165.6,0.25
2108,6,163,2024-08-01,5,102.16,0.1
2109,1,42,2024-12-04,2,169.87,0.25
2110,1,26,2024-11-26,9,163.65,0.25
2111,10,11,2024-03-26,10,117.42,0.1
2112,3,105,2024-03-20,2,136.88,0.0
2113,5,14,18/06/2024,3,13.97,0.1
2114,4,111,2024-12-20,5,43.1,0.15
2115,4,45,2024-11-19,5,29.94,0.0
2116,10,139,2024-11-09,12,81.1,0.25
2117,9,51,2024-07-06,1,160.16,0.1
2118,1,108,2024-07-17,7,151.96,0.1
2119,10,23,2024-05-04,2,,0.0
2120,9,105,2024-07-03,11,,0.0
2121,5,63,2024-06-22,1,110.07,0.15
2122,10,120,2024-11-13,2,234.32,0.05
2123,6,71,2024-01-18,-12,11.55,0.25
2124,3,47,2024-11-23,11,118.87,0.15
2125,8,113,2024-01-08,1,114.72,0.05
2126,10,118,2024-10-07,8,153.88,0.0
2127,3,95,2024-08-07,2,244.81,0.0
2128,9,40,2024-04-22,2,21.17,0.0
2129,2,34,2024-11-08,10,99.91,0.25
2130,1,168,10/11/2024,5,115.57,0.1
2131,8,91,2024-06-02,11,146.33,0.0
2132,7,52,2024-09-29,9,158.1,0.0
2133,2,96,2024-12-28,3,169.6,0.0
2134,6,22,2024-08-13,11,28.7,0.05
2135,6,82,2024-06-08,1,111.57,0.25
2136,1,163,2024-12-04,4,102.16,0.15
2137,9,142,2024-07-06,12,36.7,0.15
2138,9,147,2024-02-19,2,159.14,0.05
2139,7,47,2024-11-04,10,118.87,0.0
2140,2,108,2024-12-01,3,151.96,0.25
2141,2,130,2024-06-03,6,200.9,0.0
2142,3,31,2024-11-19,2,110.33,0.15
2143,2,158,16/11/2024,5,81.38,0.05
2144,9,38,2024-08-27,7,27.57,0.15
2145,7,165,2024-02-10,5,56.11,0.25
2146,3,157,2024-01-11,3,147.67,0.25
2147,1,78,2024-12-19,5,125.42,0.05
2148,4,27,2024-08-11,6,83.28,0.15
2149,1,97,2024-11-24,2,51.84,0.05
2150,4,81,2024-02-26,5,39.73,0.25
2151,1,136,2024-10-03,1,182.39,0.15
2152,6,165,2024-02-26,3,,0.0
2153,4,41,2024-06-14,9,157.72,0.1
2154,8,81,2024-01-24,6,39.73,0.25
2155,1,59,2024-11-08,4,30.25,0.0
2156,5,118,2024-10-01,4,153.88,0.0
2157,10,134,2024-01-15,6,141.92,0.05
2158,7,6,2024-06-09,8,18.62,0.15
2159,10,3,2024-04-05,10,91.88,0.0
2160,9,151,2024-11-15,3,22.4,0.05
2161,1,100,2024-12-20,5,120.25,0.15
2162,7,69,2024-11-03,9,68.64,0.05
2163,7,50,15/02/2024,9,168.2,0.1
2164,10,72,2024-04-23,11,94.95,0.15
2165,7,159,2024-03-24,2,51.69,0.0
2166,5,154,2024-11-10,4,104.34,0.0
2167,10,23,2024-12-07,9,135.4,0.05
2168,2,162,2024-02-20,8,125.27,0.25
2169,4,62,2024-10-03,1,11.77,0.15
2170,1,7,2024-09-12,9,12.29,0.05
2171,3,159,2024-11-18,10,51.69,0.05
2172,5,112,2024-11-10,3,58.1,0.0
2173,4,35,2024-07-26,4,8.64,0.15
2174,3,96,2024-01-06,9,169.6,0.1
2175,9,134,2024-04-25,3,141.92,0.0
2176,4,41,2024-12-05,3,157.72,0.15
2177,1,91,2024-05-21,10,146.33,0.0
2178,7,19,2024-07-03,5,61.27,0.0
2179,10,168,2024-04-30,3,115.57,0.05
2180,4,168,2024-12-14,12,115.57,0.15
2181,1,159,2024-11-13,4,51.69,0.1
2182,3,94,2024-06-09,9,179.27,0.0
2183,10,163,2024-01-08,3,,0.1
2184,2,7,2024-05-16,8,12.29,0.25
2185,8,88,2024-08-07,4,106.78,0.15
2186,7,124,2024-09-04,4,19.68,0.25
2187,4,170,2024-03-17,10,8.38,0.1
2188,4,110,2024-03-02,-10,240.3,0.05
2189,9,99,2024-11-02,6,207.07,0.0
2190,8,158,2024-11-05,2,81.38,0.25
2191,7,47,16/12/2024,11,118.87,0.1
2192,4,81,2024-09-20,12,39.73,0.15
2193,2,1,2024-05-12,8,38.35,0.0
2194,1,123,2024-10-30,12,,0.0
2195,8,40,2024-11-23,5,21.17,0.05
2196,10,112,2024-03-11,5,58.1,0.1
2197,10,152,2024-09-17,1,77.49,0.0
2198,2,115,2024-12-25,2,212.31,0.0
2199,5,126,2024-02-26,12,28.64,0.25
2200,9,22,2024-12-21,12,28.7,0.1
2201,1,76,2024-07-19,4,150.97,0.05
2202,2,8,2024-08-23,8,98.81,0.0
2203,2,38,2024-03-01,3,27.57,0.15
2204,3,99,2024-11-09,4,207.07,0.0
2205,1,94,2024-11-23,4,179.27,0.0
2206,5,67,2024-12-21,2,107.18,0.25
2207,4,146,2024-02-23,5,127.32,0.1
2208,2,148,2024-07-29,3,126.73,0.0
2209,5,91,2024-01-02,9,146.33,0.25
2210,2,148,2024-11-22,8,126.73,0.05
2211,2,55,2024-11-21,11,120.86,0.0
2212,10,90,2024-01-13,4,98.0,0.1
2213,7,57,2024-10-13,11,75.29,0.15
2214,9,153,2024-03-11,3,149.65,0.0
2215,8,41,2024-12-23,3,157.72,0.1
2216,3,136,2024-01-08,8,182.39,0.0
2217,6,38,2024-10-05,2,27.57,0.1
2218,6,56,2024-12-22,3,91.09,0.1
2219,9,125,2024-12-05,10,151.37,0.05
2220,10,99,2024-09-19,8,207.07,0.15
2221,5,53,2024-06-28,12,131.05,0.25
2222,6,112,2024-10-05,6,58.1,0.0
2223,3,76,2024-02-15,11,150.97,0.0
2224,4,3,2024-04-27,3,91.88,0.0
2225,9,122,2024-11-22,9,28.93,0.0
2226,7,57,2024-08-09,12,75.29,0.0
2227,9,59,2024-10-13,2,30.25,0.05
2228,8,7,2024-04-02,3,12.29,0.05
2229,2,165,2024-06-03,8,56.11,0.0
2230,2,76,04/10/2024,2,150.97,0.05
2231,6,9,2024-07-28,-1,100.29,0.0
2232,1,72,2024-10-28,6,94.95,0.15
2233,3,86,2024-08-10,10,125.76,0.0
2234,3,31,2024-06-08,3,110.33,0.05
2235,3,10,2024-10-15,3,136.82,0.15
2236,8,96,2024-11-04,2,,0.1
2237,7,161,2024-01-10,10,203.07,0.15
2238,6,153,2024-07-10,7,149.65,0.25
2239,9,2,2024-02-03,9,81.57,0.25
2240,7,84,2024-07-09,9,219.55,0.05
2241,4,94,2024-03-07,9,179.27,0.05
2242,1,5,2024-09-21,9,152.79,0.25
2243,7,28,2024-11-02,12,143.98,0.0
2244,8,115,2024-04-22,5,212.31,0.05
2245,6,121,2024-09-20,4,164.69,0.05
2246,9,112,2024-05-29,1,58.1,0.25
2247,9,158,2024-10-01,7,81.38,0.15
2248,7,161,2024-02-01,1,203.07,0.05
2249,3,152,2024-11-21,5,77.49,0.0
2250,4,170,2024-07-20,10,8.38,0.0
2251,2,34,2024-01-20,7,99.91,0.25
2252,8,96,2024-07-24,1,169.6,0.05
2253,2,2,2024-11-20,2,81.57,0.1
2254,4,63,2024-12-21,3,110.07,0.1
2255,4,116,2024-08-05,7,182.63,0.0
2256,9,63,2024-10-26,2,110.07,0.0
2257,6,160,2024-10-17,8,215.87,0.0
2258,6,13,2024-08-30,3,91.64,0.1
2259,10,98,2024-09-16,12,93.24,0.05
2260,10,97,2024-07-22,8,51.84,0.0
2261,10,92,2024-12-26,4,96.38,0.25
2262,8,43,2024-09-25,3,88.26,0.25
2263,1,49,2024-12-28,8,89.67,0.0
2264,4,22,2024-07-23,4,28.7,0.0
2265,7,47,2024-04-04,12,118.87,0.15
2266,8,48,2024-04-19,10,43.06,0.15
2267,8,80,2024-08-16,9,210.02,0.0
2268,10,111,2024-08-15,5,43.1,0.0
2269,7,150,2024-12-14,10,89.35,0.0
2270,3,45,2024-12-02,12,29.94,0.15
2271,8,12,2024-11-19,12,105.87,0.15
2272,9,31,2024-09-10,3,110.33,0.0
2273,4,121,2024-12-16,7,164.69,0.15
2274,8,59,2024-11-28,9,30.25,0.25
2275,8,60,2024-08-09,9,27.88,0.0
2276,1,72,2024-07-12,3,94.95,0.0
2277,7,148,2024-02-06,11,126.73,0.25
2278,2,121,2024-11-18,4,164.69,0.0
2279,8,28,2024-10-28,2,143.98,0.15
2280,1,77,2024-04-15,2,68.92,0.25
2281,3,152,2024-12-26,5,77.49,0.25
2282,1,44,2024-12-01,9,260.43,0.0
2283,9,86,2024-04-05,12,125.76,0.0
2284,2,154,2024-12-12,8,104.34,0.0
2285,5,165,2024-09-10,11,56.11,0.25
2286,7,151,2024-05-14,10,22.4,0.0
2287,1,160,2024-05-27,8,215.87,0.25
2288,1,152,2024-10-14,3,77.49,0.15
2289,10,82,2024-12-11,6,111.57,0.0
2290,6,155,2024-12-07,6,165.6,0.05
2291,8,15,2024-07-03,11,149.2,0.0
2292,5,57,2024-11-24,10,,0.0
2293,1,5,2024-09-16,5,152.79,0.0
2294,9,153,2024-10-05,2,149.65,0.0
2295,2,143,2024-04-06,2,233.86,0.15
2296,5,53,2024-02-14,9,131.05,0.25
2297,1,19,2024-02-15,10,61.27,0.25
2298,7,71,2024-08-21,6,11.55,0.1
2299,3,158,2024-12-04,11,81.38,0.25
2300,9,155,2024-01-18,12,165.6,0.15
2301,10,6,2024-12-18,2,18.62,0.0
2302,3,95,2024-09-01,6,244.81,0.1
2303,6,155,2024-09-13,8,165.6,0.1
2304,8,1,2024-12-11,10,38.35,0.0
2305,10,98,2024-03-04,8,93.24,0.0
2306,3,45,2024-11-04,12,29.94,0.0
2307,4,38,2024-02-12,9,27.57,0.15
2308,8,98,2024-12-06,2,93.24,0.05
2309,7,98,2024-06-30,8,93.24,0.25
2310,4,101,2024-02-11,12,131.65,0.15
2311,4,8,2024-11-03,11,98.81,0.0
2312,8,37,2024-01-07,3,19.91,0.0
2313,6,111,2024-09-09,3,43.1,0.0
2314,4,8,2024-11-06,12,98.81,0.05
2315,9,22,2024-12-17,11,28.7,0.0
2316,5,64,2024-10-03,12,54.54,0.1
2317,1,158,2024-06-18,10,81.38,0.25
2318,10,27,2024-12-20,5,83.28,0.15
2319,1,5,2024-09-15,9,152.79,0.0
2320,9,75,2024-11-24,4,29.49,0.0
2321,4,149,2024-05-15,2,212.9,0.0
2322,8,117,2024-02-26,5,144.39,0.25
2323,4,148,23/12/2024,10,126.73,0.0
2324,6,151,2024-02-22,6,22.4,0.1
2325,6,14,2024-07-27,7,13.97,0.0
2326,2,68,2024-02-23,11,17.26,0.1
2327,6,43,2024-08-27,11,88.26,0.1
2328,10,105,2024-03-19,2,136.88,0.0
2329,7,20,2024-12-14,3,150.34,0.15
2330,10,124,2024-05-18,12,19.68,0.15
2331,9,81,2024-07-06,5,39.73,0.25
2332,3,137,2024-10-10,5,165.65,0.25
2333,9,98,2024-05-30,4,93.24,0.0
2334,8,127,2024-02-26,7,51.12,0.05
2335,3,81,2024-09-25,6,39.73,0.05
2336,3,138,2024-12-01,6,98.66,0.25
2337,5,27,2024-12-16,6,83.28,0.1
2338,6,170,2024-11-24,6,8.38,0.0
2339,4,119,2024-12-28,2,38.1,0.0
2340,8,84,2024-03-22,3,219.55,0.05
2341,5,23,2024-10-22,4,,0.0
2342,10,119,05/02/2024,1,38.1,0.0
2343,4,151,2024-04-24,6,22.4,0.1
2344,3,51,2024-10-03,9,160.16,0.1
2345,5,32,2024-12-04,1,195.25,0.25
2346,2,156,26/06/2024,3,173.78,0.0
2347,5,77,2024-02-28,5,68.92,0.0
2348,4,69,2024-06-17,9,68.64,0.15
2349,9,121,2024-08-24,1,164.69,0.25
2350,4,115,2024-12-09,8,212.31,0.05
2351,3,14,2024-02-13,8,13.97,0.25
2352,8,81,2024-01-13,7,39.73,0.05
2353,10,64,2024-11-13,5,54.54,0.0
2354,4,145,2024-05-03,8,33.88,0.0
2355,7,14,2024-06-04,7,13.97,0.05
2356,7,50,2024-08-04,3,168.2,0.0
2357,2,135,2024-01-30,11,198.75,0.0
2358,2,164,08/11/2024,4,78.92,0.0
2359,6,35,2024-04-09,-12,8.64,0.0
2360,5,60,2024-08-14,1,27.88,0.0
2361,9,22,2024-08-06,2,28.7,0.1
2362,4,55,2024-03-13,1,120.86,0.25
2363,6,103,2024-06-23,2,143.37,0.0
2364,5,124,2024-12-09,4,19.68,0.25
2365,7,163,2024-06-22,1,102.16,0.0
2366,8,25,2024-02-08,9,179.28,0.05
2367,6,95,2024-04-06,2,244.81,0.0
2368,6,62,2024-03-17,4,11.77,0.1
2369,7,169,2024-10-19,8,48.02,0.05
2370,2,16,2024-12-11,8,,0.15
2371,5,161,2024-07-19,6,203.07,0.25
2372,3,47,2024-09-12,9,118.87,0.05
2373,3,168,2024-12-17,1,115.57,0.0
2374,8,164,2024-01-08,8,78.92,0.1
2375,10,143,2024-02-24,4,233.86,0.0
2376,3,53,2024-07-02,7,131.05,0.25
2377,3,146,2024-09-10,1,127.32,0.05
2378,2,145,2024-07-22,6,33.88,0.05
2379,6,142,2024-04-03,12,36.7,0.25
2380,6,87,27/08/2024,9,211.16,0.0
2381,2,95,2024-10-03,6,244.81,0.0
2382,9,120,2024-02-10,12,234.32,0.0
2383,10,69,2024-06-08,6,68.64,0.0
2384,1,119,2024-01-24,10,38.1,0.25
2385,9,8,2024-12-24,11,98.81,0.15
2386,9,64,2024-02-25,3,54.54,0.0
2387,1,157,2024-05-27,1,147.67,0.0
2388,6,38,2024-04-26,8,27.57,0.0
2389,4,75,2024-12-12,8,29.49,0.0
2390,8,109,2024-01-14,9,204.21,0.0
2391,4,167,2024-01-16,6,20.08,0.0
2392,7,135,2024-08-16,7,198.75,0.15
2393,1,161,2024-12-04,3,203.07,0.1
2394,6,42,2024-12-09,7,169.87,0.0
2395,4,112,2024-01-21,8,58.1,0.15
2396,6,149,2024-06-24,3,212.9,0.0
2397,2,58,2024-03-29,11,216.14,0.0
2398,3,155,2024-08-09,12,165.6,0.25
2399,5,24,2024-12-15,7,80.42,0.0
2400,9,163,2024-11-03,12,102.16,0.25
2401,6,40,2024-08-30,1,21.17,0.05
2402,2,163,2024-10-21,6,102.16,0.0
2403,6,67,2024-07-28,5,107.18,0.05
2404,3,119,2024-10-19,-3,38.1,0.0
2405,3,93,2024-11-13,8,187.19,0.05
2406,4,105,2024-06-23,10,136.88,0.05
2407,8,156,2024-11-03,8,173.78,0.1
2408,8,82,2024-03-15,6,111.57,0.05
2409,4,29,2024-08-09,5,128.85,0.0
2410,8,87,2024-09-04,11,211.16,0.0
2411,9,136,2024-01-30,3,182.39,0.0
2412,9,69,2024-06-28,11,68.64,0.0
2413,9,104,06/04/2024,9,246.47,0.0
2414,7,73,2024-05-09,7,242.79,0.0
2415,8,107,2024-10-13,5,9.07,0.05
2416,1,136,2024-11-11,9,182.39,0.15
2417,10,149,2024-06-09,3,212.9,0.0
2418,5,125,2024-04-30,6,151.37,0.1
2419,3,164,2024-02-16,3,78.92,0.1
2420,4,20,2024-06-01,12,150.34,0.0
2421,6,8,2024-09-30,3,98.81,0.1
2422,7,94,2024-03-18,9,179.27,0.0
2423,2,27,2024-06-17,2,83.28,0.15
2424,8,29,28/11/2024,2,128.85,0.1
2425,6,117,2024-05-08,10,144.39,0.1
2426,5,32,2024-01-05,4,195.25,0.1
2427,2,61,2024-11-25,8,24.26,0.0
2428,10,61,2024-01-04,10,24.26,0.0
2429,1,111,11/09/2024,7,43.1,0.0
2430,2,116,2024-02-22,10,182.63,0.25
2431,10,85,2024-01-26,7,88.45,0.05
2432,5,19,2024-06-04,9,61.27,0.1
2433,6,144,2024-08-09,3,72.5,0.0
2434,3,115,2024-02-18,8,212.31,0.0
2435,7,151,2024-06-19,9,22.4,0.1
2436,9,72,2024-03-06,2,94.95,0.05
2437,2,152,2024-03-05,2,77.49,0.05
2438,5,134,2024-06-23,5,141.92,0.0
2439,5,114,2024-12-02,11,137.91,0.05
2440,2,46,2024-06-22,9,46.4,0.25
2441,2,85,2024-10-19,7,88.45,0.0
2442,1,54,2024-03-21,5,241.98,0.0
2443,8,164,2024-06-17,12,78.92,0.05
2444,8,45,2024-06-17,6,29.94,0.0
2445,8,6,2024-10-23,9,18.62,0.0
2446,7,36,2024-10-26,2,31.45,0.15
2447,2,58,2024-10-05,7,216.14,0.0
2448,5,51,2024-11-24,1,160.16,0.15
2449,3,61,2024-02-23,3,24.26,0.0
2450,2,106,2024-09-22,2,97.25,0.0
2451,6,95,2024-01-05,4,244.81,0.0
2452,6,58,2024-03-16,1,216.14,0.0
2453,5,44,2024-09-26,1,260.43,0.05
2454,5,111,2024-07-05,12,43.1,0.15
2455,4,99,2024-11-10,4,207.07,0.15
2456,4,101,2024-04-09,4,131.65,0.0
2457,5,25,2024-04-29,3,179.28,0.0
2458,5,61,2024-11-10,3,24.26,0.1
2459,2,106,2024-02-05,3,97.25,0.25
2460,10,170,2024-11-28,6,8.38,0.0
2461,9,62,2024-07-02,11,11.77,0.1
2462,8,152,2024-04-08,6,77.49,0.05
2463,3,46,2024-05-26,2,46.4,0.0
2464,2,143,2024-06-30,8,233.86,0.25
2465,3,138,2024-12-09,12,98.66,0.1
2466,5,104,2024-04-09,1,246.47,0.15
2467,8,155,2024-08-26,1,165.6,0.0
2468,8,89,2024-07-24,2,16.36,0.0
2469,10,69,01/07/2024,1,68.64,0.0
2470,6,125,2024-10-16,2,151.37,0.0
2471,9,103,2024-09-06,8,143.37,0.1
2472,9,7,2024-12-05,12,12.29,0.0
2473,4,82,2024-10-27,6,111.57,0.0
2474,4,55,2024-12-20,10,120.86,0.0
2475,2,100,27/12/2024,1,120.25,0.15
2476,1,88,2024-11-20,4,106.78,0.05
2477,4,156,2024-08-10,8,173.78,0.1
2478,5,133,2024-11-28,10,107.43,0.0
2479,4,116,2024-06-23,8,182.63,0.05
2480,2,12,2024-02-08,11,105.87,0.15
2481,8,45,2024-12-22,8,29.94,0.0
2482,7,160,2024-04-06,3,215.87,0.05
2483,2,153,2024-04-01,2,149.65,0.0
2484,3,9,2024-10-25,10,100.29,0.0
2485,7,30,2024-11-24,8,212.07,0.0
2486,10,48,2024-11-07,12,43.06,0.0
2487,10,121,2024-02-28,3,164.69,0.25
2488,5,127,2024-08-14,7,51.12,0.25
2489,2,40,2024-08-17,10,21.17,0.0
2490,5,163,2024-07-13,9,102.16,0.05
2491,1,101,2024-09-16,7,131.65,0.15
2492,6,20,2024-12-02,8,150.34,0.1
2493,9,102,2024-11-25,3,25.17,0.0
2494,8,89,2024-05-28,3,16.36,0.0
2495,3,154,2024-08-25,9,104.34,0.1
2496,8,146,2024-01-07,4,127.32,0.05
2497,3,100,2024-07-09,11,120.25,0.05
2498,8,161,2024-12-26,1,203.07,0.0
2499,8,92,2024-12-14,9,96.38,0.0
2500,8,125,2024-10-09,7,151.37,0.15
2501,10,70,2024-05-05,6,149.07,0.05
2502,4,8,2024-07-30,9,98.81,0.0
2503,7,102,2024-11-02,7,25.17,0.0
2504,2,160,2024-03-12,5,215.87,0.0
2505,4,92,2024-11-28,10,96.38,0.15
2506,2,121,2024-07-01,5,164.69,0.0
2507,1,68,2024-08-19,2,17.26,0.15
2508,8,127,2024-02-27,6,51.12,0.15
2509,8,35,2024-01-28,11,8.64,0.0
2510,9,66,2024-12-21,7,254.58,0.0
2511,9,148,2024-06-13,7,126.73,0.25
2512,10,55,2024-04-16,9,120.86,0.0
2513,10,84,2024-12-12,3,219.55,0.0
2514,3,115,2024-01-19,4,212.31,0.25
2515,8,59,2024-01-31,11,30.25,0.25
2516,10,46,2024-06-21,4,46.4,0.05
2517,10,104,14/06/2024,7,246.47,0.0
2518,4,78,2024-06-06,9,125.42,0.0
2519,6,131,2024-08-11,1,141.63,0.15
2520,9,157,2024-08-23,6,147.67,0.1
2521,5,91,2024-04-27,7,146.33,0.1
2522,2,9,2024-11-24,5,100.29,0.1
2523,1,37,2024-08-31,7,,0.0
2524,9,25,2024-05-21,10,179.28,0.0
2525,6,85,2024-12-12,2,88.45,0.05
2526,9,98,2024-05-26,2,93.24,0.1
2527,2,154,2024-11-10,11,104.34,0.05
2528,3,148,08/08/2024,5,126.73,0.0
2529,5,67,2024-01-05,11,107.18,0.25
2530,1,115,2024-06-02,7,212.31,0.15
2531,7,132,2024-11-26,12,133.08,0.1
2532,10,131,2024-08-20,12,141.63,0.0
2533,6,71,2024-02-28,4,11.55,0.05
2534,3,169,2024-01-24,3,48.02,0.0
2535,7,116,2024-07-31,8,182.63,0.25
2536,7,105,2024-05-26,11,136.88,0.05
2537,8,26,2024-12-03,9,163.65,0.15
2538,7,22,2024-03-10,9,28.7,0.1
2539,10,28,2024-11-03,1,143.98,0.05
2540,3,85,2024-04-13,6,88.45,0.25
2541,4,143,2024-05-21,2,233.86,0.0
2542,1,35,2024-03-08,2,8.64,0.0
2543,1,90,2024-07-13,3,98.0,0.15
2544,4,20,2024-08-31,12,150.34,0.0
2545,7,87,2024-02-02,3,211.16,0.25
2546,5,59,2024-10-11,5,30.25,0.15
2547,9,69,2024-04-07,5,68.64,0.15
2548,3,3,2024-03-19,10,91.88,0.0
2549,6,131,2024-09-15,11,141.63,0.0
2550,6,29,2024-04-22,1,128.85,0.0
2551,1,66,2024-01-20,12,254.58,0.25
2552,2,14,2024-05-04,4,13.97,0.25
2553,3,43,2024-06-13,11,88.26,0.0
2554,5,135,2024-01-31,3,198.75,0.25
2555,4,10,2024-04-01,6,136.82,0.15
2556,8,166,2024-03-30,3,44.53,0.25
2557,8,57,2024-02-12,4,75.29,0.0
2558,2,117,2024-11-20,7,144.39,0.05
2559,2,163,2024-09-17,5,102.16,0.05
2560,6,133,2024-09-09,11,107.43,0.25
2561,7,69,2024-07-05,1,68.64,0.05
2562,8,123,2024-03-11,3,108.4,0.15
2563,10,31,2024-08-17,10,110.33,0.15
2564,4,93,2024-08-05,8,187.19,0.1
2565,6,153,2024-08-10,5,149.65,0.05
2566,8,164,2024-03-27,3,78.92,0.25
2567,7,18,2024-09-21,9,204.77,0.15
2568,8,134,2024-03-08,7,141.92,0.0
2569,1,61,2024-07-10,9,24.26,0.05
2570,2,47,30/07/2024,6,118.87,0.0
2571,3,142,2024-08-25,7,36.7,0.0
2572,7,21,2024-01-19,1,89.09,0.25
2573,5,109,2024-05-23,11,204.21,0.05
2574,2,95,2024-02-14,7,244.81,0.1
2575,1,142,2024-09-02,4,36.7,0.05
2576,2,64,2024-08-07,3,54.54,0.25
2577,6,120,2024-01-07,11,234.32,0.0
2578,4,155,2024-07-31,7,165.6,0.25
2579,8,128,2024-05-16,2,,0.0
2580,2,147,2024-01-15,6,159.14,0.15
2581,1,72,2024-04-21,2,94.95,0.25
2582,8,63,2024-01-15,6,110.07,0.0
2583,7,5,2024-08-01,4,152.79,0.1
2584,1,90,2024-12-28,12,98.0,0.0
2585,10,39,2024-08-12,9,112.9,0.05
2586,4,117,2024-03-29,3,144.39,0.05
2587,9,124,2024-10-05,11,19.68,0.0
2588,10,63,2024-02-08,1,110.07,0.25
2589,2,82,2024-12-10,7,111.57,0.25
2590,5,71,18/08/2024,4,11.55,0.25
2591,2,78,2024-04-02,8,125.42,0.15
2592,1,65,2024-03-26,4,65.09,0.25
2593,7,25,2024-11-03,8,179.28,0.15
2594,3,97,2024-11-24,7,51.84,0.1
2595,3,113,2024-08-29,4,114.72,0.15
2596,8,27,2024-01-01,4,83.28,0.0
2597,4,27,2024-09-06,7,83.28,0.0
2598,10,72,2024-12-08,8,94.95,0.25
2599,5,127,2024-05-17,1,51.12,0.0
2600,3,26,2024-11-21,8,,0.1
2601,7,141,2024-10-12,6,45.08,0.0
2602,2,46,2024-05-29,10,46.4,0.0
2603,7,90,2024-09-12,12,98.0,0.0
2604,2,167,2024-11-22,11,20.08,0.25
2605,8,1,2024-11-02,4,38.35,0.1
2606,3,54,2024-07-17,3,241.98,0.0
2607,3,76,2024-05-08,6,150.97,0.0
2608,1,141,2024-10-21,3,45.08,0.0
2609,10,40,2024-12-20,7,21.17,0.0
2610,8,137,2024-06-23,1,165.65,0.0
2611,6,67,2024-11-05,6,107.18,0.0
2612,6,32,2024-05-20,11,195.25,0.1
2613,1,148,2024-07-31,6,126.73,0.25
2614,4,141,2024-07-29,10,45.08,0.25
2615,10,52,2024-01-09,6,158.1,0.1
2616,4,36,2024-12-09,12,31.45,0.1
2617,8,83,2024-03-31,1,48.4,0.0
2618,4,4,2024-05-22,7,167.47,0.0
2619,7,31,2024-12-08,8,110.33,0.0
2620,8,110,2024-12-03,11,240.3,0.0
2621,5,124,2024-12-13,6,19.68,0.05
2622,1,49,2024-07-02,4,89.67,0.15
2623,9,14,2024-07-23,12,13.97,0.0
2624,1,3,2024-11-15,2,91.88,0.25
2625,2,103,2024-12-19,7,143.37,0.15
2626,7,68,2024-06-16,11,17.26,0.0
2627,7,103,2024-02-29,12,143.37,0.0
2628,6,73,2024-02-02,2,242.79,0.1
2629,5,31,2024-12-24,2,110.33,0.05
2630,5,4,2024-06-09,2,167.47,0.0
2631,10,157,2024-01-26,5,147.67,0.0
2632,5,81,2024-10-22,10,39.73,0.05
2633,10,143,2024-08-11,5,233.86,0.25
2634,9,30,14/08/2024,5,212.07,0.25
2635,9,143,2024-05-11,2,233.86,0.0
2636,1,161,2024-02-19,10,203.07,0.1
2637,6,88,2024-10-05,4,106.78,0.25
2638,3,118,2024-12-01,12,153.88,0.25
2639,6,15,2024-11-11,10,149.2,0.05
2640,10,82,2024-07-20,9,111.57,0.0
2641,9,119,2024-12-16,5,38.1,0.0
2642,6,121,2024-09-28,10,164.69,0.25
2643,7,135,2024-04-07,10,198.75,0.25
2644,7,21,2024-03-06,6,89.09,0.0
2645,1,55,2024-05-13,1,120.86,0.25
2646,10,93,2024-12-01,7,187.19,0.0
2647,5,23,2024-07-19,9,135.4,0.05
2648,5,9,2024-05-02,11,100.29,0.0
2649,8,47,2024-11-01,8,118.87,0.0
2650,5,21,2024-08-23,9,89.09,0.05
2651,2,21,2024-11-14,8,89.09,0.05
2652,8,19,2024-10-23,12,61.27,0.0
2653,6,93,2024-11-24,2,187.19,0.0
2654,7,81,2024-11-19,7,39.73,0.0
2655,4,153,2024-03-03,5,149.65,0.25
2656,8,72,2024-11-09,12,94.95,0.25
2657,9,169,2024-04-25,8,48.02,0.15
2658,5,77,2024-02-26,12,68.92,0.25
2659,9,89,2024-11-10,10,16.36,0.15
2660,8,56,2024-08-19,12,91.09,0.15
2661,1,69,2024-05-30,8,68.64,0.1
2662,1,98,2024-05-16,11,93.24,0.15
2663,7,64,2024-10-20,1,54.54,0.15
2664,7,102,2024-04-16,7,25.17,0.15
2665,6,9,2024-01-18,5,100.29,0.05
2666,7,22,2024-03-13,1,28.7,0.05
2667,10,100,2024-09-13,12,120.25,0.1
2668,9,89,2024-12-10,3,16.36,0.25
2669,1,114,2024-07-12,10,137.91,0.1
2670,4,107,2024-03-23,1,9.07,0.0
2671,7,146,2024-03-25,12,127.32,0.15
2672,5,138,2024-05-21,6,98.66,0.0
2673,2,143,2024-10-17,8,233.86,0.0
2674,1,3,2024-12-08,12,91.88,0.25
2675,2,8,2024-04-15,2,98.81,0.05
2676,6,119,2024-04-27,9,38.1,0.0
2677,2,111,2024-11-16,-7,43.1,0.25
2678,8,98,2024-11-13,11,93.24,0.15
2679,1,103,2024-03-24,8,143.37,0.05
2680,4,127,2024-09-02,8,51.12,0.0
2681,5,68,2024-10-30,9,17.26,0.1
2682,3,106,2024-04-29,1,97.25,0.15
2683,5,22,2024-05-23,9,28.7,0.15
2684,8,30,2024-10-18,5,212.07,0.0
2685,10,50,2024-11-14,11,168.2,0.0
2686,3,118,2024-02-25,5,153.88,0.15
2687,10,15,2024-09-08,11,149.2,0.15
2688,1,69,2024-08-02,6,68.64,0.15
2689,2,149,2024-01-20,4,212.9,0.1
2690,7,98,2024-11-12,5,93.24,0.25
2691,7,123,2024-12-07,6,108.4,0.0
2692,5,75,2024-05-24,4,29.49,0.1
2693,6,137,2024-05-24,7,165.65,0.15
2694,10,8,2024-05-14,6,98.81,0.05
2695,9,2,2024-10-14,1,81.57,0.0
2696,8,131,2024-04-03,2,141.63,0.1
2697,1,96,2024-10-19,5,169.6,0.0
2698,6,46,2024-11-12,7,46.4,0.25
2699,6,122,2024-04-02,12,28.93,0.15
2700,2,127,2024-10-09,2,51.12,0.0
2701,4,151,2024-04-24,6,22.4,0.1
2702,10,56,2024-12-21,3,91.09,0.0
2703,9,95,2024-08-12,6,244.81,0.15
2704,3,164,2024-05-23,2,78.92,0.0
2705,5,146,2024-08-17,1,127.32,0.0
2706,6,93,2024-09-11,12,187.19,0.15
2707,10,33,2024-11-24,4,162.49,0.1
2708,4,28,2024-01-28,3,143.98,0.0
2709,7,61,2024-11-04,9,24.26,0.0
2710,2,96,2024-02-14,9,169.6,0.1
2711,10,153,2024-05-14,11,149.65,0.05
2712,6,76,2024-11-24,4,150.97,0.0
2713,6,79,2024-02-09,10,156.97,0.0
2714,1,12,2024-06-07,9,105.87,0.0
2715,5,145,2024-02-22,9,33.88,0.25
2716,2,82,2024-12-14,8,111.57,0.25
2717,10,54,2024-02-09,1,241.98,0.0
2718,5,88,2024-09-05,10,106.78,0.0
2719,7,114,31/03/2024,12,137.91,0.1
2720,4,103,2024-12-14,9,143.37,0.0
2721,10,135,2024-03-12,12,198.75,0.15
2722,2,3,2024-08-13,11,91.88,0.0
2723,1,15,2024-11-15,1,149.2,0.0
2724,4,39,2024-05-25,11,112.9,0.1
2725,2,155,2024-10-13,4,165.6,0.1
2726,9,87,2024-12-29,4,211.16,0.05
2727,9,36,2024-03-23,-3,31.45,0.0
2728,3,90,2024-02-10,9,98.0,0.05
2729,7,83,2024-11-03,7,48.4,0.15
2730,10,44,2024-02-28,12,260.43,0.0
2731,10,52,2024-03-03,7,158.1,0.05
2732,3,68,2024-11-10,7,17.26,0.15
2733,3,41,2024-02-12,9,157.72,0.0
2734,5,121,2024-03-30,10,164.69,0.0
2735,8,102,2024-05-04,10,25.17,0.25
2736,9,129,2024-07-15,12,151.03,0.0
2737,5,152,2024-04-09,9,77.49,0.25
2738,2,94,2024-12-01,9,179.27,0.15
2739,8,155,2024-09-20,12,165.6,0.0
2740,6,3,2024-11-10,7,91.88,0.05
2741,5,60,2024-02-13,2,27.88,0.05
2742,8,25,2024-02-26,10,179.28,0.05
2743,9,120,2024-08-24,4,234.32,0.05
2744,6,49,2024-08-10,8,89.67,0.0
2745,4,157,2024-11-18,12,147.67,0.0
2746,6,42,2024-01-11,8,169.87,0.25
2747,10,75,2024-07-19,8,29.49,0.0
2748,8,106,2024-05-01,11,97.25,0.0
2749,4,86,2024-09-08,7,125.76,0.0
2750,8,47,2024-02-24,4,118.87,0.1
2751,5,116,2024-12-08,12,182.63,0.25
2752,2,101,2024-05-23,6,131.65,0.0
2753,9,100,2024-11-02,8,120.25,0.1
2754,8,145,2024-09-12,3,33.88,0.0
2755,1,53,2024-09-26,1,131.05,0.0
2756,10,20,2024-12-17,2,150.34,0.25
2757,1,73,28/11/2024,12,242.79,0.0
2758,7,131,2024-10-14,7,141.63,0.15
2759,9,25,2024-03-16,2,179.28,0.0
2760,5,1,2024-03-26,9,38.35,0.0
2761,5,127,2024-03-10,4,51.12,0.1
2762,8,30,2024-12-21,3,212.07,0.0
2763,6,23,2024-11-23,3,135.4,0.1
2764,6,3,2024-05-08,12,91.88,0.0
2765,8,25,2024-04-14,3,179.28,0.0
2766,4,137,2024-05-27,7,165.65,0.1
2767,6,113,2024-05-14,4,114.72,0.15
2768,7,73,2024-06-16,3,242.79,0.0
2769,1,150,2024-03-02,7,89.35,0.15
2770,8,52,2024-10-30,11,158.1,0.1
2771,2,126,2024-01-17,11,28.64,0.25
2772,3,36,2024-07-04,7,31.45,0.0
2773,4,78,2024-02-20,8,125.42,0.0
2774,8,117,2024-05-20,12,144.39,0.1
2775,7,15,2024-07-07,1,149.2,0.1
2776,5,26,2024-10-01,10,163.65,0.25
2777,8,2,2024-09-18,5,81.57,0.0
2778,4,25,2024-12-25,12,179.28,0.25
2779,6,20,2024-04-21,10,150.34,0.0
2780,8,150,2024-07-26,11,89.35,0.1
2781,1,151,2024-02-16,2,22.4,0.1
2782,7,63,2024-06-29,8,110.07,0.0
2783,2,132,2024-02-24,11,133.08,0.15
2784,1,143,2024-09-23,4,233.86,0.05
2785,8,166,2024-03-12,10,44.53,0.0
2786,9,77,2024-01-24,9,68.92,0.0
2787,10,118,2024-02-28,8,153.88,0.1
2788,1,1,2024-04-26,7,38.35,0.1
2789,3,19,2024-02-07,8,61.27,0.0
2790,6,131,2024-08-04,6,141.63,0.15
2791,7,168,2024-08-06,4,115.57,0.1
2792,9,113,2024-04-25,10,114.72,0.0
2793,8,52,2024-10-27,1,158.1,0.0
2794,7,133,2024-10-04,7,107.43,0.05
2795,1,121,2024-11-25,9,164.69,0.05
2796,7,60,2024-05-18,12,27.88,0.0
2797,1,66,2024-09-23,12,254.58,0.0
2798,2,66,2024-10-18,11,254.58,0.25
2799,2,143,2024-06-14,1,233.86,0.05
2800,4,105,2024-08-07,9,136.88,0.05
2801,9,158,2024-05-19,11,81.38,0.0
2802,7,154,2024-06-08,4,104.34,0.15
2803,3,57,2024-11-12,7,75.29,0.05
2804,5,133,2024-11-07,4,107.43,0.15
2805,10,66,2024-02-28,10,254.58,0.1
2806,8,45,2024-03-18,6,29.94,0.0
2807,2,147,2024-07-13,9,,0.0
2808,3,45,2024-12-25,11,29.94,0.1
2809,6,92,2024-12-18,2,96.38,0.0
2810,7,169,2024-06-09,7,48.02,0.15
2811,3,108,27/07/2024,11,151.96,0.25
2812,7,108,2024-09-19,11,151.96,0.05
2813,6,56,2024-07-31,6,91.09,0.1
2814,4,95,2024-12-20,9,244.81,0.0
2815,10,111,2024-12-06,9,,0.1
2816,10,159,2024-04-06,8,51.69,0.25
2817,9,155,2024-11-06,2,165.6,0.15
2818,4,99,2024-10-29,3,207.07,0.15
2819,8,38,2024-07-24,7,27.57,0.05
2820,10,112,2024-08-09,12,58.1,0.0
2821,9,9,2024-08-06,2,100.29,0.15
2822,6,52,2024-11-27,10,158.1,0.1
2823,10,146,08/02/2024,3,127.32,0.1
2824,2,104,2024-06-22,1,246.47,0.15
2825,9,84,2024-02-04,6,219.55,0.0
2826,9,40,2024-11-20,11,21.17,0.25
2827,4,42,2024-05-09,3,169.87,0.25
2828,3,1,2024-11-07,5,38.35,0.0
2829,5,5,2024-07-21,11,152.79,0.25
2830,10,161,2024-09-01,5,203.07,0.1
2831,5,166,2024-12-21,4,44.53,0.0
2832,3,118,2024-12-01,12,153.88,0.25
2833,7,93,2024-03-18,2,187.19,0.0
2834,9,144,2024-06-03,11,72.5,0.25
2835,5,86,2024-06-28,9,125.76,0.25
2836,10,76,2024-03-14,7,150.97,0.25
2837,7,159,2024-02-12,2,51.69,0.15
2838,10,125,2024-09-27,9,151.37,0.15
2839,9,78,2024-03-14,9,125.42,0.0
2840,6,60,2024-10-11,3,27.88,0.25
2841,3,6,2024-05-11,6,18.62,0.0
2842,5,144,2024-05-25,4,72.5,0.15
2843,3,147,2024-05-25,6,159.14,0.0
2844,7,163,2024-07-12,5,102.16,0.0
2845,7,135,2024-03-26,11,198.75,0.1
2846,7,47,2024-07-18,12,118.87,0.25
2847,2,131,2024-06-26,6,141.63,0.1
2848,8,139,2024-04-17,6,81.1,0.1
2849,1,49,2024-11-15,3,89.67,0.15
2850,10,41,2024-07-28,7,157.72,0.0
2851,2,140,2024-07-29,7,147.3,0.0
2852,1,99,2024-12-28,8,207.07,0.15
2853,7,97,2024-11-02,8,51.84,0.1
2854,7,70,2024-08-01,1,149.07,0.0
2855,2,36,2024-11-24,10,31.45,0.15
2856,8,77,2024-05-01,12,68.92,0.15
2857,9,148,2024-11-25,9,126.73,0.05
2858,2,153,2024-04-26,9,149.65,0.0
2859,9,62,2024-11-20,7,11.77,0.15
2860,7,155,2024-04-12,12,165.6,0.0
2861,2,8,2024-09-13,3,98.81,0.0
2862,8,33,2024-10-12,2,162.49,0.0
2863,4,145,20/03/2024,10,33.88,0.15
2864,5,1,2024-12-03,1,38.35,0.25
2865,1,34,2024-05-09,7,99.91,0.0
2866,2,65,2024-10-15,10,65.09,0.0
2867,1,49,2024-12-28,2,89.67,0.0
2868,8,167,2024-12-12,12,20.08,0.1
2869,7,24,2024-12-26,2,80.42,0.0
2870,6,150,2024-08-03,10,89.35,0.05
2871,3,138,2024-01-18,8,98.66,0.0
2872,3,164,2024-11-13,4,78.92,0.15
2873,6,30,2024-11-26,8,212.07,0.0
2874,9,30,2024-04-04,9,212.07,0.05
2875,2,1,2024-12-06,2,38.35,0.15
2876,6,38,2024-01-08,3,27.57,0.0
2877,2,8,2024-09-09,11,98.81,0.15
2878,2,160,2024-09-10,9,215.87,0.15
2879,6,170,2024-03-31,1,8.38,0.05
2880,2,153,2024-03-28,3,149.65,0.15
2881,4,57,2024-12-28,5,75.29,0.0
2882,8,3,2024-06-19,3,91.88,0.0
2883,4,127,2024-12-04,10,51.12,0.25
2884,3,122,2024-09-30,1,28.93,0.25
2885,8,107,2024-10-03,12,9.07,0.05
2886,4,86,2024-12-23,7,125.76,0.0
2887,7,68,2024-01-06,11,17.26,0.0
2888,6,24,2024-12-18,6,80.42,0.15
2889,4,126,2024-05-16,5,28.64,0.0
2890,5,52,2024-12-14,7,158.1,0.25
2891,1,51,2024-11-02,5,160.16,0.0
2892,9,46,2024-01-05,3,46.4,0.25
2893,7,109,2024-04-02,4,204.21,0.0
2894,4,14,2024-08-21,9,13.97,0.0
2895,7,74,20/12/2024,6,77.0,0.25
2896,9,72,2024-04-18,4,94.95,0.0
2897,2,93,2024-10-23,3,187.19,0.0
2898,10,62,2024-05-21,10,11.77,0.0
2899,3,127,2024-08-01,11,51.12,0.0
2900,5,31,28/11/2024,6,110.33,0.1
2901,9,6,2024-11-03,11,18.62,0.05
2902,4,65,2024-01-05,11,65.09,0.1
2903,1,137,2024-01-21,2,165.65,0.0
2904,7,107,2024-12-01,8,9.07,0.0
2905,1,100,2024-02-04,7,120.25,0.0
2906,4,118,2024-12-08,12,153.88,0.05
2907,3,94,2024-11-03,4,179.27,0.1
2908,5,137,2024-05-11,5,165.65,0.15
2909,7,112,2024-05-12,12,58.1,0.0
2910,5,141,2024-04-13,10,45.08,0.05
2911,6,69,2024-09-30,9,68.64,0.25
2912,10,149,2024-11-28,12,212.9,0.0
2913,4,105,2024-02-04,3,136.88,0.25
2914,4,34,2024-10-14,1,,0.0
2915,6,7,2024-09-20,12,12.29,0.0
2916,1,6,2024-11-08,7,18.62,0.25
2917,7,4,2024-09-16,7,167.47,0.1
2918,3,75,2024-08-06,12,29.49,0.0
2919,7,31,2024-02-22,4,110.33,0.1
2920,8,146,2024-02-04,6,127.32,0.1
2921,10,62,2024-12-03,3,11.77,0.0
2922,3,141,2024-12-26,5,45.08,0.1
2923,3,12,2024-10-20,4,105.87,0.05
2924,9,107,2024-01-11,2,9.07,0.0
2925,5,45,2024-06-26,9,29.94,0.05
2926,5,152,2024-01-11,10,77.49,0.0
2927,7,16,2024-03-06,5,78.24,0.1
2928,7,109,2024-05-28,4,204.21,0.05
2929,3,113,2024-10-27,2,114.72,0.1
2930,4,152,2024-03-05,9,77.49,0.0
2931,8,25,2024-01-23,2,179.28,0.0
2932,3,68,2024-10-19,5,17.26,0.0
2933,2,159,2024-02-26,12,51.69,0.0
2934,4,26,2024-01-20,1,163.65,0.0
2935,9,113,2024-05-04,2,114.72,0.0
2936,10,32,2024-06-05,4,195.25,0.0
2937,4,86,2024-12-05,5,125.76,0.05
2938,7,35,2024-05-23,1,8.64,0.0
2939,9,14,2024-08-22,5,13.97,0.0
2940,2,107,2024-09-09,9,9.07,0.25
2941,1,2,2024-07-30,3,81.57,0.15
2942,3,25,2024-11-03,4,179.28,0.25
2943,6,1,2024-06-22,8,38.35,0.0
2944,9,67,2024-01-11,11,107.18,0.15
2945,5,78,2024-09-24,12,125.42,0.1
2946,1,29,2024-05-02,12,128.85,0.1
2947,10,146,2024-06-16,4,127.32,0.0
2948,8,146,2024-12-20,10,,0.0
2949,9,32,2024-06-27,6,195.25,0.1
2950,2,15,2024-10-13,11,149.2,0.05
2951,8,37,2024-07-25,5,19.91,0.1
2952,10,75,2024-05-08,5,29.49,0.15
2953,1,56,2024-09-27,10,91.09,0.0
2954,8,152,2024-02-16,8,77.49,0.05
2955,8,95,2024-12-07,10,244.81,0.0
2956,10,167,2024-11-17,10,20.08,0.25
2957,7,61,2024-02-28,10,24.26,0.0
2958,2,114,2024-05-20,11,137.91,0.05
2959,1,119,2024-11-10,4,38.1,0.0
2960,7,69,2024-11-18,11,68.64,0.0
2961,6,18,2024-04-10,10,204.77,0.15
2962,9,138,2024-01-16,4,98.66,0.0
2963,1,22,2024-01-10,5,28.7,0.0
2964,6,161,2024-12-14,5,203.07,0.05
2965,2,71,2024-02-14,1,11.55,0.0
2966,6,70,2024-07-07,8,149.07,0.15
2967,10,139,2024-02-02,8,81.1,0.25
2968,5,82,2024-08-23,4,111.57,0.05
2969,7,165,2024-12-08,6,56.11,0.0
2970,10,7,2024-07-07,1,12.29,0.15
2971,2,127,2024-03-13,6,51.12,0.0
2972,6,42,2024-12-01,5,169.87,0.0
2973,10,50,2024-10-30,7,168.2,0.1
2974,6,70,2024-10-03,12,149.07,0.1
2975,2,107,2024-06-07,9,9.07,0.15
2976,5,6,2024-02-21,11,18.62,0.25
2977,8,73,2024-10-14,5,242.79,0.0
2978,7,76,2024-11-03,7,150.97,0.05
2979,8,138,2024-04-28,8,98.66,0.25
2980,4,46,2024-01-11,3,46.4,0.0
2981,7,41,2024-09-08,11,157.72,0.0
2982,7,53,2024-11-15,3,131.05,0.15
2983,6,116,03/11/2024,7,182.63,0.15
2984,10,134,2024-08-10,1,141.92,0.05
2985,2,164,2024-10-31,11,78.92,0.05
2986,7,91,2024-07-08,6,146.33,0.05
2987,5,142,2024-12-02,2,36.7,0.0
2988,1,128,2024-08-08,2,177.81,0.1
2989,8,103,2024-10-10,4,143.37,0.25
2990,6,170,2024-12-22,7,8.38,0.0
2991,7,155,2024-02-29,7,165.6,0.1
2992,6,98,2024-11-25,7,93.24,0.05
2993,2,18,2024-09-20,12,204.77,0.25
2994,6,43,2024-03-06,7,88.26,0.1
2995,5,38,2024-04-04,11,27.57,0.0
2996,9,80,2024-07-07,6,210.02,0.25
2997,2,152,2024-08-22,10,77.49,0.1
2998,8,119,2024-01-05,10,38.1,0.0
2999,6,141,2024-10-12,10,45.08,0.0
3000,1,108,2024-11-04,2,151.96,0.05
3001,5,109,2024-05-23,11,204.21,0.05
3002,3,4,2024-10-15,2,167.47,0.05
3003,10,20,2024-10-29,6,150.34,0.0
3004,7,161,2024-11-06,10,203.07,0.0
3005,2,125,2024-01-30,3,151.37,0.0
3006,8,58,2024-10-28,4,216.14,0.0
3007,5,106,2024-06-14,-4,97.25,0.25
3008,8,22,2024-11-22,3,28.7,0.05
3009,5,84,2024-12-20,12,219.55,0.15
3010,5,113,2024-11-21,10,114.72,0.1
3011,9,5,2024-02-02,12,152.79,0.15
3012,4,114,2024-02-12,6,137.91,0.0
3013,7,97,2024-01-04,3,51.84,0.05
3014,4,102,2024-02-14,5,25.17,0.0
3015,8,90,2024-06-21,12,98.0,0.0
3016,8,15,2024-10-29,3,149.2,0.1
3017,5,145,2024-04-28,9,33.88,0.1
3018,5,3,2024-03-24,9,91.88,0.0
3019,3,85,2024-06-14,8,88.45,0.0
3020,6,73,2024-02-05,6,242.79,0.05
3021,1,54,2024-07-20,8,241.98,0.0
3022,5,162,2024-08-22,1,125.27,0.25
3023,8,148,2024-01-07,7,126.73,0.05
3024,6,20,2024-02-21,3,150.34,0.1
3025,7,72,2024-05-14,2,94.95,0.05
3026,8,46,2024-03-14,4,46.4,0.15
3027,4,143,2024-04-07,8,,0.0
3028,7,114,2024-12-04,8,137.91,0.0
3029,6,134,2024-06-20,2,141.92,0.25
3030,7,106,2024-10-22,10,97.25,0.05
3031,7,35,2024-07-02,5,8.64,0.25
3032,1,19,2024-05-18,8,61.27,0.25
3033,4,160,2024-12-21,2,215.87,0.0
3034,7,92,2024-05-28,5,96.38,0.1
3035,7,37,2024-11-20,7,19.91,0.1
3036,7,80,2024-12-18,10,210.02,0.15
3037,5,45,2024-12-14,5,29.94,0.15
3038,2,15,2024-07-27,9,149.2,0.1
3039,4,11,2024-06-19,3,117.42,0.0
3040,2,5,2024-04-19,8,152.79,0.0
3041,4,161,2024-11-11,8,203.07,0.0
3042,3,168,2024-06-17,8,115.57,0.0
3043,9,15,2024-05-02,1,149.2,0.0
3044,2,21,2024-03-10,6,89.09,0.0
3045,8,66,2024-12-17,9,254.58,0.0
3046,4,117,2024-05-12,7,144.39,0.0
3047,4,41,2024-08-24,5,157.72,0.25
3048,5,66,2024-05-08,11,254.58,0.05
3049,2,103,2024-04-28,2,143.37,0.0
3050,7,140,2024-09-08,1,147.3,0.1
3051,2,136,2024-11-18,5,182.39,0.1
3052,7,163,2024-05-15,12,102.16,0.0
3053,9,117,2024-11-04,10,144.39,0.15
3054,10,46,2024-11-01,5,46.4,0.0
3055,1,102,2024-05-12,12,25.17,0.05
3056,1,56,2024-09-23,5,91.09,0.05
3057,4,54,2024-09-28,10,241.98,0.0
3058,4,153,2024-04-04,4,149.65,0.1
3059,7,162,2024-05-19,6,125.27,0.0
3060,10,163,2024-12-10,8,102.16,0.1
3061,10,79,2024-03-03,9,156.97,0.05
3062,2,17,2024-02-23,5,92.08,0.25
3063,7,135,2024-02-07,9,198.75,0.0
3064,4,95,2024-12-03,12,244.81,0.0
3065,7,15,2024-05-10,9,149.2,0.1
3066,6,125,2024-03-27,11,151.37,0.15
3067,7,149,2024-06-16,7,212.9,0.25
3068,10,72,2024-02-08,4,94.95,0.25
3069,9,49,2024-11-28,3,89.67,0.05
3070,5,161,2024-12-28,2,203.07,0.0
3071,3,83,2024-06-10,3,48.4,0.0
3072,8,105,2024-01-14,4,136.88,0.05
3073,1,23,2024-02-29,9,135.4,0.0
3074,5,1,2024-09-08,11,38.35,0.0
3075,7,150,2024-12-10,8,89.35,0.1
3076,5,14,2024-05-04,5,13.97,0.0
3077,10,167,2024-12-01,9,20.08,0.0
3078,8,78,2024-03-23,2,125.42,0.0
3079,9,111,2024-04-13,7,43.1,0.15
3080,6,37,2024-11-12,6,19.91,0.0
3081,7,16,2024-12-08,2,78.24,0.1
3082,3,61,2024-02-06,5,24.26,0.25
3083,3,107,2024-09-03,7,9.07,0.15
3084,1,117,2024-02-16,8,144.39,0.0
3085,4,58,2024-08-19,3,216.14,0.15
3086,1,33,2024-01-02,9,162.49,0.25
3087,3,112,2024-12-17,2,58.1,0.0
3088,2,89,2024-03-10,8,16.36,0.0
3089,1,50,2024-12-15,3,168.2,0.1
3090,2,151,2024-07-17,11,22.4,0.15
3091,1,8,24/01/2024,2,98.81,0.0
3092,5,28,2024-10-04,7,143.98,0.15
3093,10,74,2024-12-18,12,77.0,0.0
3094,3,4,2024-09-05,6,167.47,0.0
3095,9,78,2024-06-20,7,125.42,0.1
3096,7,156,2024-03-03,10,173.78,0.15
3097,1,65,2024-12-28,8,65.09,0.0
3098,10,1,2024-04-12,4,38.35,0.05
3099,1,145,2024-05-20,8,33.88,0.05
3100,7,67,2024-08-03,4,107.18,0.0
3101,4,169,2024-11-19,3,48.02,0.1
3102,5,127,2024-06-20,2,51.12,0.0
3103,6,51,2024-12-02,5,160.16,0.05
3104,6,167,2024-10-17,2,20.08,0.0
3105,4,116,2024-01-13,9,182.63,0.15
3106,8,150,2024-06-21,11,89.35,0.15
3107,3,112,2024-12-14,12,58.1,0.0
3108,3,5,26/04/2024,12,152.79,0.0
3109,8,162,2024-03-15,6,125.27,0.1
3110,7,5,2024-03-16,3,152.79,0.1
3111,7,124,2024-05-24,2,19.68,0.0
3112,10,53,2024-08-31,6,131.05,0.0
3113,9,99,2024-11-07,3,207.07,0.15
3114,2,2,2024-10-19,10,81.57,0.0
3115,4,117,2024-05-19,6,144.39,0.0
3116,5,119,2024-12-20,6,38.1,0.0
3117,8,155,2024-05-25,1,165.6,0.15
3118,8,101,2024-12-24,3,131.65,0.0
3119,3,38,2024-06-08,7,27.57,0.0
3120,8,127,2024-06-09,9,51.12,0.0
3121,8,34,2024-09-28,-9,99.91,0.05
3122,7,136,2024-05-16,12,182.39,0.0
3123,1,50,2024-03-11,12,168.2,0.1
3124,8,82,2024-02-11,1,111.57,0.15
3125,8,112,2024-04-12,7,58.1,0.25
3126,6,130,2024-12-04,2,200.9,0.05
3127,3,138,2024-12-23,11,98.66,0.05
3128,7,170,2024-09-11,12,8.38,0.05
3129,5,97,25/06/2024,6,51.84,0.1
3130,4,161,2024-01-13,5,203.07,0.25
3131,4,166,2024-01-19,7,44.53,0.0
3132,6,57,2024-01-26,11,75.29,0.25
3133,4,114,2024-03-18,8,137.91,0.0
3134,6,134,2024-01-10,8,141.92,0.15
3135,8,107,2024-06-14,11,9.07,0.15
3136,6,12,2024-08-17,12,105.87,0.0
3137,10,136,2024-02-11,11,182.39,0.0
3138,8,111,2024-08-24,11,43.1,0.0
3139,1,104,2024-12-24,10,246.47,0.0
3140,5,156,2024-12-28,7,173.78,0.1
3141,3,152,2024-11-21,5,77.49,0.0
3142,6,16,2024-12-22,4,78.24,0.0
3143,10,108,2024-11-07,12,,0.15
3144,10,42,2024-11-18,12,169.87,0.05
3145,10,33,26/10/2024,3,162.49,0.05
3146,5,106,2024-05-19,12,97.25,0.1
3147,10,55,2024-10-25,8,120.86,0.05
3148,10,34,2024-05-12,11,99.91,0.0
3149,3,112,2024-11-07,6,58.1,0.0
3150,1,92,2024-06-07,5,96.38,0.0
3151,4,46,2024-08-18,1,46.4,0.0
3152,8,39,2024-04-20,9,112.9,0.05
3153,2,64,2024-02-03,9,54.54,0.0
3154,3,5,2024-05-15,12,152.79,0.15
3155,6,168,2024-02-15,8,115.57,0.1
3156,4,76,2024-10-03,7,150.97,0.05
3157,6,88,2024-03-31,6,106.78,0.15
3158,9,112,2024-09-29,9,58.1,0.0
3159,6,148,2024-04-23,5,126.73,0.1
3160,9,85,2024-03-10,9,88.45,0.1
3161,9,13,2024-07-13,7,91.64,0.1
3162,4,135,2024-07-22,3,198.75,0.25
3163,9,48,2024-07-24,11,43.06,0.0
3164,2,111,2024-05-31,10,43.1,0.0
3165,2,133,2024-12-13,2,107.43,0.15
3166,10,110,2024-10-30,3,240.3,0.0
3167,4,55,2024-06-10,7,120.86,0.0
3168,5,97,2024-11-13,6,51.84,0.15
3169,1,89,2024-04-11,8,16.36,0.0
3170,7,123,2024-12-05,6,108.4,0.15
3171,7,17,2024-04-05,2,92.08,0.15
3172,3,109,2024-04-04,8,204.21,0.15
3173,2,157,2024-12-14,6,147.67,0.1
3174,6,101,2024-05-18,6,131.65,0.0
3175,1,66,2024-04-24,11,254.58,0.0
3176,5,109,2024-11-10,12,204.21,0.05
3177,3,103,2024-12-14,6,143.37,0.25
3178,7,165,2024-04-23,6,56.11,0.15
3179,3,4,2024-06-12,7,167.47,0.0
3180,2,74,2024-05-14,10,77.0,0.05
3181,2,7,2024-06-09,8,,0.05
3182,6,66,2024-04-09,9,254.58,0.15
3183,4,115,2024-11-14,12,212.31,0.0
3184,2,73,2024-02-23,11,242.79,0.1
3185,2,13,2024-12-24,7,91.64,0.1
3186,8,23,2024-09-23,12,135.4,0.25
3187,5,117,2024-08-22,5,144.39,0.0
3188,10,3,2024-09-12,4,91.88,0.0
3189,4,4,2024-08-29,6,167.47,0.0
3190,2,33,28/07/2024,10,162.49,0.25
3191,1,7,2024-02-13,12,12.29,0.15
3192,3,93,2024-01-23,9,187.19,0.0
3193,8,2,2024-01-16,10,81.57,0.0
3194,5,82,2024-04-27,7,,0.0
3195,7,143,2024-12-21,3,233.86,0.05
3196,3,19,2024-12-10,6,61.27,0.0
3197,1,169,2024-12-27,10,48.02,0.0
3198,9,24,2024-12-07,11,80.42,0.0
3199,1,46,23/04/2024,9,46.4,0.0
3200,3,92,2024-12-06,7,96.38,0.0
3201,1,127,2024-11-02,8,51.12,0.15
3202,5,46,2024-01-03,7,46.4,0.0
3203,3,66,2024-02-29,11,254.58,0.05
3204,6,35,2024-03-16,2,8.64,0.05
3205,2,73,2024-12-05,3,242.79,0.25
3206,9,147,2024-11-06,4,159.14,0.0
3207,10,108,2024-11-21,5,151.96,0.0
3208,6,26,2024-05-20,9,163.65,0.25
3209,6,7,2024-09-19,3,12.29,0.25
3210,2,41,2024-06-01,4,157.72,0.25
3211,8,11,2024-12-18,2,117.42,0.05
3212,9,57,2024-09-14,12,75.29,0.0
3213,1,149,2024-11-20,8,212.9,0.25
3214,1,158,2024-12-08,1,81.38,0.25
3215,6,77,2024-01-08,10,68.92,0.15
3216,9,134,2024-12-05,12,141.92,0.0
3217,1,82,2024-01-08,1,111.57,0.0
3218,8,31,2024-11-20,12,110.33,0.05
3219,6,162,2024-11-09,2,125.27,0.15
3220,4,145,2024-01-01,9,33.88,0.25
3221,3,56,2024-01-28,1,,0.25
3222,6,97,2024-07-23,12,51.84,0.1
3223,6,11,2024-02-21,8,117.42,0.0
3224,2,4,2024-05-12,4,167.47,0.0
3225,8,80,2024-11-02,4,210.02,0.05
3226,9,148,2024-07-23,4,126.73,0.15
3227,6,156,2024-10-07,3,173.78,0.15
3228,7,137,2024-10-04,6,165.65,0.1
3229,9,141,2024-08-28,7,45.08,0.0
3230,2,115,2024-12-16,9,212.31,0.0
3231,4,121,2024-04-11,7,164.69,0.05
3232,4,124,2024-12-14,6,19.68,0.25
3233,8,112,2024-11-01,1,58.1,0.25
3234,8,24,2024-12-10,11,80.42,0.1
3235,6,150,2024-10-25,3,89.35,0.05
3236,10,166,2024-11-17,3,44.53,0.0
3237,4,65,2024-08-09,5,65.09,0.0
3238,9,49,2024-03-03,6,89.67,0.1
3239,8,4,2024-06-17,9,167.47,0.15
3240,6,71,2024-06-30,12,11.55,0.15
3241,6,21,2024-05-04,3,89.09,0.1
3242,4,16,2024-03-06,1,78.24,0.1
3243,5,169,2024-01-21,11,48.02,0.1
3244,4,44,2024-08-30,8,260.43,0.0
3245,1,116,2024-11-28,10,182.63,0.05
3246,7,74,2024-08-24,8,77.0,0.25
3247,7,137,2024-10-04,6,165.65,0.1
3248,10,164,2024-12-26,2,78.92,0.0
3249,3,150,2024-12-01,7,89.35,0.0
3250,1,68,15/01/2024,4,17.26,0.25
3251,9,151,2024-08-06,6,22.4,0.0
3252,8,47,2024-07-27,7,118.87,0.0
3253,5,99,2024-02-16,5,,0.05
3254,6,58,2024-03-23,3,216.14,0.25
3255,10,148,2024-12-10,8,126.73,0.0
3256,5,2,2024-11-21,10,81.57,0.25
3257,7,74,2024-11-12,2,77.0,0.0
3258,5,55,2024-11-23,11,120.86,0.1
3259,8,162,2024-02-26,11,125.27,0.0
3260,2,77,07/04/2024,2,68.92,0.0
3261,10,109,2024-10-07,12,204.21,0.05
3262,6,120,2024-12-18,6,234.32,0.0
3263,9,127,2024-12-18,10,51.12,0.15
3264,3,54,2024-03-24,8,241.98,0.0
3265,10,132,2024-12-01,5,133.08,0.0
3266,9,116,2024-04-19,6,182.63,0.0
3267,2,41,2024-08-12,8,157.72,0.0
3268,7,75,2024-05-14,11,29.49,0.05
3269,4,167,2024-02-17,9,20.08,0.0
3270,1,5,2024-09-15,9,152.79,0.0
3271,9,109,2024-02-29,11,204.21,0.0
3272,7,124,2024-02-22,12,19.68,0.0
3273,6,143,2024-10-13,12,233.86,0.25
3274,7,10,2024-06-24,7,136.82,0.05
3275,5,138,2024-01-10,10,98.66,0.0
3276,1,120,2024-11-24,9,234.32,0.1
3277,2,122,2024-02-23,8,28.93,0.25
3278,9,74,2024-11-28,2,77.0,0.0
3279,5,53,2024-01-17,9,131.05,0.05
3280,4,13,2024-12-29,3,91.64,0.05
3281,2,132,2024-05-05,11,133.08,0.15
3282,9,14,2024-11-14,12,13.97,0.0
3283,1,164,2024-11-01,6,78.92,0.1
3284,8,127,2024-12-28,1,51.12,0.1
3285,1,64,2024-11-27,3,54.54,0.0
3286,2,57,2024-08-01,5,75.29,0.0
3287,3,104,2024-05-11,3,246.47,0.1
3288,10,122,2024-01-21,2,28.93,0.25
3289,9,96,2024-06-29,5,169.6,0.15
3290,8,80,2024-05-12,2,210.02,0.15
3291,5,44,2024-12-13,7,260.43,0.25
3292,3,66,2024-11-09,12,254.58,0.1
3293,10,165,2024-10-11,12,56.11,0.05
3294,6,165,2024-02-14,1,56.11,0.15
3295,7,88,2024-06-04,11,106.78,0.0
3296,10,8,2024-01-21,7,98.81,0.0
3297,4,166,2024-07-04,2,44.53,0.0
3298,6,105,2024-03-26,3,136.88,0.05
3299,4,46,2024-10-09,6,46.4,0.15
3300,10,115,2024-09-19,4,212.31,0.05
3301,1,70,2024-12-22,12,149.07,0.0
3302,4,83,2024-11-13,5,48.4,0.0
3303,9,147,2024-04-30,4,159.14,0.05
3304,4,75,2024-10-24,5,29.49,0.0
3305,2,76,2024-02-27,6,150.97,0.25
3306,9,39,2024-08-20,11,112.9,0.15
3307,2,47,2024-03-29,2,118.87,0.1
3308,5,55,2024-04-10,3,120.86,0.25
3309,9,19,2024-10-20,2,61.27,0.0
3310,4,117,2024-10-11,12,144.39,0.0
3311,3,31,2024-11-23,5,110.33,0.0
3312,4,36,2024-12-05,3,31.45,0.0
3313,6,64,2024-04-16,12,54.54,0.05
3314,1,102,2024-12-19,7,25.17,0.0
3315,7,95,2024-01-28,10,244.81,0.0
3316,5,147,2024-10-15,5,159.14,0.25
3317,8,79,2024-04-20,7,156.97,0.25
3318,8,160,2024-02-05,1,215.87,0.15
3319,4,96,2024-04-21,4,169.6,0.0
3320,9,88,2024-09-04,9,106.78,0.0
3321,3,121,2024-11-15,5,164.69,0.0
3322,1,10,2024-12-10,9,136.82,0.25
3323,1,73,2024-01-21,6,242.79,0.1
3324,2,116,2024-12-23,2,182.63,0.05
3325,2,47,2024-05-01,12,118.87,0.1
3326,6,19,2024-02-26,12,61.27,0.0
3327,1,119,2024-12-08,12,38.1,0.0
3328,10,156,2024-02-21,1,173.78,0.15
3329,4,40,2024-05-29,12,21.17,0.25
3330,4,14,2024-12-04,12,13.97,0.0
3331,8,105,2024-01-08,12,136.88,0.1
3332,5,90,2024-12-12,11,98.0,0.0
3333,1,92,2024-02-26,12,96.38,0.0
3334,10,138,2024-12-21,11,98.66,0.1
3335,10,47,2024-03-17,7,118.87,0.1
3336,6,45,2024-02-21,9,29.94,0.05
3337,8,61,2024-07-31,8,24.26,0.1
3338,9,139,2024-07-30,5,,0.25
3339,1,64,2024-06-24,9,54.54,0.0
3340,8,19,2024-07-09,4,61.27,0.0
3341,3,84,2024-12-28,4,219.55,0.0
3342,7,98,2024-12-27,6,93.24,0.0
3343,9,60,2024-07-27,8,27.88,0.1
3344,8,70,2024-03-17,10,149.07,0.25
3345,8,73,2024-06-02,11,242.79,0.15
3346,2,139,2024-09-26,12,81.1,0.0
3347,1,128,2024-02-19,4,177.81,0.15
3348,6,70,2024-07-15,8,149.07,0.0
3349,5,82,28/07/2024,8,111.57,0.0
3350,3,26,2024-12-21,6,,0.05
3351,8,10,2024-02-03,6,136.82,0.25
3352,5,7,2024-11-16,9,12.29,0.0
3353,4,3,2024-09-20,4,91.88,0.25
3354,8,81,2024-11-03,8,39.73,0.05
3355,3,107,2024-09-27,2,9.07,0.1
3356,5,78,2024-11-23,6,125.42,0.0
3357,5,16,2024-06-03,10,78.24,0.1
3358,2,133,2024-12-12,7,107.43,0.0
3359,6,161,2024-07-01,7,203.07,0.15
3360,7,53,2024-12-06,11,131.05,0.0
3361,7,26,2024-05-11,11,163.65,0.0
3362,1,105,2024-01-20,8,136.88,0.15
3363,1,135,2024-01-09,3,198.75,0.05
3364,8,140,2024-07-25,3,147.3,0.15
3365,10,163,2024-12-19,5,102.16,0.1
3366,5,6,2024-12-06,4,18.62,0.25
3367,7,80,2024-12-08,12,210.02,0.15
3368,3,124,2024-02-06,3,19.68,0.15
3369,4,3,2024-02-12,1,91.88,0.0
3370,3,68,2024-12-11,6,17.26,0.15
3371,4,82,2024-11-03,9,111.57,0.15
3372,3,10,2024-11-27,6,136.82,0.0
3373,10,51,2024-12-21,4,160.16,0.05
3374,9,128,2024-12-20,9,177.81,0.25
3375,6,125,2024-12-18,2,151.37,0.0
3376,6,83,2024-07-10,3,48.4,0.05
3377,9,30,2024-04-05,6,212.07,0.25
3378,6,8,2024-08-24,1,98.81,0.0
3379,10,18,2024-03-22,9,204.77,0.05
3380,8,49,2024-12-16,5,89.67,0.15
3381,1,123,2024-05-09,6,108.4,0.1
3382,10,150,2024-01-05,3,89.35,0.1
3383,4,39,2024-03-25,6,112.9,0.25
3384,8,87,2024-02-27,9,211.16,0.25
3385,1,7,2024-12-28,1,12.29,0.0
3386,2,148,2024-10-31,12,126.73,0.0
3387,5,90,2024-02-04,8,98.0,0.15
3388,10,116,2024-05-30,5,182.63,0.1
3389,6,128,2024-03-26,5,177.81,0.05
3390,8,57,2024-12-14,4,75.29,0.0
3391,4,65,2024-07-11,7,65.09,0.1
3392,3,94,2024-10-01,7,179.27,0.25
3393,5,132,2024-02-25,9,133.08,0.0
3394,6,155,2024-12-29,6,165.6,0.25
3395,8,34,2024-06-11,7,99.91,0.0
3396,6,3,2024-12-15,10,91.88,0.0
3397,7,150,2024-09-15,11,89.35,0.0
3398,6,135,2024-09-16,10,198.75,0.0
3399,7,16,2024-11-20,9,78.24,0.0
3400,9,130,2024-07-26,5,200.9,0.05
3401,8,162,2024-04-28,9,125.27,0.05
3402,2,70,14/09/2024,11,149.07,0.05
3403,10,80,2024-11-11,7,210.02,0.15
3404,6,61,2024-07-10,1,24.26,0.25
3405,4,138,2024-03-30,7,98.66,0.15
3406,1,32,11/12/2024,4,195.25,0.0
3407,7,17,2024-03-22,10,92.08,0.15
3408,5,74,2024-06-14,10,77.0,0.0
3409,1,152,2024-11-04,1,77.49,0.15
3410,2,34,2024-05-06,7,99.91,0.0
3411,6,87,2024-01-23,1,211.16,0.05
3412,7,123,2024-08-15,4,108.4,0.1
3413,1,114,2024-01-13,4,137.91,0.0
3414,1,26,2024-12-19,2,163.65,0.0
3415,2,121,2024-12-28,-4,164.69,0.0
3416,1,5,2024-05-08,9,152.79,0.25
3417,4,101,2024-11-27,6,131.65,0.0
3418,10,43,2024-02-27,10,88.26,0.0
3419,1,34,2024-11-08,6,99.91,0.15
3420,4,147,2024-07-17,8,159.14,0.15
3421,8,49,2024-12-16,5,89.67,0.25
3422,7,72,2024-05-14,2,94.95,0.05
3423,7,18,2024-03-22,6,204.77,0.25
3424,6,130,2024-03-09,1,200.9,0.15
3425,4,4,2024-08-17,4,,0.0
3426,7,142,2024-09-20,5,36.7,0.0
3427,7,136,2024-05-14,6,182.39,0.0
3428,9,51,2024-07-19,8,160.16,0.0
3429,10,116,2024-10-28,10,182.63,0.0
3430,10,140,2024-05-03,8,147.3,0.0
3431,3,57,2024-11-04,10,75.29,0.05
3432,8,112,2024-11-29,10,58.1,0.0
3433,2,138,2024-02-29,2,98.66,0.0
3434,5,32,2024-04-04,4,195.25,0.0
3435,7,154,2024-05-23,-7,104.34,0.0
3436,6,159,2024-09-17,2,51.69,0.05
3437,5,78,2024-05-10,-8,125.42,0.05
3438,6,77,2024-11-05,1,68.92,0.1
3439,2,167,2024-04-06,8,20.08,0.1
3440,6,125,2024-11-20,8,151.37,0.05
3441,9,118,2024-08-28,8,153.88,0.0
3442,6,79,21/07/2024,1,156.97,0.15
3443,3,85,2024-07-15,8,88.45,0.0
3444,9,44,2024-01-15,11,260.43,0.15
3445,7,61,2024-12-10,4,24.26,0.0
3446,9,28,2024-05-28,1,,0.15
3447,5,73,2024-10-28,4,242.79,0.0
3448,9,133,2024-05-03,8,107.43,0.0
3449,6,89,2024-01-21,4,16.36,0.0
3450,9,76,2024-06-01,10,150.97,0.05
3451,8,158,2024-03-28,12,81.38,0.0
3452,7,31,2024-11-27,3,110.33,0.15
3453,9,35,2024-03-27,11,8.64,0.0
3454,4,90,2024-10-17,10,98.0,0.1
3455,8,167,2024-09-26,12,20.08,0.15
3456,10,101,2024-11-03,4,131.65,0.25
3457,4,31,2024-12-03,9,110.33,0.05
3458,6,35,2024-04-30,12,8.64,0.05
3459,6,98,2024-01-13,11,93.24,0.0
3460,6,76,2024-11-01,5,150.97,0.0
3461,10,142,2024-11-26,1,36.7,0.25
3462,7,15,2024-05-04,7,149.2,0.0
3463,7,55,2024-04-10,8,120.86,0.25
3464,1,61,10/07/2024,9,24.26,0.05
3465,9,153,2024-08-15,3,149.65,0.05
3466,8,21,2024-12-21,9,89.09,0.1
3467,6,62,2024-10-09,3,11.77,0.0
3468,2,109,2024-06-10,3,204.21,0.05
3469,4,116,2024-02-17,6,182.63,0.0
3470,5,33,2024-06-07,5,162.49,0.1
3471,3,89,2024-04-08,9,16.36,0.0
3472,1,50,2024-09-29,4,168.2,0.1
3473,8,99,2024-11-05,6,207.07,0.0
3474,5,89,2024-01-15,9,16.36,0.05
3475,7,105,2024-12-23,5,136.88,0.1
3476,2,60,2024-06-18,4,27.88,0.0
3477,5,145,2024-09-27,12,33.88,0.0
3478,8,170,2024-02-08,7,8.38,0.0
3479,9,159,2024-11-05,1,51.69,0.1
3480,9,156,2024-07-02,8,173.78,0.25
3481,9,86,2024-05-20,6,125.76,0.0
3482,6,71,2024-12-19,9,11.55,0.0
3483,9,12,2024-11-15,4,105.87,0.0
3484,3,97,2024-04-13,4,51.84,0.0
3485,8,29,2024-08-03,5,,0.1
3486,1,109,2024-11-14,6,204.21,0.25
3487,5,15,2024-12-19,2,149.2,0.1
3488,3,130,2024-09-24,10,200.9,0.15
3489,7,24,2024-05-09,6,80.42,0.15
3490,2,104,2024-11-05,5,246.47,0.0
3491,9,67,2024-03-04,9,107.18,0.0
3492,1,42,2024-03-01,2,169.87,0.25
3493,10,20,08/04/2024,12,150.34,0.15
3494,4,165,18/02/2024,4,56.11,0.15
3495,2,128,2024-11-27,3,177.81,0.25
3496,6,170,2024-03-23,8,8.38,0.15
3497,6,45,2024-10-29,10,29.94,0.0
3498,8,147,2024-08-16,12,159.14,0.25
3499,6,13,2024-02-28,7,91.64,0.0
3500,6,79,2024-08-13,7,156.97,0.0
3501,9,164,2024-08-02,7,78.92,0.0
3502,4,95,2024-10-17,2,244.81,0.25
3503,10,51,2024-12-27,9,160.16,0.15
3504,9,148,2024-12-05,2,126.73,0.25
3505,6,110,2024-12-15,10,240.3,0.25
3506,8,23,2024-12-11,5,135.4,0.1
3507,4,36,2024-12-28,10,31.45,0.1
3508,6,161,2024-12-14,5,203.07,0.05
3509,10,158,2024-07-30,5,81.38,0.0
3510,1,146,2024-09-10,9,127.32,0.05
3511,3,153,2024-04-16,10,149.65,0.15
3512,10,125,2024-02-07,9,151.37,0.25
3513,6,105,2024-08-03,3,136.88,0.05
3514,5,11,2024-03-20,11,117.42,0.15
3515,1,148,2024-11-28,10,126.73,0.0
3516,10,82,2024-09-08,8,111.57,0.0
3517,6,77,2024-01-08,4,68.92,0.0
3518,4,31,2024-02-16,6,110.33,0.25
3519,2,115,28/11/2024,11,212.31,0.1
3520,2,96,2024-04-06,6,169.6,0.1
3521,4,101,2024-12-08,10,131.65,0.0
3522,2,151,2024-04-11,3,22.4,0.05
3523,10,117,2024-04-05,7,144.39,0.25
3524,6,163,2024-11-16,3,102.16,0.0
3525,8,109,2024-12-02,9,204.21,0.05
3526,5,32,2024-12-01,4,195.25,0.0
3527,1,131,2024-07-01,7,141.63,0.1
3528,10,145,2024-09-23,8,33.88,0.0
3529,1,66,2024-11-18,6,254.58,0.0
3530,3,9,2024-08-30,11,100.29,0.0
3531,4,165,2024-06-07,2,56.11,0.0
3532,1,28,2024-04-07,5,143.98,0.15
3533,8,106,2024-08-03,11,97.25,0.0
3534,8,28,2024-04-28,11,143.98,0.25
3535,10,115,2024-12-10,5,212.31,0.0
3536,7,11,2024-05-25,5,117.42,0.0
3537,10,140,2024-09-24,7,147.3,0.0
3538,5,78,2024-11-26,8,125.42,0.05
3539,4,58,2024-08-21,10,216.14,0.0
3540,8,143,2024-02-25,9,233.86,0.0
3541,5,36,2024-05-02,2,31.45,0.25
3542,8,105,2024-06-14,6,136.88,0.0
3543,6,32,2024-10-13,3,195.25,0.0
3544,9,8,2024-08-29,4,98.81,0.0
3545,1,140,2024-08-20,9,147.3,0.25
3546,5,15,2024-11-19,12,149.2,0.05
3547,5,144,2024-02-01,9,72.5,0.05
3548,1,87,2024-11-11,5,211.16,0.05
3549,7,83,2024-12-25,7,48.4,0.0
3550,4,130,2024-06-22,12,200.9,0.05
3551,3,64,2024-08-15,3,54.54,0.0
3552,1,105,2024-03-09,11,136.88,0.05
3553,9,49,2024-12-18,6,89.67,0.25
3554,6,169,2024-04-11,1,48.02,0.0
3555,6,10,2024-10-20,3,136.82,0.0
3556,7,8,2024-09-27,12,98.81,0.0
3557,3,51,2024-12-09,1,160.16,0.1
3558,8,24,2024-03-14,3,80.42,0.0
3559,8,161,2024-12-27,3,203.07,0.0
3560,2,139,2024-11-26,2,81.1,0.05
3561,8,152,2024-02-25,5,77.49,0.05
3562,1,153,2024-06-26,6,149.65,0.15
3563,10,115,2024-06-15,10,212.31,0.15
3564,2,79,2024-03-07,2,156.97,0.0
3565,3,55,2024-12-17,9,120.86,0.05
3566,5,159,2024-11-22,2,51.69,0.05
3567,8,169,2024-07-09,4,48.02,0.0
3568,8,106,2024-08-01,9,97.25,0.05
3569,3,19,2024-02-26,8,61.27,0.0
3570,9,127,2024-09-15,12,51.12,0.05
3571,5,117,2024-12-20,2,144.39,0.0
3572,10,130,2024-01-25,10,200.9,0.0
3573,1,85,2024-06-22,7,88.45,0.0
3574,7,109,2024-04-15,1,204.21,0.0
3575,6,167,2024-02-13,3,20.08,0.1
3576,5,132,2024-01-01,8,133.08,0.15
3577,9,138,2024-01-19,8,98.66,0.0
3578,9,46,2024-02-02,3,46.4,0.25
3579,8,75,2024-06-19,12,29.49,0.15
3580,5,165,2024-05-04,6,56.11,0.1
3581,7,3,2024-03-13,9,91.88,0.05
3582,2,69,2024-02-02,10,68.64,0.0
3583,10,48,2024-01-04,2,43.06,0.05
3584,5,83,2024-06-05,4,48.4,0.0
3585,10,48,2024-07-19,2,43.06,0.1
3586,2,20,2024-12-29,11,150.34,0.0
3587,8,130,2024-05-26,4,200.9,0.0
3588,6,56,2024-03-15,11,91.09,0.0
3589,10,29,2024-03-21,4,128.85,0.25
3590,6,14,2024-11-14,4,13.97,0.05
3591,4,88,2024-11-24,6,106.78,0.0
3592,2,135,2024-05-29,11,198.75,0.0
3593,9,152,2024-03-12,5,77.49,0.05
3594,3,53,2024-09-11,9,131.05,0.25
3595,10,92,2024-08-08,8,96.38,0.0
3596,3,61,2024-02-24,4,24.26,0.05
3597,3,161,2024-12-28,4,203.07,0.0
3598,7,79,2024-03-10,8,156.97,0.0
3599,8,69,2024-03-29,9,68.64,0.0
3600,1,93,2024-11-28,8,187.19,0.0
3601,1,80,2024-05-25,5,210.02,0.0
3602,1,30,2024-04-21,10,212.07,0.0
3603,2,61,2024-02-21,8,24.26,0.1
3604,5,60,2024-02-07,9,27.88,0.15
3605,4,148,2024-07-07,1,126.73,0.0
3606,10,87,2024-11-17,11,211.16,0.15
3607,8,154,2024-09-28,7,104.34,0.0
3608,6,162,2024-05-21,9,,0.0
3609,7,42,2024-07-27,1,169.87,0.0
3610,1,118,2024-10-14,7,153.88,0.05
3611,7,120,2024-02-12,9,234.32,0.0
3612,9,128,2024-12-01,1,177.81,0.0
3613,3,44,2024-07-24,9,260.43,0.0
3614,4,93,2024-06-21,8,187.19,0.1
3615,5,123,2024-03-03,1,108.4,0.0
3616,10,2,2024-08-09,9,81.57,0.05
3617,7,89,2024-04-23,3,,0.1
3618,6,143,2024-01-27,2,233.86,0.15
3619,4,134,2024-11-26,10,141.92,0.1
3620,1,84,2024-12-09,4,219.55,0.25
3621,9,19,2024-12-01,5,61.27,0.05
3622,7,127,2024-01-16,8,51.12,0.1
3623,5,60,2024-05-02,3,27.88,0.0
3624,4,100,2024-07-25,5,120.25,0.0
3625,1,74,2024-06-14,-4,77.0,0.0
3626,7,85,2024-03-05,7,88.45,0.0
3627,8,69,2024-04-12,6,68.64,0.1
3628,8,20,2024-12-06,3,150.34,0.0
3629,6,54,2024-09-24,7,241.98,0.15
3630,4,94,2024-02-08,2,179.27,0.1
3631,9,118,2024-04-25,10,153.88,0.0
3632,9,118,2024-08-14,9,153.88,0.15
3633,7,64,14/05/2024,10,54.54,0.0
3634,6,46,2024-11-30,5,46.4,0.1
3635,5,121,2024-06-12,8,164.69,0.0
3636,2,120,2024-09-26,12,234.32,0.25
3637,6,125,2024-12-04,12,151.37,0.0
3638,6,160,2024-04-17,3,215.87,0.0
3639,6,98,2024-12-07,7,93.24,0.25
3640,1,89,2024-06-15,10,16.36,0.0
3641,5,118,2024-11-11,11,153.88,0.0
3642,4,9,2024-07-29,8,100.29,0.0
3643,3,63,2024-09-16,8,110.07,0.15
3644,4,14,2024-02-18,10,13.97,0.1
3645,10,66,2024-06-05,11,254.58,0.05
3646,3,76,2024-11-28,10,150.97,0.0
3647,10,108,2024-03-06,6,151.96,0.0
3648,10,24,2024-12-18,2,80.42,0.05
3649,7,80,2024-10-13,12,210.02,0.05
3650,6,149,2024-09-30,11,212.9,0.0
3651,6,48,2024-07-10,6,43.06,0.15
3652,9,9,2024-02-02,1,100.29,0.0
3653,7,131,2024-07-09,11,141.63,0.1
3654,5,18,2024-11-04,10,204.77,0.0
3655,5,15,2024-11-27,1,149.2,0.0
3656,7,102,2024-07-24,12,25.17,0.1
3657,9,12,2024-11-28,8,105.87,0.1
3658,5,102,2024-07-21,5,25.17,0.0
3659,5,10,2024-09-28,12,136.82,0.1
3660,6,27,2024-01-19,9,83.28,0.25
3661,5,15,23/12/2024,1,149.2,0.25
3662,5,125,2024-03-05,2,151.37,0.05
3663,7,160,2024-12-07,3,215.87,0.1
3664,2,107,2024-12-08,12,9.07,0.0
3665,9,7,2024-04-02,1,12.29,0.0
3666,9,47,2024-10-06,3,118.87,0.15
3667,3,80,2024-11-07,6,210.02,0.0
3668,7,5,2024-06-11,5,152.79,0.05
3669,3,103,2024-04-22,7,,0.05
3670,4,29,2024-05-12,5,128.85,0.0
3671,4,147,2024-03-27,10,159.14,0.1
3672,8,146,2024-01-12,8,127.32,0.15
3673,5,76,2024-12-15,3,150.97,0.0
3674,3,115,2024-01-08,5,212.31,0.1
3675,2,39,2024-10-15,6,112.9,0.0
3676,5,108,2024-08-22,12,151.96,0.05
3677,3,57,2024-12-02,8,75.29,0.0
3678,10,62,2024-12-03,3,11.77,0.0
3679,8,4,2024-08-21,10,167.47,0.1
3680,9,124,2024-12-19,1,19.68,0.0
3681,1,37,2024-12-28,1,19.91,0.0
3682,10,51,2024-05-26,11,160.16,0.05
3683,4,11,2024-12-28,7,117.42,0.0
3684,9,119,2024-07-02,8,38.1,0.0
3685,8,21,2024-11-11,11,89.09,0.05
3686,6,12,2024-12-20,11,105.87,0.1
3687,9,37,2024-09-08,1,19.91,0.25
3688,3,122,2024-12-04,7,28.93,0.15
3689,1,120,28/09/2024,2,234.32,0.0
3690,1,18,2024-11-28,10,204.77,0.1
3691,2,127,2024-11-22,5,51.12,0.05
3692,4,52,2024-06-12,2,158.1,0.1
3693,10,102,2024-03-13,8,25.17,0.0
3694,10,10,2024-10-06,6,136.82,0.0
3695,1,3,2024-11-15,2,91.88,0.25
3696,4,104,2024-10-26,7,246.47,0.0
3697,1,29,2024-10-06,-4,128.85,0.1
3698,3,131,2024-09-30,4,141.63,0.0
3699,6,63,2024-03-14,11,110.07,0.05
3700,7,69,2024-07-20,12,68.64,0.05
3701,6,118,2024-01-30,11,153.88,0.15
3702,3,93,2024-11-19,12,187.19,0.25
3703,4,5,2024-11-18,7,152.79,0.0
3704,1,89,2024-01-23,7,16.36,0.15
3705,5,16,2024-04-23,3,78.24,0.1
3706,2,129,2024-08-02,10,151.03,0.0
3707,6,70,2024-05-14,6,149.07,0.0
3708,6,79,2024-03-13,7,156.97,0.15
3709,2,126,2024-05-06,3,28.64,0.0
3710,3,139,2024-02-04,5,81.1,0.0
3711,4,73,2024-12-08,4,242.79,0.0
3712,6,15,2024-11-11,9,149.2,0.25
3713,8,163,2024-04-28,11,102.16,0.1
3714,6,81,2024-08-16,10,39.73,0.0
3715,2,133,2024-06-21,1,107.43,0.15
3716,9,124,2024-06-13,5,19.68,0.05
3717,9,120,2024-12-07,6,234.32,0.25
3718,6,111,2024-11-25,12,43.1,0.0
3719,5,104,2024-10-13,6,246.47,0.1
3720,8,154,2024-12-27,3,104.34,0.15
3721,10,34,2024-04-28,5,99.91,0.0
3722,6,126,2024-10-11,12,28.64,0.25
3723,8,70,2024-06-06,2,149.07,0.0
3724,8,125,2024-01-21,9,151.37,0.0
3725,2,70,2024-12-25,5,149.07,0.15
3726,8,121,2024-10-22,3,164.69,0.0
3727,6,53,2024-05-24,6,131.05,0.05
3728,1,143,2024-08-07,11,233.86,0.0
3729,7,79,2024-05-26,4,156.97,0.1
3730,1,16,2024-11-19,5,78.24,0.25
3731,1,48,2024-12-06,7,43.06,0.15
3732,9,95,2024-01-24,5,244.81,0.0
3733,3,93,2024-11-18,10,187.19,0.05
3734,3,41,2024-10-09,11,157.72,0.1
3735,5,2,2024-02-21,10,81.57,0.0
3736,9,123,2024-03-27,5,108.4,0.25
3737,4,152,2024-07-20,11,77.49,0.05
3738,3,35,2024-10-21,9,8.64,0.0
3739,8,158,2024-01-21,9,81.38,0.0
3740,9,149,2024-12-27,3,212.9,0.0
3741,3,98,2024-06-17,8,93.24,0.0
3742,4,111,2024-05-10,12,43.1,0.1
3743,8,15,2024-10-18,5,149.2,0.25
3744,5,35,2024-12-19,1,8.64,0.0
3745,6,99,2024-12-20,1,207.07,0.0
3746,4,14,2024-02-07,11,13.97,0.05
3747,10,64,2024-11-18,1,54.54,0.1
3748,4,17,2024-07-07,9,92.08,0.0
3749,9,19,2024-05-08,11,61.27,0.15
3750,3,10,2024-11-27,6,136.82,0.0
3751,2,102,2024-12-15,9,25.17,0.15
3752,10,101,2024-03-19,10,131.65,0.1
3753,10,11,2024-08-21,11,117.42,0.0
3754,3,111,2024-01-04,6,43.1,0.05
3755,1,122,2024-09-30,7,28.93,0.0
3756,7,17,2024-07-31,11,92.08,0.0
3757,6,2,2024-11-19,11,81.57,0.0
3758,7,22,2024-06-16,7,28.7,0.1
3759,9,27,2024-01-01,8,83.28,0.0
3760,9,67,2024-12-28,8,107.18,0.25
3761,3,148,2024-05-07,9,126.73,0.0
3762,1,48,2024-06-21,5,43.06,0.25
3763,1,67,2024-03-16,1,107.18,0.1
3764,10,47,2024-07-21,7,118.87,0.15
3765,7,129,2024-06-03,8,151.03,0.25
3766,9,97,2024-11-05,6,51.84,0.0
3767,5,76,2024-04-22,6,150.97,0.0
3768,10,133,2024-03-31,6,107.43,0.25
3769,8,80,2024-08-16,9,210.02,0.0
3770,10,144,2024-07-01,6,72.5,0.15
3771,10,56,2024-03-09,1,91.09,0.25
3772,1,22,2024-05-15,4,28.7,0.25
3773,4,4,2024-02-03,10,167.47,0.15
3774,6,113,2024-12-10,2,114.72,0.05
3775,5,4,2024-02-22,4,167.47,0.0
3776,4,52,2024-10-08,6,158.1,0.0
3777,4,106,2024-06-07,11,97.25,0.0
3778,1,18,2024-02-08,3,204.77,0.1
3779,7,146,2024-05-08,11,127.32,0.1
3780,1,29,2024-12-11,2,128.85,0.15
3781,10,150,2024-11-03,4,89.35,0.15
3782,4,13,2024-02-03,9,91.64,0.25
3783,9,163,2024-01-01,2,102.16,0.0
3784,5,11,10/11/2024,4,117.42,0.15
3785,1,79,2024-02-06,6,156.97,0.1
3786,2,117,2024-11-06,7,144.39,0.0
3787,9,61,2024-10-13,11,24.26,0.05
3788,10,37,2024-11-10,2,19.91,0.15
3789,3,151,2024-09-24,6,22.4,0.25
3790,1,145,2024-03-21,3,,0.25
3791,7,28,2024-11-17,10,143.98,0.0
3792,2,34,2024-11-14,6,99.91,0.05
3793,10,109,2024-08-26,12,204.21,0.15
3794,4,161,2024-12-17,6,203.07,0.1
3795,8,83,2024-03-25,12,48.4,0.15
3796,5,120,2024-11-18,5,234.32,0.15
3797,4,154,2024-08-28,4,104.34,0.1
3798,7,30,2024-12-26,7,212.07,0.0
3799,9,10,2024-03-31,7,136.82,0.05
3800,7,165,2024-07-02,6,56.11,0.0
3801,3,79,2024-04-22,5,156.97,0.0
3802,8,36,2024-03-10,5,31.45,0.1
3803,9,129,2024-08-15,11,151.03,0.1
3804,9,146,2024-05-15,12,127.32,0.1
3805,9,92,2024-05-23,6,96.38,0.25
3806,1,100,2024-08-23,5,120.25,0.0
3807,2,164,2024-04-11,5,78.92,0.25
3808,1,140,2024-06-28,12,147.3,0.25
3809,7,23,08/10/2024,9,135.4,0.1
3810,5,48,2024-11-12,7,43.06,0.15
3811,8,104,2024-12-14,1,246.47,0.0
3812,6,137,2024-12-18,12,165.65,0.0
3813,1,45,06/04/2024,4,29.94,0.0
3814,9,151,2024-06-29,11,22.4,0.15
3815,7,7,2024-09-06,9,12.29,0.05
3816,9,46,2024-12-08,5,46.4,0.25
3817,8,59,2024-11-28,9,30.25,0.25
3818,4,52,2024-10-27,3,158.1,0.0
3819,8,52,2024-08-19,7,158.1,0.1
3820,6,29,2024-06-24,1,128.85,0.0
3821,4,120,2024-12-08,5,234.32,0.05
3822,4,105,2024-12-04,7,136.88,0.0
3823,9,51,2024-03-08,6,160.16,0.0
3824,1,15,2024-01-30,4,149.2,0.1
3825,1,57,2024-10-28,7,75.29,0.05
3826,4,1,2024-02-08,11,38.35,0.0
3827,6,165,2024-11-27,1,56.11,0.25
3828,8,36,2024-11-06,12,31.45,0.0
3829,10,144,2024-12-11,1,72.5,0.1
3830,6,70,2024-07-26,7,149.07,0.05
3831,4,77,2024-12-11,9,68.92,0.05
3832,7,147,2024-11-10,5,159.14,0.15
3833,1,122,2024-07-03,4,28.93,0.15
3834,10,49,2024-07-10,6,89.67,0.0
3835,7,162,2024-02-06,5,125.27,0.0
3836,3,29,2024-01-26,3,128.85,0.0
3837,7,47,2024-12-12,5,118.87,0.0
3838,9,17,2024-02-29,10,92.08,0.05
3839,10,66,2024-02-28,10,254.58,0.1
3840,6,92,2024-05-25,2,96.38,0.0
3841,8,99,2024-11-16,5,207.07,0.0
3842,2,126,2024-06-08,7,28.64,0.15
3843,5,159,2024-11-08,4,51.69,0.0
3844,9,159,2024-07-11,8,51.69,0.1
3845,8,9,2024-09-30,1,100.29,0.15
3846,9,166,2024-05-09,8,,0.0
3847,2,105,2024-11-07,8,136.88,0.0
3848,7,3,06/12/2024,12,91.88,0.0
3849,9,66,2024-01-18,8,254.58,0.1
3850,8,41,2024-12-17,6,157.72,0.15
3851,1,37,2024-09-27,2,19.91,0.0
3852,3,79,2024-11-13,4,156.97,0.0
3853,2,88,2024-07-04,1,106.78,0.05
3854,8,163,2024-09-13,5,102.16,0.05
3855,5,102,2024-10-11,12,25.17,0.0
3856,3,149,2024-02-14,9,212.9,0.0
3857,1,93,2024-11-28,2,187.19,0.1
3858,6,153,2024-11-01,12,149.65,0.1
3859,3,110,25/11/2024,7,240.3,0.0
3860,2,41,2024-10-09,1,157.72,0.25
3861,3,163,2024-10-28,8,102.16,0.1
3862,4,79,2024-07-23,11,156.97,0.05
3863,8,38,2024-03-15,10,27.57,0.05
3864,5,67,2024-03-10,8,107.18,0.0
3865,3,27,2024-12-19,6,83.28,0.25
3866,8,60,2024-12-07,1,27.88,0.1
3867,1,82,2024-01-29,4,111.57,0.0
3868,2,66,2024-02-27,7,254.58,0.0
3869,1,11,2024-01-11,6,117.42,0.0
3870,3,133,15/10/2024,8,107.43,0.25
3871,5,161,2024-08-16,6,203.07,0.0
3872,1,85,2024-10-16,7,88.45,0.0
3873,7,107,2024-02-03,6,9.07,0.0
3874,9,155,2024-06-04,12,165.6,0.1
3875,7,4,2024-09-17,1,167.47,0.05
3876,7,116,2024-11-05,4,182.63,0.1
3877,1,110,2024-12-06,11,240.3,0.25
3878,6,87,2024-03-06,1,211.16,0.25
3879,7,2,2024-06-14,9,81.57,0.0
3880,4,26,2024-11-01,5,163.65,0.25
3881,1,70,2024-10-10,9,,0.25
3882,3,153,2024-11-04,7,149.65,0.1
3883,7,120,2024-05-23,10,234.32,0.05
3884,5,3,2024-09-25,2,91.88,0.15
3885,9,63,2024-08-05,11,110.07,0.15
3886,10,161,2024-05-09,6,203.07,0.0
3887,5,87,2024-07-30,11,211.16,0.1
3888,7,156,2024-11-26,10,173.78,0.25
3889,1,161,2024-02-25,6,203.07,0.0
3890,2,18,2024-11-07,4,204.77,0.25
3891,4,33,23/11/2024,7,162.49,0.05
3892,2,74,2024-12-05,7,77.0,0.0
3893,10,140,2024-09-22,6,147.3,0.0
3894,8,126,2024-07-07,6,28.64,0.1
3895,8,73,2024-10-13,4,242.79,0.25
3896,9,27,2024-10-03,9,83.28,0.0
3897,6,133,2024-12-03,9,107.43,0.0
3898,5,46,2024-11-23,2,46.4,0.15
3899,4,79,2024-06-11,10,156.97,0.0
3900,1,66,2024-12-28,2,254.58,0.0
3901,7,33,2024-12-01,9,162.49,0.15
3902,1,37,2024-09-09,2,19.91,0.25
3903,10,13,02/10/2024,10,91.64,0.15
3904,7,151,2024-11-13,10,22.4,0.25
3905,5,1,2024-12-17,1,38.35,0.05
3906,9,19,2024-02-04,-9,61.27,0.0
3907,8,126,2024-09-24,9,28.64,0.1
3908,8,8,2024-03-01,8,98.81,0.15
3909,3,156,2024-04-18,2,173.78,0.05
3910,4,137,2024-02-25,10,165.65,0.0
3911,9,154,2024-03-16,11,104.34,0.05
3912,4,103,2024-05-24,9,143.37,0.1
3913,3,62,2024-01-22,11,11.77,0.0
3914,5,47,2024-03-15,2,118.87,0.05
3915,2,4,2024-10-21,3,167.47,0.0
3916,1,144,2024-12-17,1,72.5,0.25
3917,5,97,2024-02-02,8,51.84,0.0
3918,5,9,2024-12-26,3,100.29,0.05
3919,3,158,2024-07-05,1,81.38,0.0
3920,4,131,2024-03-30,1,141.63,0.0
3921,2,45,2024-04-24,2,29.94,0.1
3922,6,27,2024-05-08,9,83.28,0.25
3923,9,54,2024-05-29,10,241.98,0.15
3924,6,85,2024-09-25,6,88.45,0.0
3925,2,29,2024-03-15,1,128.85,0.0
3926,1,32,2024-06-24,9,195.25,0.1
3927,6,85,2024-03-25,8,88.45,0.0
3928,9,151,2024-05-12,1,22.4,0.05
3929,10,25,2024-01-03,1,179.28,0.0
3930,8,119,2024-11-23,3,38.1,0.1
3931,3,96,2024-12-08,6,169.6,0.1
3932,3,98,03/08/2024,6,93.24,0.25
3933,7,165,2024-12-19,1,56.11,0.25
3934,8,119,2024-04-28,7,38.1,0.05
3935,3,24,2024-05-21,1,80.42,0.0
3936,7,67,2024-08-30,6,107.18,0.0
3937,5,75,2024-04-24,1,,0.1
3938,7,119,2024-11-27,11,38.1,0.1
3939,3,157,2024-06-02,6,147.67,0.15
3940,8,143,2024-07-04,12,233.86,0.0
3941,8,51,2024-11-02,1,160.16,0.1
3942,10,155,2024-11-23,4,165.6,0.05
3943,6,143,2024-12-15,3,233.86,0.0
3944,4,164,2024-08-15,7,78.92,0.0
3945,8,119,2024-11-27,11,38.1,0.25
3946,1,100,2024-09-01,5,120.25,0.05
3947,1,19,2024-11-01,9,61.27,0.0
3948,3,45,2024-02-08,2,29.94,0.0
3949,1,158,2024-11-05,10,81.38,0.25
3950,4,69,2024-05-12,6,68.64,0.0
3951,1,5,2024-10-29,4,152.79,0.1
3952,6,146,2024-03-18,12,127.32,0.25
3953,10,141,2024-11-09,7,45.08,0.25
3954,8,149,2024-03-13,1,212.9,0.25
3955,2,101,2024-07-02,6,131.65,0.0
3956,8,43,2024-11-02,8,88.26,0.1
3957,1,29,2024-01-01,8,128.85,0.0
3958,6,109,2024-12-04,4,204.21,0.1
3959,7,151,2024-10-12,3,22.4,0.0
3960,6,142,2024-04-03,12,,0.25
3961,7,74,2024-08-24,8,77.0,0.25
3962,4,141,2024-12-08,7,45.08,0.05
3963,10,48,2024-08-29,6,43.06,0.15
3964,9,90,2024-12-15,3,98.0,0.1
3965,8,60,2024-09-11,3,27.88,0.25
3966,7,124,2024-12-04,10,19.68,0.15
3967,3,35,2024-01-04,6,8.64,0.0
3968,9,14,2024-11-11,7,13.97,0.25
3969,9,75,2024-05-31,8,29.49,0.0
3970,5,96,2024-11-19,11,169.6,0.1
3971,2,114,2024-06-18,1,137.91,0.0
3972,1,97,2024-11-04,1,51.84,0.0
3973,4,150,2024-04-06,7,89.35,0.05
3974,6,119,2024-01-05,4,38.1,0.0
3975,5,47,2024-01-09,7,118.87,0.25
3976,4,87,2024-06-12,11,211.16,0.25
3977,7,136,2024-11-29,9,182.39,0.15
3978,7,165,2024-03-31,7,56.11,0.15
3979,3,104,2024-05-21,11,246.47,0.25
3980,9,164,2024-04-10,7,78.92,0.1
3981,9,91,2024-06-30,6,146.33,0.25
3982,9,80,2024-09-06,5,210.02,0.0
3983,1,98,2024-04-02,2,93.24,0.0
3984,4,153,2024-12-01,8,149.65,0.1
3985,6,139,2024-12-04,1,81.1,0.0
3986,1,73,2024-04-03,1,242.79,0.15
3987,5,10,2024-02-07,5,136.82,0.0
3988,6,136,2024-03-02,1,182.39,0.1
3989,9,166,2024-03-18,9,44.53,0.0
3990,2,96,2024-05-17,1,169.6,0.15
3991,3,61,2024-12-22,11,24.26,0.0
3992,2,82,2024-12-06,1,111.57,0.0
3993,6,107,2024-10-26,8,9.07,0.05
3994,6,166,2024-06-12,9,44.53,0.0
3995,3,166,2024-11-20,5,44.53,0.15
3996,10,8,2024-05-11,10,98.81,0.0
3997,3,19,2024-10-03,5,61.27,0.0
3998,7,34,2024-12-28,8,99.91,0.0
3999,6,121,2024-07-10,11,164.69,0.15
4000,1,39,2024-04-08,8,112.9,0.0
4001,3,91,2024-03-02,8,146.33,0.05
4002,10,170,2024-08-19,3,,0.25
4003,6,1,2024-07-31,1,38.35,0.15
4004,5,25,2024-10-01,9,179.28,0.0
4005,1,164,2024-11-01,6,78.92,0.1
4006,4,31,2024-07-21,6,110.33,0.15
4007,8,140,2024-11-15,12,147.3,0.0
4008,8,105,2024-07-05,6,136.88,0.05
4009,7,153,2024-01-06,8,149.65,0.15
4010,3,69,2024-03-28,7,68.64,0.1
4011,9,56,2024-07-15,4,91.09,0.1
4012,4,92,2024-12-09,9,96.38,0.0
4013,10,117,2024-10-23,9,144.39,0.1
4014,4,165,2024-10-12,2,56.11,0.1
4015,6,133,2024-06-21,1,107.43,0.0
4016,10,50,2024-10-02,5,168.2,0.0
4017,7,110,2024-12-10,9,240.3,0.0
4018,1,128,2024-12-28,12,177.81,0.0
4019,3,140,2024-11-24,10,,0.1
4020,8,93,2024-12-21,9,187.19,0.1
4021,4,99,2024-02-17,3,207.07,0.15
4022,2,162,2024-10-21,4,125.27,0.1
4023,8,130,2024-12-06,7,200.9,0.25
4024,4,42,2024-03-06,11,169.87,0.0
4025,7,77,2024-03-28,-9,68.92,0.15
4026,6,141,2024-11-14,8,45.08,0.0
4027,8,6,2024-04-07,5,18.62,0.05
4028,9,147,2024-09-06,10,159.14,0.25
4029,1,161,2024-09-12,9,203.07,0.1
4030,10,14,2024-04-27,7,13.97,0.25
4031,6,88,2024-03-11,1,106.78,0.1
4032,3,43,2024-05-05,6,88.26,0.15
4033,1,71,2024-05-04,6,11.55,0.0
4034,3,159,2024-06-11,1,51.69,0.0
4035,8,4,2024-09-06,10,167.47,0.0
4036,1,157,2024-04-17,1,147.67,0.0
4037,7,90,2024-10-11,6,98.0,0.0
4038,3,155,28/08/2024,12,165.6,0.0
4039,9,7,2024-10-28,5,12.29,0.0
4040,5,135,2024-08-11,5,198.75,0.0
4041,3,158,2024-05-16,3,81.38,0.15
4042,9,61,2024-11-14,4,24.26,0.15
4043,10,96,2024-12-19,7,169.6,0.0
4044,1,97,2024-11-03,10,51.84,0.0
4045,9,140,2024-04-16,5,147.3,0.0
4046,5,107,2024-08-03,8,9.07,0.15
4047,10,8,2024-11-12,6,98.81,0.25
4048,3,130,2024-09-03,4,200.9,0.15
4049,1,119,2024-12-19,1,38.1,0.1
4050,10,90,2024-11-20,11,98.0,0.1
4051,2,81,2024-10-08,9,39.73,0.1
4052,10,75,2024-09-05,2,29.49,0.0
4053,2,14,2024-12-17,7,13.97,0.25
4054,8,6,2024-07-11,12,18.62,0.0
4055,3,93,2024-12-08,10,187.19,0.0
4056,4,129,2024-03-25,9,151.03,0.1
4057,8,50,2024-11-02,2,168.2,0.15
4058,9,105,2024-09-05,5,136.88,0.25
4059,1,14,2024-06-07,10,13.97,0.25
4060,9,97,2024-03-28,5,51.84,0.25
4061,10,54,2024-05-06,9,,0.1
4062,2,168,2024-11-15,10,115.57,0.1
4063,10,38,2024-12-23,2,,0.15
4064,7,151,2024-05-10,8,22.4,0.25
4065,9,145,2024-11-06,9,33.88,0.15
4066,5,160,2024-06-25,11,215.87,0.0
4067,1,15,2024-01-13,12,149.2,0.25
4068,4,78,18/11/2024,4,125.42,0.0
4069,7,98,09/01/2024,2,93.24,0.0
4070,6,89,2024-10-26,7,16.36,0.25
4071,7,4,2024-02-06,9,167.47,0.1
4072,5,10,2024-02-12,10,136.82,0.15
4073,10,38,2024-08-01,3,27.57,0.0
4074,1,161,2024-10-28,1,203.07,0.15
4075,7,117,2024-08-11,12,144.39,0.25
4076,7,149,2024-02-10,10,212.9,0.05
4077,10,167,2024-03-13,9,20.08,0.05
4078,5,68,2024-08-24,6,17.26,0.0
4079,9,102,2024-11-23,11,25.17,0.15
4080,4,162,2024-08-26,6,125.27,0.0
4081,1,113,2024-06-22,12,114.72,0.05
4082,7,92,03/10/2024,7,96.38,0.05
4083,10,14,2024-02-09,7,13.97,0.25
4084,2,36,2024-08-11,5,31.45,0.0
4085,1,53,2024-02-29,5,131.05,0.05
4086,2,12,2024-12-15,8,105.87,0.0
4087,3,75,2024-12-18,7,29.49,0.05
4088,4,114,2024-10-03,2,137.91,0.0
4089,3,18,2024-06-01,11,204.77,0.15
4090,1,51,2024-11-27,6,160.16,0.25
4091,9,64,2024-09-29,10,54.54,0.0
4092,7,145,2024-11-01,1,33.88,0.0
4093,10,36,2024-11-01,5,31.45,0.0
4094,6,102,2024-12-30,3,25.17,0.25
4095,6,144,2024-09-02,5,72.5,0.25
4096,1,65,2024-06-18,5,65.09,0.0
4097,1,55,2024-12-28,6,120.86,0.0
4098,5,36,2024-01-12,4,31.45,0.1
4099,9,91,2024-12-05,4,,0.0
4100,10,3,2024-03-01,9,91.88,0.0
4101,7,134,2024-06-09,7,141.92,0.0
4102,4,7,2024-12-23,1,12.29,0.05
4103,1,140,2024-02-18,11,147.3,0.1
4104,2,158,2024-02-03,11,81.38,0.0
4105,2,131,19/12/2024,4,141.63,0.0
4106,6,155,2024-01-13,7,165.6,0.0
4107,7,131,2024-12-21,10,141.63,0.1
4108,8,67,2024-11-28,11,107.18,0.0
4109,6,92,2024-12-11,10,96.38,0.0
4110,4,75,2024-01-31,2,29.49,0.25
4111,4,154,2024-11-18,3,104.34,0.05
4112,4,142,2024-11-25,3,36.7,0.1
4113,2,63,2024-07-29,10,110.07,0.0
4114,3,153,2024-12-06,1,149.65,0.0
4115,4,154,2024-08-19,-2,104.34,0.1
4116,2,105,2024-07-13,1,136.88,0.0
4117,9,14,2024-02-06,9,13.97,0.0
4118,9,152,2024-07-24,4,77.49,0.05
4119,7,73,2024-02-11,4,242.79,0.15
4120,2,11,2024-04-19,7,117.42,0.25
4121,9,137,2024-11-16,2,165.65,0.15
4122,5,111,2024-05-07,4,43.1,0.1
4123,3,58,2024-02-24,12,216.14,0.0
4124,3,23,2024-08-21,12,135.4,0.25
4125,5,77,2024-10-29,1,68.92,0.25
4126,10,168,2024-12-07,3,115.57,0.15
4127,7,108,2024-11-02,12,151.96,0.15
4128,9,78,2024-06-05,8,125.42,0.05
4129,1,61,2024-01-08,4,24.26,0.0
4130,2,129,2024-10-16,6,151.03,0.0
4131,2,115,2024-10-12,3,212.31,0.0
4132,9,131,2024-10-09,12,141.63,0.15
4133,4,101,2024-06-21,1,131.65,0.1
4134,9,96,2024-04-04,8,169.6,0.15
4135,8,170,2024-08-01,5,8.38,0.0
4136,3,160,2024-07-07,6,215.87,0.0
4137,5,14,2024-06-21,3,13.97,0.15
4138,2,120,2024-06-05,11,234.32,0.1
4139,1,52,2024-12-19,12,158.1,0.0
4140,7,118,2024-11-14,2,153.88,0.25
4141,5,134,2024-03-26,3,141.92,0.05
4142,6,109,2024-11-18,9,204.21,0.0
4143,4,154,2024-08-13,8,104.34,0.1
4144,1,146,2024-06-20,2,127.32,0.1
4145,4,83,2024-03-22,7,48.4,0.0
4146,6,115,2024-01-08,7,212.31,0.0
4147,5,12,2024-01-22,11,105.87,0.1
4148,5,20,2024-10-02,2,150.34,0.05
4149,3,21,2024-01-20,1,89.09,0.15
4150,3,124,2024-01-11,8,19.68,0.0
4151,5,29,2024-10-14,7,128.85,0.1
4152,8,70,2024-12-28,8,149.07,0.25
4153,2,161,2024-03-08,2,203.07,0.05
4154,9,154,2024-11-10,12,104.34,0.0
4155,3,162,2024-04-01,8,125.27,0.15
4156,8,17,2024-01-21,7,92.08,0.05
4157,1,7,2024-12-14,10,12.29,0.05
4158,4,8,2024-07-01,6,98.81,0.0
4159,5,34,2024-11-18,6,99.91,0.0
4160,6,17,2024-12-05,5,92.08,0.05
4161,2,90,2024-11-10,7,98.0,0.0
4162,4,12,2024-09-24,3,105.87,0.0
4163,2,63,2024-01-08,1,110.07,0.0
4164,4,97,2024-09-25,7,51.84,0.15
4165,1,101,2024-06-07,1,131.65,0.0
4166,9,153,2024-08-02,2,149.65,0.05
4167,3,111,2024-01-04,6,43.1,0.05
4168,9,134,2024-11-12,8,141.92,0.15
4169,6,144,2024-10-31,3,72.5,0.0
4170,1,6,2024-11-07,8,18.62,0.0
4171,2,17,2024-08-29,6,92.08,0.1
4172,8,49,2024-12-10,11,89.67,0.0
4173,6,95,2024-09-08,12,244.81,0.0
4174,1,137,2024-01-21,2,165.65,0.1
4175,5,111,2024-11-23,6,43.1,0.1
4176,4,101,2024-05-08,12,131.65,0.0
4177,5,142,2024-06-18,7,36.7,0.0
4178,9,22,2024-10-14,6,,0.15
4179,8,144,2024-05-01,7,72.5,0.0
4180,7,73,2024-12-02,8,242.79,0.25
4181,6,164,2024-05-28,12,78.92,0.15
4182,1,1,26/10/2024,5,38.35,0.0
4183,7,73,2024-05-11,7,242.79,0.05
4184,2,159,2024-11-10,6,51.69,0.05
4185,5,36,2024-07-24,2,31.45,0.25
4186,3,99,2024-01-15,11,207.07,0.1
4187,9,155,2024-07-13,10,165.6,0.1
4188,8,112,2024-01-16,1,58.1,0.15
4189,10,21,2024-11-19,2,89.09,0.0
4190,7,164,2024-01-30,4,78.92,0.25
4191,7,44,2024-03-29,10,260.43,0.0
4192,8,146,2024-03-20,6,127.32,0.25
4193,7,133,2024-01-10,6,107.43,0.1
4194,7,88,2024-11-28,5,106.78,0.15
4195,1,66,2024-11-25,12,254.58,0.15
4196,4,41,2024-08-24,5,157.72,0.25
4197,3,76,2024-07-03,2,150.97,0.1
4198,6,39,2024-02-17,12,112.9,0.0
4199,9,54,2024-07-02,3,241.98,0.0
4200,8,89,2024-10-23,9,16.36,0.15
4201,6,37,2024-06-16,6,19.91,0.0
4202,6,83,2024-11-12,4,48.4,0.05
4203,6,117,2024-04-20,10,144.39,0.15
4204,9,134,2024-03-21,6,141.92,0.25
4205,3,104,2024-01-12,12,246.47,0.0
4206,4,168,2024-11-15,9,115.57,0.25
4207,6,163,2024-12-27,8,102.16,0.0
4208,5,115,2024-12-28,11,212.31,0.0
4209,3,68,2024-05-12,10,17.26,0.0
4210,6,130,2024-02-06,4,200.9,0.25
4211,1,99,2024-11-21,7,207.07,0.05
4212,9,84,2024-01-26,11,219.55,0.15
4213,7,90,2024-12-18,12,98.0,0.1
4214,2,48,2024-10-06,3,43.06,0.0
4215,2,78,2024-12-26,10,125.42,0.25
4216,8,106,2024-07-05,11,97.25,0.05
4217,8,108,2024-05-20,8,151.96,0.15
4218,6,27,2024-04-29,7,83.28,0.0
4219,1,55,2024-03-27,5,120.86,0.1
4220,8,136,2024-11-25,7,182.39,0.05
4221,2,17,2024-12-06,3,92.08,0.0
4222,3,86,2024-03-02,3,125.76,0.0
4223,3,82,2024-11-26,4,111.57,0.0
4224,8,37,2024-08-30,6,19.91,0.05
4225,9,23,2024-05-01,11,135.4,0.15
4226,6,74,2024-12-05,6,77.0,0.05
4227,2,147,2024-10-22,8,159.14,0.0
4228,3,85,2024-03-19,9,88.45,0.0
4229,7,15,2024-06-25,2,149.2,0.0
4230,1,54,2024-09-24,8,241.98,0.05
4231,3,118,28/04/2024,6,153.88,0.25
4232,8,86,2024-03-30,6,125.76,0.15
4233,7,18,2024-02-02,12,204.77,0.25
4234,7,6,2024-10-26,2,18.62,0.0
4235,5,153,2024-08-31,10,149.65,0.15
4236,10,119,30/06/2024,12,38.1,0.1
4237,9,63,2024-05-13,7,110.07,0.05
4238,3,146,2024-12-10,12,127.32,0.25
4239,2,160,2024-04-02,11,215.87,0.0
4240,8,80,2024-08-15,4,210.02,0.15
4241,8,20,2024-05-14,5,150.34,0.0
4242,2,9,2024-02-03,5,100.29,0.0
4243,9,41,2024-08-24,5,157.72,0.05
4244,4,137,2024-06-04,12,165.65,0.1
4245,9,133,2024-11-04,9,107.43,0.15
4246,7,139,2024-08-11,1,81.1,0.1
4247,3,155,2024-11-22,6,,0.0
4248,10,100,2024-04-26,4,120.25,0.25
4249,9,63,2024-10-21,11,110.07,0.1
4250,6,153,2024-10-30,12,149.65,0.0
4251,2,82,2024-10-07,12,,0.0
4252,6,116,2024-05-14,6,182.63,0.1
4253,2,44,2024-11-04,9,260.43,0.1
4254,6,155,25/02/2024,9,165.6,0.0
4255,9,11,2024-12-23,5,117.42,0.0
4256,8,30,2024-07-09,10,212.07,0.0
4257,10,1,2024-12-28,4,38.35,0.25
4258,7,1,2024-10-28,4,38.35,0.0
4259,1,117,2024-12-05,11,144.39,0.0
4260,6,47,2024-08-20,12,118.87,0.1
4261,2,83,2024-02-07,3,48.4,0.0
4262,10,158,07/09/2024,1,81.38,0.0
4263,9,38,2024-09-05,3,27.57,0.15
4264,7,42,2024-11-02,12,169.87,0.05
4265,3,58,2024-08-05,7,,0.25
4266,9,146,2024-07-25,4,127.32,0.25
4267,2,90,2024-10-31,11,98.0,0.05
4268,7,69,2024-08-03,9,68.64,0.0
4269,5,82,2024-01-20,12,111.57,0.0
4270,4,82,2024-07-27,2,111.57,0.0
4271,9,137,2024-12-07,2,165.65,0.1
4272,1,61,2024-11-16,7,24.26,0.1
4273,9,95,2024-02-01,6,244.81,0.25
4274,10,36,2024-08-03,5,31.45,0.0
4275,9,99,2024-09-15,11,207.07,0.0
4276,6,109,2024-04-11,5,204.21,0.0
4277,2,68,2024-03-26,10,17.26,0.25
4278,1,11,2024-03-25,6,117.42,0.0
4279,2,44,2024-09-18,4,260.43,0.0
4280,2,45,2024-02-24,11,29.94,0.05
4281,6,144,2024-11-28,2,72.5,0.0
4282,5,148,2024-06-30,1,126.73,0.0
4283,6,7,2024-06-29,6,12.29,0.0
4284,9,133,2024-12-15,9,107.43,0.1
4285,5,127,2024-09-06,10,51.12,0.0
4286,9,49,2024-11-23,8,89.67,0.1
4287,1,160,2024-02-04,3,215.87,0.1
4288,3,2,2024-09-18,8,81.57,0.05
4289,10,145,20/04/2024,12,33.88,0.05
4290,10,157,2024-05-27,6,147.67,0.0
4291,9,25,2024-11-24,9,179.28,0.15
4292,7,147,2024-04-07,10,159.14,0.15
4293,4,89,2024-02-15,3,16.36,0.0
4294,4,134,2024-12-17,9,141.92,0.05
4295,9,98,2024-12-16,9,93.24,0.0
4296,3,13,2024-12-28,10,91.64,0.0
4297,7,72,2024-08-16,2,94.95,0.0
4298,7,58,2024-03-08,3,216.14,0.0
4299,5,107,2024-12-29,12,9.07,0.0
4300,9,13,17/09/2024,2,91.64,0.25
4301,7,76,2024-09-08,6,150.97,0.05
4302,1,79,2024-12-07,7,156.97,0.1
4303,6,14,2024-01-22,9,13.97,0.0
4304,7,89,2024-08-20,9,16.36,0.25
4305,4,67,2024-03-13,1,107.18,0.15
4306,8,105,2024-12-19,8,136.88,0.0
4307,8,107,2024-06-05,6,9.07,0.25
4308,10,47,2024-04-22,6,118.87,0.05
4309,6,92,2024-05-31,3,96.38,0.15
4310,6,12,2024-04-29,8,105.87,0.1
4311,9,94,2024-04-30,3,179.27,0.0
4312,5,153,02/11/2024,1,149.65,0.05
4313,10,137,2024-02-24,7,165.65,0.15
4314,5,1,2024-12-22,3,38.35,0.0
4315,1,25,2024-06-09,1,179.28,0.25
4316,7,102,2024-08-17,7,25.17,0.15
4317,6,77,2024-03-21,9,68.92,0.25
4318,8,154,2024-07-09,11,104.34,0.1
4319,6,87,2024-06-05,4,211.16,0.05
4320,2,158,13/07/2024,6,81.38,0.25
4321,8,157,2024-06-01,8,147.67,0.0
4322,3,33,2024-01-01,12,162.49,0.0
4323,3,59,2024-11-26,8,30.25,0.25
4324,6,37,2024-06-25,12,19.91,0.0
4325,1,4,2024-12-30,10,167.47,0.0
4326,6,24,2024-12-01,7,80.42,0.1
4327,10,8,2024-12-10,7,98.81,0.25
4328,1,164,2024-12-03,3,78.92,0.05
4329,8,13,2024-05-24,8,91.64,0.1
4330,7,81,2024-11-28,3,,0.15
4331,8,22,2024-10-26,8,28.7,0.15
4332,3,38,2024-03-29,7,27.57,0.05
4333,4,92,2024-12-17,6,96.38,0.15
4334,7,147,2024-05-14,8,159.14,0.0
4335,5,23,2024-01-16,11,135.4,0.0
4336,5,167,2024-12-22,12,20.08,0.25
4337,5,111,2024-08-15,6,43.1,0.0
4338,4,81,2024-12-11,11,39.73,0.0
4339,3,137,23/02/2024,9,165.65,0.15
4340,7,92,2024-09-04,4,96.38,0.05
4341,9,7,2024-02-22,11,12.29,0.25
4342,8,87,2024-09-27,9,211.16,0.1
4343,3,125,2024-11-18,6,151.37,0.0
4344,1,37,2024-09-14,12,19.91,0.1
4345,10,19,2024-04-18,3,61.27,0.0
4346,9,124,2024-07-13,5,19.68,0.0
4347,8,141,2024-04-21,10,45.08,0.05
4348,4,14,2024-04-24,12,13.97,0.0
4349,6,167,2024-07-19,12,20.08,0.0
4350,2,160,2024-01-06,1,215.87,0.0
4351,7,8,2024-08-20,11,98.81,0.15
4352,5,87,2024-07-03,11,211.16,0.0
4353,10,115,2024-12-25,1,212.31,0.1
4354,4,57,2024-11-14,7,75.29,0.1
4355,2,90,2024-10-04,6,98.0,0.25
4356,6,125,2024-06-03,1,151.37,0.0
4357,9,120,2024-07-12,8,234.32,0.25
4358,8,75,2024-12-05,3,29.49,0.0
4359,2,99,2024-05-07,4,207.07,0.05
4360,4,140,2024-11-22,1,147.3,0.25
4361,5,63,2024-05-18,12,110.07,0.0
4362,3,162,2024-11-10,9,125.27,0.0
4363,1,86,2024-04-15,4,125.76,0.0
4364,8,86,2024-08-25,2,125.76,0.0
4365,8,100,2024-05-15,11,120.25,0.0
4366,9,132,2024-09-24,9,133.08,0.0
4367,2,5,2024-05-13,8,152.79,0.15
4368,1,40,2024-04-02,10,21.17,0.05
4369,8,164,2024-12-01,6,78.92,0.15
4370,1,15,2024-12-17,6,,0.0
4371,1,38,2024-02-15,12,27.57,0.15
4372,10,38,2024-03-28,9,27.57,0.05
4373,6,36,2024-12-10,6,31.45,0.0
4374,8,69,2024-12-19,8,68.64,0.0
4375,8,102,2024-10-14,9,25.17,0.25
4376,6,129,2024-08-16,11,151.03,0.1
4377,6,33,2024-11-06,7,162.49,0.0
4378,1,107,2024-07-24,10,9.07,0.1
4379,3,106,2024-02-08,2,97.25,0.25
4380,8,129,2024-12-13,10,151.03,0.0
4381,5,94,2024-03-19,7,179.27,0.0
4382,9,149,2024-07-04,5,212.9,0.25
4383,6,58,2024-07-07,11,216.14,0.05
4384,7,99,2024-10-02,4,207.07,0.0
4385,10,145,2024-06-27,10,33.88,0.0
4386,1,21,2024-01-17,11,89.09,0.0
4387,2,39,2024-10-15,6,112.9,0.0
4388,1,44,2024-03-25,8,260.43,0.0
4389,5,131,2024-11-15,8,141.63,0.0
4390,1,74,2024-04-08,8,77.0,0.05
4391,5,42,2024-10-29,6,169.87,0.0
4392,1,17,2024-06-08,1,92.08,0.1
4393,9,150,2024-09-14,2,89.35,0.0
4394,7,96,2024-10-02,8,169.6,0.0
4395,2,148,2024-02-28,7,126.73,0.05
4396,5,12,2024-09-27,2,105.87,0.0
4397,2,166,2024-11-25,12,44.53,0.15
4398,9,145,2024-03-02,11,33.88,0.0
4399,5,62,2024-11-22,10,11.77,0.25
4400,7,85,2024-01-13,12,88.45,0.0
4401,7,27,2024-12-08,8,83.28,0.05
4402,6,24,2024-10-10,4,80.42,0.0
4403,3,46,2024-12-21,9,46.4,0.0
4404,5,100,2024-02-19,1,120.25,0.0
4405,1,146,2024-12-01,11,127.32,0.0
4406,1,129,2024-06-20,3,151.03,0.0
4407,2,42,2024-11-20,4,169.87,0.0
4408,7,13,2024-10-17,5,91.64,0.05
4409,3,127,2024-10-31,6,51.12,0.25
4410,10,133,2024-06-11,7,107.43,0.15
4411,2,102,2024-09-16,6,25.17,0.15
4412,10,107,2024-01-24,6,9.07,0.0
4413,3,170,2024-12-07,4,8.38,0.15
4414,9,33,2024-11-18,11,162.49,0.25
4415,3,78,2024-02-09,3,125.42,0.0
4416,1,34,2024-04-10,2,99.91,0.0
4417,8,74,2024-12-04,8,77.0,0.05
4418,4,37,2024-08-15,8,19.91,0.25
4419,6,71,2024-12-09,5,11.55,0.1
4420,5,68,2024-04-14,4,17.26,0.0
4421,8,156,2024-03-24,11,173.78,0.25
4422,8,5,2024-08-05,10,152.79,0.05
4423,3,32,2024-07-27,10,195.25,0.15
4424,5,20,2024-07-27,2,150.34,0.25
4425,1,43,2024-04-02,2,88.26,0.05
4426,6,37,2024-12-15,2,19.91,0.25
4427,6,34,2024-03-22,10,99.91,0.0
4428,5,47,2024-05-08,10,118.87,0.15
4429,1,34,2024-12-11,5,99.91,0.0
4430,4,111,2024-01-11,3,43.1,0.0
4431,3,168,2024-09-20,1,115.57,0.0
4432,8,139,2024-11-05,12,81.1,0.0
4433,2,58,2024-07-09,5,216.14,0.0
4434,1,25,2024-11-22,-5,179.28,0.05
4435,8,113,2024-01-17,11,114.72,0.0
4436,1,3,2024-11-17,4,91.88,0.0
4437,9,60,2024-06-23,11,27.88,0.0
4438,8,77,2024-11-28,3,68.92,0.1
4439,10,123,2024-05-31,12,108.4,0.0
4440,1,166,2024-08-07,6,44.53,0.1
4441,4,38,2024-04-27,6,27.57,0.1
4442,8,131,2024-01-07,6,141.63,0.25
4443,2,31,2024-06-29,9,110.33,0.15
4444,5,94,2024-10-16,5,179.27,0.0
4445,4,163,2024-02-10,-4,102.16,0.25
4446,8,133,2024-10-06,3,107.43,0.0
4447,2,108,2024-04-19,10,151.96,0.05
4448,6,74,2024-11-29,10,77.0,0.15
4449,5,82,2024-01-20,12,111.57,0.0
4450,8,40,2024-12-21,12,21.17,0.0
4451,5,94,2024-02-29,6,179.27,0.25
4452,6,78,2024-02-04,10,125.42,0.15
4453,5,145,2024-05-09,8,33.88,0.0
4454,5,86,2024-08-22,10,125.76,0.0
4455,9,168,2024-05-25,-2,115.57,0.05
4456,3,165,2024-07-23,11,,0.0
4457,8,124,2024-11-08,9,19.68,0.0
4458,3,67,2024-12-05,5,107.18,0.15
4459,8,39,2024-02-07,7,112.9,0.1
4460,8,95,2024-06-25,10,244.81,0.0
4461,6,163,2024-12-30,3,102.16,0.15
4462,10,31,2024-06-21,7,110.33,0.0
4463,5,73,2024-07-13,7,242.79,0.0
4464,10,158,2024-11-01,3,81.38,0.15
4465,10,11,2024-07-25,10,117.42,0.25
4466,5,139,2024-03-21,5,81.1,0.1
4467,8,82,2024-10-30,7,111.57,0.25
4468,6,87,2024-07-09,8,211.16,0.05
4469,4,98,2024-12-10,7,93.24,0.0
4470,4,4,2024-06-23,6,167.47,0.1
4471,9,57,2024-03-15,11,75.29,0.0
4472,7,27,2024-11-14,9,83.28,0.0
4473,8,145,2024-03-11,10,33.88,0.0
4474,4,162,2024-06-13,7,125.27,0.05
4475,9,22,2024-12-22,3,28.7,0.0
4476,9,132,2024-03-17,9,133.08,0.0
4477,7,42,2024-03-17,8,169.87,0.15
4478,2,144,2024-10-28,-10,72.5,0.05
4479,3,99,2024-01-12,12,207.07,0.0
4480,8,149,2024-03-13,1,,0.25
4481,10,91,2024-12-08,3,146.33,0.0
4482,3,22,2024-01-29,8,28.7,0.25
4483,8,82,2024-07-20,7,,0.05
4484,1,130,2024-06-13,8,200.9,0.0
4485,3,143,2024-11-21,2,233.86,0.15
4486,10,146,2024-12-16,2,127.32,0.0
4487,8,140,2024-11-15,12,147.3,0.0
4488,1,61,2024-12-22,11,24.26,0.25
4489,2,39,2024-10-12,9,112.9,0.0
4490,5,163,2024-11-14,7,102.16,0.1
4491,6,98,2024-05-28,1,93.24,0.1
4492,7,58,2024-09-01,10,216.14,0.05
4493,1,118,2024-12-15,9,153.88,0.05
4494,7,9,2024-06-24,9,100.29,0.0
4495,6,6,2024-02-29,11,18.62,0.0
4496,6,164,2024-11-09,9,,0.0
4497,2,28,2024-05-30,8,143.98,0.05
4498,7,64,2024-05-18,2,54.54,0.0
4499,10,109,2024-09-04,7,204.21,0.05
4500,5,56,2024-03-26,4,91.09,0.05
4501,9,110,30/12/2024,11,240.3,0.25
4502,5,149,2024-11-29,7,212.9,0.0
4503,7,144,2024-12-12,9,72.5,0.15
4504,1,123,2024-11-08,9,108.4,0.15
4505,4,18,2024-03-30,12,204.77,0.15
4506,1,116,2024-01-27,4,182.63,0.0
4507,8,40,2024-07-29,5,21.17,0.05
4508,5,135,2024-05-15,2,198.75,0.0
4509,2,147,2024-11-25,4,159.14,0.0
4510,1,34,2024-04-21,3,99.91,0.0
4511,2,34,2024-07-24,2,99.91,0.1
4512,6,104,2024-09-24,10,246.47,0.15
4513,1,116,2024-08-29,10,182.63,0.1
4514,7,8,08/01/2024,2,98.81,0.1
4515,5,35,2024-11-28,4,8.64,0.05
4516,4,70,2024-08-25,1,149.07,0.0
4517,10,159,2024-03-24,8,51.69,0.0
4518,3,33,2024-12-18,9,162.49,0.0
4519,4,152,2024-04-21,12,77.49,0.05
4520,3,97,2024-02-09,1,51.84,0.0
4521,4,123,2024-05-16,10,108.4,0.1
4522,10,131,2024-06-05,6,141.63,0.0
4523,7,86,2024-08-23,7,125.76,0.0
4524,7,30,2024-11-07,9,212.07,0.15
4525,5,105,2024-12-12,6,136.88,0.0
4526,9,35,2024-10-19,1,8.64,0.0
4527,5,4,2024-11-06,12,167.47,0.0
4528,10,145,2024-10-05,6,33.88,0.05
4529,9,66,2024-12-28,6,254.58,0.0
4530,9,93,2024-10-25,1,187.19,0.1
4531,9,108,2024-12-15,2,,0.0
4532,10,72,2024-03-02,7,94.95,0.05
4533,3,96,2024-11-29,8,169.6,0.15
4534,10,147,2024-03-21,10,159.14,0.0
4535,1,93,06/11/2024,11,187.19,0.0
4536,3,155,2024-10-20,4,165.6,0.0
4537,8,124,2024-05-05,10,19.68,0.25
4538,7,148,2024-11-21,8,126.73,0.0
4539,7,77,12/03/2024,5,68.92,0.0
4540,3,120,2024-10-17,8,234.32,0.0
4541,6,56,2024-12-07,-10,91.09,0.0
4542,6,55,2024-05-02,2,120.86,0.0
4543,9,150,2024-12-28,9,89.35,0.05
4544,4,168,2024-03-29,10,115.57,0.0
4545,4,29,2024-09-24,10,128.85,0.0
4546,5,94,2024-02-24,11,179.27,0.15
4547,2,22,2024-01-24,7,28.7,0.0
4548,3,162,2024-11-25,9,125.27,0.0
4549,4,167,2024-12-19,7,20.08,0.05
4550,7,159,2024-02-27,10,51.69,0.1
4551,6,8,2024-06-26,4,98.81,0.15
4552,9,24,2024-11-06,7,80.42,0.25
4553,7,10,2024-02-09,8,136.82,0.15
4554,3,100,2024-07-06,7,120.25,0.05
4555,2,117,2024-02-29,11,144.39,0.15
4556,9,146,2024-06-14,11,127.32,0.05
4557,3,116,2024-12-13,5,182.63,0.0
4558,5,143,2024-11-08,12,233.86,0.1
4559,4,53,2024-09-22,4,131.05,0.0
4560,2,53,2024-12-03,12,131.05,0.0
4561,9,139,2024-04-03,5,81.1,0.0
4562,4,142,2024-11-09,4,36.7,0.05
4563,6,159,2024-05-15,12,51.69,0.25
4564,10,74,06/01/2024,2,77.0,0.15
4565,2,50,2024-11-22,3,168.2,0.05
4566,1,122,2024-11-23,2,28.93,0.05
4567,3,160,2024-12-13,12,215.87,0.15
4568,1,1,2024-06-26,9,38.35,0.0
4569,4,156,2024-03-14,3,173.78,0.0
4570,1,151,2024-12-03,2,22.4,0.0
4571,9,13,2024-04-17,7,91.64,0.0
4572,6,168,2024-02-04,8,115.57,0.1
4573,8,79,2024-01-02,7,156.97,0.0
4574,8,41,2024-06-28,5,157.72,0.25
4575,7,54,2024-04-25,6,241.98,0.25
4576,7,129,2024-07-11,-1,151.03,0.0
4577,5,30,2024-06-28,8,212.07,0.05
4578,6,130,2024-11-15,4,200.9,0.05
4579,5,71,2024-12-09,2,11.55,0.0
4580,3,24,2024-08-12,2,80.42,0.25
4581,6,20,2024-08-11,2,150.34,0.05
4582,5,8,2024-12-05,2,98.81,0.0
4583,4,71,2024-02-05,8,11.55,0.0
4584,6,138,2024-07-08,5,98.66,0.0
4585,1,22,2024-09-28,2,28.7,0.25
4586,10,65,2024-08-01,4,65.09,0.0
4587,3,47,2024-11-23,11,118.87,0.15
4588,8,124,2024-11-04,4,19.68,0.0
4589,4,34,2024-09-25,12,99.91,0.0
4590,5,67,2024-06-06,2,107.18,0.1
4591,4,113,2024-11-23,2,114.72,0.0
4592,2,57,2024-03-04,6,75.29,0.0
4593,4,148,2024-08-19,5,126.73,0.1
4594,5,54,2024-11-10,5,241.98,0.1
4595,7,90,2024-11-01,8,98.0,0.25
4596,9,53,2024-11-28,7,131.05,0.05
4597,8,13,2024-05-23,8,91.64,0.15
4598,2,65,2024-12-17,2,65.09,0.15
4599,8,37,2024-04-20,2,19.91,0.0
4600,6,53,2024-06-27,6,131.05,0.25
4601,4,109,2024-07-13,9,204.21,0.25
4602,5,76,2024-11-10,11,150.97,0.1
4603,2,126,2024-11-14,5,28.64,0.05
4604,9,166,2024-05-17,9,44.53,0.0
4605,4,163,2024-11-07,3,102.16,0.15
4606,2,60,2024-10-21,5,27.88,0.25
4607,6,18,2024-10-30,7,204.77,0.0
4608,2,152,21/01/2024,4,77.49,0.15
4609,3,32,2024-08-15,3,195.25,0.0
4610,9,168,2024-10-26,6,115.57,0.25
4611,6,57,2024-11-05,5,75.29,0.0
4612,7,165,2024-11-14,9,56.11,0.15
4613,1,105,2024-01-14,8,136.88,0.0
4614,9,144,2024-11-24,4,72.5,0.0
4615,3,124,2024-02-11,10,19.68,0.05
4616,6,122,2024-12-24,2,28.93,0.25
4617,2,6,2024-05-14,9,18.62,0.0
4618,9,153,2024-03-10,2,149.65,0.0
4619,2,37,2024-02-03,5,19.91,0.25
4620,9,136,2024-07-12,9,182.39,0.05
4621,6,65,2024-05-04,6,65.09,0.1
4622,1,111,14/06/2024,3,43.1,0.15
4623,5,117,2024-05-20,10,144.39,0.0
4624,5,3,2024-06-10,8,91.88,0.0
4625,5,73,2024-04-17,10,242.79,0.15
4626,9,4,2024-08-29,1,167.47,0.15
4627,1,135,2024-07-18,5,198.75,0.15
4628,6,111,2024-11-02,3,43.1,0.05
4629,2,109,2024-11-20,2,204.21,0.15
4630,4,137,2024-09-17,12,165.65,0.05
4631,5,18,2024-03-09,6,204.77,0.05
4632,8,130,2024-01-11,6,,0.15
4633,2,114,2024-04-29,6,137.91,0.25
4634,9,150,2024-03-16,12,89.35,0.1
4635,8,84,2024-05-26,10,219.55,0.25
4636,7,167,2024-05-27,5,20.08,0.0
4637,2,131,2024-02-09,10,141.63,0.05
4638,9,28,09/12/2024,2,143.98,0.25
4639,4,123,2024-11-16,7,108.4,0.15
4640,8,169,2024-06-14,11,48.02,0.0
4641,5,167,2024-07-11,9,20.08,0.15
4642,6,87,2024-11-12,9,211.16,0.0
4643,4,82,2024-09-11,5,111.57,0.0
4644,9,143,2024-04-01,4,233.86,0.05
4645,1,39,2024-03-15,10,112.9,0.15
4646,10,128,2024-06-20,6,177.81,0.0
4647,8,112,2024-04-12,7,58.1,0.25
4648,7,31,2024-09-30,6,110.33,0.05
4649,6,159,2024-01-01,12,51.69,0.25
4650,2,142,2024-10-02,2,36.7,0.15
4651,9,29,2024-05-28,6,128.85,0.05
4652,6,86,2024-07-08,4,125.76,0.1
4653,3,130,2024-10-30,7,200.9,0.25
4654,6,54,2024-01-29,7,241.98,0.0
4655,9,132,2024-11-22,2,133.08,0.1
4656,8,70,2024-11-08,6,149.07,0.05
4657,7,153,2024-07-03,7,149.65,0.1
4658,8,35,2024-08-17,1,8.64,0.05
4659,4,28,2024-04-05,8,143.98,0.1
4660,8,83,2024-05-11,12,48.4,0.0
4661,7,9,2024-07-20,9,,0.1
4662,2,87,2024-02-25,1,211.16,0.15
4663,2,142,2024-11-13,2,,0.0
4664,2,141,2024-09-15,9,45.08,0.0
4665,7,105,2024-08-17,8,136.88,0.1
4666,1,89,2024-02-13,10,16.36,0.0
4667,5,45,2024-09-10,8,29.94,0.05
4668,4,3,2024-07-01,6,91.88,0.0
4669,8,123,2024-03-20,11,108.4,0.1
4670,7,56,2024-05-23,10,91.09,0.05
4671,5,124,2024-05-16,11,19.68,0.0
4672,5,105,2024-02-15,12,136.88,0.05
4673,3,125,2024-04-13,2,151.37,0.15
4674,3,117,2024-12-01,10,144.39,0.0
4675,1,76,2024-12-28,1,150.97,0.0
4676,3,7,2024-06-17,2,12.29,0.25
4677,3,27,2024-12-05,8,83.28,0.0
4678,3,23,2024-11-02,10,135.4,0.15
4679,4,119,2024-11-30,10,38.1,0.25
4680,2,104,2024-03-13,10,246.47,0.05
4681,1,51,2024-02-26,11,160.16,0.0
4682,10,42,2024-04-17,12,169.87,0.25
4683,9,1,2024-09-24,5,38.35,0.0
4684,9,92,2024-01-18,1,96.38,0.15
4685,6,47,2024-05-23,2,118.87,0.0
4686,8,113,2024-03-23,1,114.72,0.1
4687,7,56,19/03/2024,11,91.09,0.25
4688,10,46,2024-04-10,11,46.4,0.25
4689,3,153,2024-08-25,2,149.65,0.1
4690,5,159,2024-11-07,9,51.69,0.1
4691,10,72,2024-08-10,7,94.95,0.0
4692,10,74,02/12/2024,6,77.0,0.1
4693,7,163,2024-04-27,11,102.16,0.1
4694,8,108,2024-08-23,12,151.96,0.0
4695,9,159,2024-06-25,11,51.69,0.0
4696,2,23,2024-03-29,6,135.4,0.05
4697,4,93,2024-06-30,12,187.19,0.0
4698,6,99,2024-12-20,1,207.07,0.0
4699,3,47,2024-12-25,2,118.87,0.15
4700,8,62,2024-04-29,1,11.77,0.05
4701,7,93,2024-10-29,3,187.19,0.1
4702,8,117,2024-11-09,5,144.39,0.15
4703,3,24,2024-03-07,11,80.42,0.0
4704,8,113,2024-08-01,1,114.72,0.0
4705,10,51,2024-09-22,11,160.16,0.15
4706,2,103,2024-03-31,2,143.37,0.0
4707,3,73,2024-01-13,3,242.79,0.0
4708,4,111,2024-05-10,12,43.1,0.1
4709,9,163,2024-12-21,9,102.16,0.1
4710,4,79,2024-12-07,12,156.97,0.0
4711,9,61,2024-02-16,-6,24.26,0.0
4712,3,55,2024-02-19,11,120.86,0.15
4713,6,165,2024-02-22,6,56.11,0.1
4714,4,110,2024-12-01,10,240.3,0.0
4715,6,36,2024-11-16,11,,0.0
4716,9,18,2024-03-31,1,204.77,0.15
4717,4,117,2024-01-15,12,144.39,0.0
4718,7,79,2024-01-26,4,156.97,0.0
4719,8,117,2024-05-28,8,144.39,0.15
4720,5,53,2024-06-27,7,131.05,0.0
4721,3,155,2024-03-27,1,165.6,0.1
4722,9,156,2024-05-27,12,173.78,0.25
4723,6,60,2024-12-22,6,27.88,0.05
4724,4,3,2024-07-28,10,91.88,0.25
4725,9,163,2024-03-22,2,102.16,0.0
4726,1,167,2024-12-13,7,20.08,0.1
4727,6,135,2024-12-22,12,198.75,0.1
4728,9,30,2024-11-28,1,212.07,0.25
4729,1,28,2024-09-05,9,143.98,0.15
4730,9,3,2024-04-11,6,91.88,0.25
4731,8,16,2024-12-16,4,,0.05
4732,5,17,20/12/2024,5,92.08,0.0
4733,4,161,2024-08-13,8,203.07,0.1
4734,8,39,2024-12-10,7,112.9,0.0
4735,4,55,2024-03-03,12,120.86,0.15
4736,7,144,2024-03-29,7,72.5,0.0
4737,10,149,2024-02-18,6,212.9,0.0
4738,2,113,2024-12-07,6,114.72,0.15
4739,1,154,2024-06-16,6,104.34,0.15
4740,1,92,2024-02-12,5,96.38,0.15
4741,2,39,2024-03-23,6,112.9,0.0
4742,10,163,2024-08-29,7,102.16,0.0
4743,8,83,2024-05-01,10,48.4,0.05
4744,1,50,2024-01-22,10,168.2,0.0
4745,5,48,2024-12-03,9,43.06,0.25
4746,9,89,2024-12-17,3,16.36,0.1
4747,3,66,2024-12-09,10,254.58,0.15
4748,10,36,2024-12-16,5,31.45,0.05
4749,8,19,2024-03-18,-11,61.27,0.0
4750,5,12,14/10/2024,10,105.87,0.1
4751,7,116,2024-11-24,4,182.63,0.15
4752,8,127,2024-11-20,10,51.12,0.0
4753,4,66,2024-05-07,1,254.58,0.0
4754,5,107,2024-08-14,12,9.07,0.0
4755,6,25,2024-03-14,11,179.28,0.05
4756,3,85,2024-06-14,8,88.45,0.0
4757,7,111,2024-09-06,1,43.1,0.05
4758,9,96,2024-11-17,8,169.6,0.15
4759,3,101,2024-12-22,2,131.65,0.0
4760,7,75,2024-11-12,11,29.49,0.15
4761,9,5,2024-01-12,1,152.79,0.0
4762,9,152,2024-07-28,7,77.49,0.0
4763,10,168,2024-11-08,4,115.57,0.0
4764,9,5,2024-08-06,9,152.79,0.0
4765,2,83,2024-09-17,2,48.4,0.15
4766,5,12,2024-10-25,10,105.87,0.0
4767,10,104,2024-07-01,8,246.47,0.0
4768,10,111,2024-04-14,4,43.1,0.1
4769,1,103,2024-02-12,6,143.37,0.05
4770,7,27,2024-12-22,6,83.28,0.0
4771,8,104,23/08/2024,6,246.47,0.1
4772,2,103,2024-10-15,1,143.37,0.0
4773,4,14,2024-12-04,10,13.97,0.0
4774,4,135,2024-09-26,2,198.75,0.0
4775,6,69,2024-12-03,12,68.64,0.1
4776,1,87,2024-08-22,1,211.16,0.25
4777,9,133,2024-06-10,2,107.43,0.05
4778,9,167,2024-08-09,1,20.08,0.15
4779,3,99,2024-11-07,12,207.07,0.1
4780,4,142,2024-08-15,5,36.7,0.0
4781,3,154,2024-01-26,12,104.34,0.0
4782,6,47,2024-11-27,12,118.87,0.15
4783,4,52,2024-01-12,12,158.1,0.1
4784,9,45,2024-11-24,7,29.94,0.0
4785,1,126,2024-06-09,4,28.64,0.0
4786,2,124,2024-05-24,1,19.68,0.0
4787,5,169,2024-06-12,1,48.02,0.1
4788,2,125,2024-11-17,8,151.37,0.0
4789,4,60,14/02/2024,12,27.88,0.25
4790,5,4,2024-05-05,12,167.47,0.0
4791,4,66,2024-09-07,11,254.58,0.0
4792,10,46,2024-11-16,4,46.4,0.1
4793,8,68,2024-10-09,11,17.26,0.05
4794,1,42,2024-11-02,5,169.87,0.0
4795,1,59,2024-04-17,1,30.25,0.0
4796,7,161,2024-06-02,7,203.07,0.0
4797,1,6,2024-03-28,4,18.62,0.05
4798,5,119,2024-06-20,1,38.1,0.0
4799,6,106,2024-11-28,8,97.25,0.25
4800,5,119,2024-05-31,6,38.1,0.25
4801,5,137,2024-09-21,9,165.65,0.15
4802,1,77,2024-04-06,8,68.92,0.0
4803,1,52,2024-05-12,10,158.1,0.0
4804,9,67,2024-04-25,12,107.18,0.0
4805,4,36,04/04/2024,5,31.45,0.25
4806,7,22,2024-02-22,7,28.7,0.05
4807,9,47,2024-10-25,3,118.87,0.25
4808,4,22,2024-03-31,8,28.7,0.0
4809,8,6,2024-12-15,4,18.62,0.15
4810,9,42,2024-06-09,10,169.87,0.1
4811,4,94,2024-10-13,2,179.27,0.25
4812,9,100,2024-10-28,2,120.25,0.05
4813,3,117,2024-07-25,3,144.39,0.25
4814,1,125,2024-03-10,5,151.37,0.0
4815,9,150,2024-04-05,11,89.35,0.05
4816,9,105,2024-01-08,6,136.88,0.0
4817,8,131,2024-02-11,9,141.63,0.1
4818,1,165,2024-12-09,1,56.11,0.0
4819,8,147,2024-03-18,6,159.14,0.0
4820,4,165,2024-11-02,4,56.11,0.05
4821,7,99,2024-03-22,9,207.07,0.15
4822,8,165,2024-12-16,4,56.11,0.15
4823,6,97,2024-09-09,6,51.84,0.25
4824,10,137,2024-02-13,8,165.65,0.05
4825,4,34,2024-10-13,6,99.91,0.05
4826,6,87,2024-08-27,9,211.16,0.0
4827,4,105,2024-11-16,5,136.88,0.0
4828,1,11,2024-08-02,5,117.42,0.25
4829,5,145,2024-05-07,1,33.88,0.05
4830,3,113,2024-03-03,9,114.72,0.0
4831,10,67,2024-11-14,4,107.18,0.15
4832,3,46,2024-05-26,2,46.4,0.0
4833,2,71,2024-07-14,7,11.55,0.0
4834,1,125,2024-12-17,4,151.37,0.25
4835,7,21,2024-09-01,12,89.09,0.15
4836,4,41,2024-07-28,5,157.72,0.0
4837,6,39,2024-01-18,4,112.9,0.1
4838,8,121,2024-09-08,12,164.69,0.15
4839,7,16,2024-11-16,8,78.24,0.0
4840,3,128,2024-10-19,7,177.81,0.15
4841,10,48,2024-09-18,4,43.06,0.0
4842,3,94,2024-11-15,12,179.27,0.05
4843,4,28,2024-04-30,9,143.98,0.0
4844,9,40,2024-04-06,5,21.17,0.25
4845,7,55,2024-11-04,4,120.86,0.15
4846,10,18,2024-11-11,10,204.77,0.0
4847,6,18,2024-06-29,6,204.77,0.1
4848,8,26,2024-06-27,2,163.65,0.15
4849,9,83,2024-12-05,10,48.4,0.0
4850,8,96,2024-07-19,5,,0.1
4851,2,114,2024-09-28,1,137.91,0.1
4852,1,42,2024-11-22,6,169.87,0.15
4853,3,168,2024-12-15,7,115.57,0.0
4854,7,40,2024-10-08,6,21.17,0.0
4855,9,153,2024-01-13,4,149.65,0.0
4856,10,118,2024-11-24,8,153.88,0.25
4857,3,158,2024-11-14,3,81.38,0.25
4858,10,89,2024-04-19,9,16.36,0.05
4859,6,74,2024-04-30,4,77.0,0.0
4860,1,105,2024-03-25,5,136.88,0.15
4861,8,20,2024-11-05,9,150.34,0.0
4862,7,164,2024-11-05,6,78.92,0.05
4863,4,66,2024-11-25,5,254.58,0.0
4864,2,24,2024-09-01,5,80.42,0.0
4865,9,127,2024-09-27,5,51.12,0.25
4866,2,152,2024-06-28,7,77.49,0.25
4867,9,135,2024-06-01,11,198.75,0.0
4868,8,168,2024-08-06,6,115.57,0.25
4869,1,128,2024-05-03,10,177.81,0.25
4870,7,149,2024-10-24,6,212.9,0.25
4871,1,141,2024-03-15,2,45.08,0.0
4872,2,160,2024-01-19,3,215.87,0.15
4873,4,46,2024-07-25,8,46.4,0.25
4874,7,32,2024-12-03,5,195.25,0.0
4875,4,148,2024-05-18,5,126.73,0.25
4876,1,67,2024-07-09,7,107.18,0.1
4877,2,106,2024-02-21,11,97.25,0.25
4878,8,44,2024-06-04,10,260.43,0.1
4879,8,97,2024-09-18,4,51.84,0.0
4880,4,139,2024-04-16,7,81.1,0.15
4881,7,37,2024-04-02,5,19.91,0.0
4882,2,99,2024-12-29,7,207.07,0.15
4883,10,149,06/08/2024,9,212.9,0.0
4884,5,133,2024-07-13,12,107.43,0.15
4885,2,25,2024-11-24,1,179.28,0.0
4886,10,13,2024-12-28,5,91.64,0.0
4887,4,71,2024-08-02,4,11.55,0.25
4888,4,112,2024-04-13,6,58.1,0.0
4889,1,113,2024-01-16,2,114.72,0.05
4890,6,46,2024-04-28,6,46.4,0.1
4891,4,52,2024-09-07,9,158.1,0.05
4892,2,105,2024-03-06,5,136.88,0.0
4893,7,99,2024-07-27,3,207.07,0.0
4894,8,107,2024-10-19,3,9.07,0.0
4895,3,88,2024-01-02,1,106.78,0.15
4896,9,37,2024-12-24,4,19.91,0.0
4897,1,60,2024-02-18,4,27.88,0.05
4898,1,97,2024-01-04,1,,0.0
4899,1,40,2024-11-29,7,21.17,0.0
4900,9,153,2024-05-15,4,149.65,0.0
4901,3,28,2024-04-08,4,143.98,0.05
4902,1,36,2024-11-11,4,31.45,0.0
4903,2,30,2024-10-31,8,212.07,0.05
4904,4,52,2024-04-24,4,158.1,0.25
4905,4,153,2024-12-06,3,149.65,0.05
4906,10,97,2024-12-18,6,51.84,0.0
4907,6,21,2024-11-11,9,89.09,0.0
4908,10,105,2024-02-27,10,136.88,0.1
4909,7,7,2024-01-18,7,12.29,0.05
4910,5,52,2024-01-26,2,158.1,0.25
4911,8,108,2024-12-09,10,151.96,0.1
4912,1,115,2024-05-18,3,212.31,0.05
4913,1,92,2024-07-08,9,96.38,0.05
4914,9,101,2024-12-19,9,131.65,0.05
4915,6,78,2024-07-01,7,125.42,0.05
4916,7,106,2024-07-31,3,97.25,0.0
4917,9,101,2024-06-22,2,131.65,0.0
4918,5,122,2024-11-03,1,28.93,0.0
4919,7,74,2024-01-07,11,77.0,0.0
4920,9,156,2024-12-01,12,173.78,0.0
4921,6,80,2024-06-14,4,210.02,0.0
4922,9,161,2024-07-04,11,203.07,0.1
4923,3,42,2024-12-28,1,169.87,0.25
4924,1,47,2024-06-11,12,118.87,0.25
4925,4,143,2024-01-25,8,233.86,0.25
4926,5,112,2024-06-22,11,58.1,0.15
4927,6,143,2024-12-09,9,233.86,0.0
4928,2,11,2024-12-01,7,117.42,0.0
4929,1,125,2024-06-02,10,151.37,0.15
4930,5,119,2024-05-26,4,38.1,0.0
4931,4,66,2024-10-29,9,254.58,0.25
4932,9,31,2024-01-16,7,110.33,0.0
4933,9,34,2024-12-04,12,99.91,0.25
4934,5,170,2024-06-02,1,8.38,0.1
4935,3,163,2024-12-16,11,102.16,0.25
4936,9,111,2024-10-14,6,43.1,0.25
4937,3,98,2024-03-29,9,93.24,0.25
4938,9,89,2024-03-31,6,16.36,0.0
4939,6,37,2024-11-14,3,19.91,0.0
4940,7,142,2024-12-26,8,36.7,0.25
4941,5,73,2024-06-25,5,242.79,0.0
4942,9,13,2024-01-29,11,91.64,0.0
4943,9,96,2024-06-29,7,169.6,0.05
4944,2,161,2024-11-15,10,203.07,0.25
4945,7,149,2024-04-30,8,212.9,0.0
4946,2,86,2024-09-14,5,125.76,0.25
4947,6,159,2024-02-24,7,51.69,0.15
4948,1,107,2024-03-07,3,9.07,0.15
4949,1,43,25/04/2024,1,88.26,0.05
4950,10,93,2024-07-13,12,187.19,0.0
4951,2,1,2024-11-08,2,38.35,0.05
4952,5,85,2024-11-20,3,88.45,0.15
4953,9,78,2024-05-29,7,125.42,0.15
4954,2,93,2024-02-29,5,187.19,0.1
4955,7,60,2024-07-19,5,27.88,0.0
4956,4,6,18/07/2024,12,18.62,0.0
4957,8,170,19/04/2024,1,8.38,0.1
4958,1,16,2024-09-04,5,,0.0
4959,7,137,2024-10-24,5,165.65,0.0
4960,10,102,2024-09-16,7,25.17,0.0
4961,7,136,2024-06-13,8,182.39,0.15
4962,8,34,2024-09-30,3,99.91,0.0
4963,1,52,2024-07-08,2,158.1,0.05
4964,8,166,2024-08-17,6,44.53,0.1
4965,6,99,2024-11-02,6,207.07,0.25
4966,3,97,2024-02-01,8,51.84,0.15
4967,5,112,2024-05-14,2,58.1,0.15
4968,9,143,2024-01-24,5,233.86,0.0
4969,2,11,2024-06-09,9,,0.1
4970,5,9,2024-10-04,10,100.29,0.15
4971,7,102,2024-03-28,1,25.17,0.0
4972,10,141,2024-12-15,8,45.08,0.05
4973,6,83,2024-11-29,9,48.4,0.05
4974,2,22,2024-04-30,8,28.7,0.0
4975,6,115,2024-01-13,12,212.31,0.15
4976,9,111,2024-12-12,4,43.1,0.0
4977,8,2,2024-06-25,5,81.57,0.0
4978,2,47,2024-06-29,10,118.87,0.1
4979,4,3,2024-07-06,9,91.88,0.15
4980,5,80,2024-04-23,3,210.02,0.0
4981,7,24,2024-11-06,2,80.42,0.0
4982,9,102,2024-01-01,5,25.17,0.0
4983,4,111,2024-09-29,9,43.1,0.0
4984,2,17,2024-01-01,8,92.08,0.0
4985,5,102,2024-11-10,8,25.17,0.25
4986,8,11,2024-10-19,1,117.42,0.25
4987,5,1,2024-06-08,5,38.35,0.15
4988,10,57,2024-04-08,1,75.29,0.25
4989,8,121,2024-06-22,12,164.69,0.05
4990,8,146,2024-12-20,10,127.32,0.0
4991,6,82,2024-03-02,10,111.57,0.25
4992,4,6,2024-10-25,1,18.62,0.25
4993,7,140,2024-09-27,3,147.3,0.0
4994,2,20,2024-12-07,1,150.34,0.15
4995,2,88,2024-10-14,11,106.78,0.15
4996,3,168,2024-11-04,6,115.57,0.0
4997,2,80,2024-08-18,2,210.02,0.0
4998,3,66,2024-11-18,2,254.58,0.0
4999,8,82,2024-12-22,2,111.57,0.1
5000,6,146,2024-11-23,4,127.32,0.0
5001,3,141,2024-12-23,11,45.08,0.25
5002,10,47,2024-09-24,3,118.87,0.1
5003,6,61,2024-11-18,9,24.26,0.0
5004,3,83,2024-02-05,11,48.4,0.05
5005,6,168,2024-12-06,9,115.57,0.1
5006,5,38,2024-12-05,11,,0.15
5007,3,36,2024-05-17,6,31.45,0.05
5008,7,120,2024-03-30,9,234.32,0.15
5009,1,107,02/05/2024,1,9.07,0.05
5010,1,72,2024-04-19,4,94.95,0.0
5011,10,46,2024-08-16,4,46.4,0.0
5012,2,165,2024-04-18,10,56.11,0.0
5013,5,50,2024-03-16,8,168.2,0.1
5014,1,27,2024-11-22,1,83.28,0.0
5015,4,107,2024-12-25,-2,9.07,0.1
5016,10,25,2024-08-21,10,179.28,0.0
5017,8,91,2024-03-12,7,146.33,0.0
5018,7,78,2024-08-02,2,125.42,0.1
5019,9,132,2024-09-27,2,133.08,0.05
5020,10,51,2024-04-30,11,160.16,0.05
5021,8,106,2024-08-10,10,97.25,0.0
5022,7,131,2024-11-01,6,141.63,0.05
5023,5,51,2024-01-29,12,160.16,0.15
5024,1,15,2024-02-29,9,149.2,0.0
5025,4,59,2024-09-17,8,30.25,0.1
5026,10,93,2024-08-05,2,187.19,0.1
5027,4,123,2024-10-11,5,108.4,0.25
5028,5,60,2024-06-05,1,27.88,0.1
5029,3,20,2024-11-28,5,150.34,0.0
5030,5,71,2024-11-24,4,11.55,0.25
5031,4,57,2024-07-09,5,75.29,0.25
5032,6,111,2024-12-11,12,43.1,0.25
5033,8,123,2024-12-19,12,108.4,0.0
5034,9,134,2024-03-07,4,141.92,0.15
5035,6,11,2024-03-07,11,117.42,0.25
5036,1,50,2024-08-22,3,168.2,0.05
5037,3,57,2024-07-25,1,75.29,0.25
5038,5,49,2024-03-21,1,89.67,0.0
5039,10,92,2024-10-05,2,96.38,0.0
5040,4,164,2024-11-24,3,78.92,0.0
5041,2,33,2024-10-05,7,162.49,0.0
5042,3,149,2024-09-08,6,212.9,0.0
5043,4,32,2024-09-16,2,195.25,0.0
5044,5,47,2024-11-02,3,118.87,0.25
5045,9,135,2024-06-08,5,198.75,0.0
5046,7,14,2024-11-05,9,13.97,0.0
5047,8,133,2024-03-28,1,107.43,0.0
5048,1,118,2024-11-28,1,153.88,0.0
5049,6,138,2024-05-01,7,98.66,0.0
5050,3,11,2024-11-28,7,117.42,0.0
5051,1,109,2024-09-09,1,204.21,0.0
5052,10,64,2024-12-16,6,54.54,0.15
5053,10,58,2024-01-18,1,216.14,0.1
5054,3,132,2024-04-09,9,133.08,0.0
5055,3,63,2024-12-07,6,110.07,0.05
5056,8,78,2024-10-13,6,125.42,0.25
5057,2,165,2024-04-19,3,,0.0
5058,7,108,2024-03-05,2,151.96,0.05
5059,10,160,2024-05-21,12,215.87,0.15
5060,3,77,2024-02-20,10,68.92,0.25
5061,10,95,2024-10-17,10,244.81,0.0
5062,10,106,2024-10-12,1,97.25,0.0
5063,8,81,2024-10-08,2,39.73,0.0
5064,10,137,2024-06-27,8,165.65,0.1
5065,8,165,2024-10-22,3,56.11,0.0
5066,2,40,2024-10-02,11,21.17,0.05
5067,6,145,2024-11-23,12,33.88,0.05
5068,10,123,2024-04-20,3,108.4,0.1
5069,1,164,2024-03-20,11,78.92,0.05
5070,7,23,2024-11-09,9,135.4,0.25
5071,8,117,2024-10-14,5,144.39,0.1
5072,5,76,2024-04-21,12,150.97,0.0
5073,4,24,2024-11-29,2,80.42,0.0
5074,2,141,2024-08-19,4,45.08,0.1
5075,5,42,2024-04-03,3,169.87,0.05
5076,9,153,2024-12-23,9,149.65,0.1
5077,10,109,2024-12-13,1,204.21,0.05
5078,2,141,2024-05-21,4,45.08,0.1
5079,4,28,2024-01-23,5,143.98,0.0
5080,3,120,2024-04-08,8,234.32,0.25
5081,10,165,2024-03-21,10,56.11,0.0
5082,6,134,2024-06-17,8,141.92,0.1
5083,7,68,2024-05-22,1,17.26,0.05
5084,4,78,2024-11-11,12,125.42,0.25
5085,4,115,2024-06-08,6,212.31,0.0
5086,9,32,2024-11-18,2,195.25,0.0
5087,7,2,2024-07-28,8,81.57,0.05
5088,2,68,2024-05-27,10,17.26,0.25
5089,1,118,2024-03-29,8,153.88,0.1
5090,3,78,2024-12-16,6,125.42,0.15
5091,10,143,2024-07-25,1,233.86,0.0
5092,1,55,2024-11-13,3,120.86,0.1
5093,3,110,2024-07-31,7,240.3,0.05
5094,9,27,2024-11-04,9,83.28,0.15
5095,7,130,2024-11-30,10,200.9,0.0
5096,3,124,2024-04-01,1,19.68,0.0
5097,1,48,2024-08-25,3,43.06,0.0
5098,3,46,2024-11-28,6,46.4,0.0
5099,4,10,2024-10-24,8,136.82,0.15
5100,10,106,2024-08-28,6,97.25,0.0
5101,7,64,2024-06-08,10,54.54,0.15
5102,6,136,2024-08-16,7,182.39,0.0
5103,2,1,2024-09-12,8,38.35,0.05
5104,2,106,2024-10-13,10,97.25,0.05
5105,6,161,2024-11-08,8,203.07,0.05
5106,5,83,2024-04-29,4,48.4,0.0
5107,5,120,2024-11-23,5,234.32,0.1
5108,6,23,2024-10-11,3,135.4,0.0
5109,6,56,2024-07-18,4,91.09,0.25
5110,8,157,2024-08-19,1,147.67,0.1
5111,8,12,2024-07-19,5,105.87,0.05
5112,2,1,2024-09-20,4,38.35,0.05
5113,8,95,2024-04-09,3,244.81,0.1
5114,1,37,2024-03-25,6,19.91,0.0
5115,1,159,2024-09-26,3,51.69,0.0
5116,9,71,2024-10-30,9,11.55,0.0
5117,9,141,2024-05-21,2,45.08,0.15
5118,1,144,2024-04-29,4,72.5,0.15
5119,9,130,2024-12-24,4,200.9,0.15
5120,1,140,2024-05-05,10,147.3,0.15
5121,5,55,2024-04-14,2,120.86,0.1
5122,2,16,01/02/2024,7,78.24,0.0
5123,4,165,2024-08-11,3,56.11,0.1
5124,5,62,2024-11-25,7,11.77,0.0
5125,7,139,2024-01-19,5,81.1,0.1
5126,9,134,20/02/2024,9,141.92,0.0
5127,9,151,2024-12-28,6,22.4,0.0
5128,8,65,2024-08-17,10,65.09,0.0
5129,8,27,2024-08-30,8,83.28,0.0
5130,9,82,2024-08-04,9,111.57,0.0
5131,10,20,2024-11-08,2,150.34,0.1
5132,8,144,2024-06-04,2,72.5,0.0
5133,8,7,2024-01-31,5,12.29,0.15
5134,1,10,2024-04-01,10,136.82,0.25
5135,9,166,2024-12-28,1,44.53,0.1
5136,5,87,2024-06-09,8,211.16,0.0
5137,4,145,2024-04-05,2,33.88,0.0
5138,9,64,2024-01-20,5,54.54,0.1
5139,3,93,2024-10-08,1,187.19,0.15
5140,3,42,2024-11-19,10,169.87,0.0
5141,4,69,2024-10-08,8,68.64,0.05
5142,4,48,2024-05-26,12,43.06,0.25
5143,5,140,2024-10-01,-5,147.3,0.0
5144,9,112,2024-11-06,3,58.1,0.0
5145,8,65,2024-06-28,8,65.09,0.1
5146,2,126,2024-01-17,11,28.64,0.25
5147,1,147,2024-04-10,7,159.14,0.05
5148,5,9,2024-11-26,7,100.29,0.15
5149,9,64,2024-12-01,6,54.54,0.15
5150,4,72,2024-05-30,4,94.95,0.05
5151,1,162,2024-06-17,10,125.27,0.1
5152,1,31,17/08/2024,10,110.33,0.0
5153,5,112,2024-02-14,4,58.1,0.1
5154,4,93,2024-03-18,3,187.19,0.25
5155,2,23,2024-12-22,11,135.4,0.25
5156,1,53,2024-12-01,7,131.05,0.0
5157,10,126,2024-07-18,5,28.64,0.0
5158,10,156,2024-09-03,10,173.78,0.25
5159,5,110,2024-11-07,4,240.3,0.1
5160,3,126,2024-11-01,6,28.64,0.25
5161,3,98,2024-05-08,8,93.24,0.0
5162,2,86,2024-08-30,2,125.76,0.1
5163,9,170,23/11/2024,5,8.38,0.0
5164,7,65,2024-06-22,5,65.09,0.0
5165,4,154,2024-11-23,5,104.34,0.05
5166,4,8,2024-12-27,2,98.81,0.1
5167,3,42,2024-02-21,12,169.87,0.0
5168,6,24,2024-12-12,2,80.42,0.25
5169,1,104,2024-12-09,1,246.47,0.0
5170,7,38,2024-07-21,5,27.57,0.05
5171,8,92,2024-09-12,12,96.38,0.1
5172,3,86,2024-02-03,3,125.76,0.05
5173,1,141,2024-01-13,5,45.08,0.05
5174,1,7,2024-04-20,7,12.29,0.1
5175,9,54,2024-05-24,6,241.98,0.25
5176,4,123,2024-06-19,10,108.4,0.1
5177,1,139,2024-11-17,5,81.1,0.0
5178,10,91,2024-01-06,1,146.33,0.1
5179,1,62,2024-08-29,3,11.77,0.05
5180,9,84,2024-12-18,6,219.55,0.0
5181,3,96,2024-12-07,1,169.6,0.0
5182,4,55,2024-11-11,10,120.86,0.1
5183,10,5,2024-12-05,10,152.79,0.0
5184,2,108,2024-11-25,10,151.96,0.0
5185,4,153,2024-10-14,6,149.65,0.0
5186,10,121,2024-06-20,4,164.69,0.0
5187,3,147,2024-10-14,7,159.14,0.0
5188,8,95,2024-05-05,7,244.81,0.0
5189,5,93,2024-08-27,2,187.19,0.0
5190,3,68,2024-10-28,6,17.26,0.05
5191,4,71,2024-01-01,12,11.55,0.0
5192,6,168,2024-12-26,9,115.57,0.1
5193,9,144,2024-05-20,6,72.5,0.0
5194,9,74,2024-08-17,8,77.0,0.05
5195,9,72,2024-09-16,1,94.95,0.25
5196,9,157,2024-05-04,12,147.67,0.25
5197,2,168,2024-04-16,11,115.57,0.15
5198,1,22,2024-07-14,2,28.7,0.0
5199,5,1,2024-11-10,11,38.35,0.0
5200,2,144,2024-06-08,11,72.5,0.1
5201,3,144,2024-09-28,1,72.5,0.15
5202,5,36,2024-11-18,5,31.45,0.15
5203,1,69,2024-03-08,4,68.64,0.0
5204,1,19,2024-07-15,3,61.27,0.05
5205,8,30,2024-04-01,12,212.07,0.0
5206,4,145,2024-12-27,4,33.88,0.05
5207,7,132,2024-03-28,1,133.08,0.1
5208,5,82,2024-12-23,3,111.57,0.1
5209,2,105,2024-11-20,3,136.88,0.0
5210,1,106,2024-04-07,11,97.25,0.25
5211,9,30,2024-02-01,4,212.07,0.1
5212,5,43,27/08/2024,12,88.26,0.05
5213,2,81,2024-12-26,12,39.73,0.15
5214,1,58,2024-08-04,2,216.14,0.15
5215,4,38,2024-11-18,9,27.57,0.0
5216,6,160,2024-02-02,11,215.87,0.15
5217,5,88,2024-02-20,4,,0.25
5218,1,143,2024-09-05,6,233.86,0.0
5219,5,86,2024-07-30,12,125.76,0.25
5220,9,165,2024-09-14,4,56.11,0.15
5221,4,114,2024-11-13,6,137.91,0.0
5222,9,16,2024-12-25,4,78.24,0.05
5223,9,2,2024-05-12,12,81.57,0.0
5224,3,16,2024-06-12,6,78.24,0.05
5225,2,108,2024-08-27,4,151.96,0.1
5226,2,131,2024-01-22,11,141.63,0.1
5227,4,60,2024-03-20,3,27.88,0.0
5228,9,137,2024-11-27,12,165.65,0.0
5229,4,92,2024-11-21,2,96.38,0.0
5230,5,98,2024-05-17,8,93.24,0.0
5231,6,60,2024-11-13,1,27.88,0.1
5232,6,67,2024-12-22,12,107.18,0.0
5233,5,70,2024-10-06,8,149.07,0.0
5234,6,25,2024-08-20,1,179.28,0.1
5235,9,88,2024-06-30,9,106.78,0.05
5236,10,46,2024-05-02,9,46.4,0.0
5237,3,170,2024-12-27,6,8.38,0.25
5238,4,93,2024-10-30,2,187.19,0.15
5239,10,96,2024-11-17,4,169.6,0.0
5240,8,160,2024-06-12,12,215.87,0.25
5241,6,92,2024-09-30,9,96.38,0.0
5242,7,169,2024-04-11,4,48.02,0.25
5243,1,136,2024-08-08,8,182.39,0.0
5244,4,62,2024-08-22,7,11.77,0.1
5245,6,28,2024-07-02,6,143.98,0.05
5246,9,140,2024-01-05,11,147.3,0.25
5247,9,118,2024-02-20,11,153.88,0.0
5248,10,98,2024-04-16,7,93.24,0.0
5249,10,84,2024-12-14,12,219.55,0.15
5250,3,98,2024-11-02,9,93.24,0.0
5251,5,32,2024-01-12,7,195.25,0.05
5252,8,113,2024-09-09,3,114.72,0.0
5253,4,31,2024-08-01,12,110.33,0.05
5254,4,124,2024-12-23,10,19.68,0.05
5255,1,164,2024-05-02,9,78.92,0.0
5256,4,4,2024-12-16,4,167.47,0.0
5257,1,62,2024-11-11,3,11.77,0.1
5258,3,9,2024-01-02,11,100.29,0.15
5259,7,17,2024-09-26,4,92.08,0.0
5260,6,124,2024-09-16,12,19.68,0.1
5261,2,26,2024-09-24,4,163.65,0.15
5262,7,88,2024-12-19,3,106.78,0.0
5263,5,49,2024-06-01,7,89.67,0.0
5264,7,26,2024-09-08,5,163.65,0.0
5265,8,170,2024-07-01,5,8.38,0.15
5266,2,63,2024-06-02,3,110.07,0.0
5267,4,86,2024-12-01,8,,0.0
5268,1,160,2024-07-27,9,215.87,0.15
5269,3,136,2024-11-13,6,,0.25
5270,7,98,2024-03-14,9,93.24,0.25
5271,9,111,2024-12-02,9,43.1,0.05
5272,9,72,2024-12-08,5,94.95,0.05
5273,1,84,2024-11-10,10,,0.0
5274,5,59,2024-11-14,11,30.25,0.25
5275,2,89,2024-07-15,7,16.36,0.15
5276,5,14,2024-10-08,10,13.97,0.25
5277,5,137,2024-06-30,9,165.65,0.15
5278,10,49,2024-04-05,9,89.67,0.0
5279,1,111,2024-05-31,4,43.1,0.05
5280,5,69,2024-04-02,7,68.64,0.0
5281,9,100,2024-12-03,1,120.25,0.0
5282,9,130,2024-01-01,3,200.9,0.15
5283,7,16,2024-02-09,3,78.24,0.1
5284,10,81,2024-09-29,4,39.73,0.25
5285,7,34,2024-04-07,3,99.91,0.0
5286,7,170,2024-11-25,11,8.38,0.25
5287,10,124,2024-08-23,11,19.68,0.0
5288,3,131,2024-12-19,12,141.63,0.1
5289,8,66,2024-06-01,6,254.58,0.0
5290,5,105,2024-10-28,6,136.88,0.15
5291,3,127,2024-07-21,5,51.12,0.0
5292,8,88,2024-11-03,1,106.78,0.25
5293,2,106,2024-08-31,8,97.25,0.25
5294,8,7,2024-01-01,2,12.29,0.1
5295,9,33,2024-11-18,4,162.49,0.05
5296,5,115,2024-10-06,2,212.31,0.25
5297,5,151,28/02/2024,3,22.4,0.0
5298,1,22,2024-11-22,4,28.7,0.0
5299,6,104,2024-04-20,2,246.47,0.25
5300,1,21,2024-02-23,8,89.09,0.05
5301,10,89,2024-09-29,8,16.36,0.0
5302,2,154,2024-09-06,3,104.34,0.0
5303,9,163,2024-10-30,5,102.16,0.1
5304,10,40,2024-03-02,6,21.17,0.0
5305,8,81,2024-05-16,2,39.73,0.0
5306,8,78,2024-07-15,10,125.42,0.0
5307,5,102,2024-06-06,3,25.17,0.0
5308,1,117,2024-11-13,8,144.39,0.25
5309,2,170,2024-02-22,4,8.38,0.15
5310,1,170,2024-01-16,1,8.38,0.0
5311,3,122,2024-12-18,11,28.93,0.0
5312,5,12,2024-10-13,6,105.87,0.0
5313,3,42,2024-07-31,12,169.87,0.0
5314,10,17,2024-12-08,10,92.08,0.0
5315,8,135,2024-12-19,7,198.75,0.05
5316,10,83,2024-05-01,4,48.4,0.0
5317,10,132,2024-03-16,6,133.08,0.0
5318,2,90,2024-11-02,1,98.0,0.25
5319,2,67,2024-06-29,6,,0.0
5320,2,111,2024-10-04,5,43.1,0.1
5321,6,31,2024-11-06,9,110.33,0.0
5322,2,64,2024-10-24,5,54.54,0.05
5323,10,99,2024-12-01,12,207.07,0.0
5324,3,2,2024-06-08,6,81.57,0.25
5325,1,137,2024-09-19,2,165.65,0.1
5326,4,161,2024-05-13,4,203.07,0.0
5327,1,110,2024-12-09,3,240.3,0.0
5328,8,47,2024-03-25,2,118.87,0.1
5329,5,45,2024-11-21,6,29.94,0.1
5330,2,60,2024-01-13,3,,0.0
5331,3,5,2024-01-16,1,152.79,0.0
5332,8,122,2024-11-10,11,28.93,0.1
5333,9,133,2024-06-30,9,107.43,0.0
5334,1,160,2024-02-02,11,215.87,0.0
5335,7,92,2024-02-29,5,96.38,0.0
5336,3,160,2024-03-17,1,215.87,0.25
5337,4,145,2024-06-17,4,33.88,0.05
5338,3,58,2024-07-13,8,216.14,0.1
5339,5,57,2024-04-15,9,75.29,0.1
5340,6,99,2024-10-24,7,207.07,0.25
5341,10,141,10/11/2024,3,45.08,0.0
5342,6,162,2024-08-20,5,,0.05
5343,3,9,2024-04-07,10,100.29,0.0
5344,8,83,2024-03-06,3,,0.25
5345,9,161,2024-04-23,10,203.07,0.15
5346,8,117,2024-12-03,6,144.39,0.05
5347,4,148,2024-07-07,1,126.73,0.0
5348,8,111,2024-01-14,2,43.1,0.0
5349,7,164,2024-04-12,10,78.92,0.05
5350,7,110,2024-11-24,10,240.3,0.0
5351,1,114,2024-12-28,5,137.91,0.0
5352,9,154,2024-03-06,7,104.34,0.0
5353,5,13,2024-12-15,4,91.64,0.25
5354,9,155,2024-11-06,7,165.6,0.05
5355,5,152,2024-04-28,9,77.49,0.05
5356,2,98,2024-07-20,8,93.24,0.0
5357,7,84,2024-08-23,11,219.55,0.1
5358,7,149,2024-05-23,11,212.9,0.15
5359,4,112,2024-10-28,3,58.1,0.1
5360,5,167,2024-10-25,12,20.08,0.0
5361,1,66,2024-01-30,3,254.58,0.0
5362,10,141,2024-02-08,6,45.08,0.25
5363,9,108,2024-05-02,6,151.96,0.0
5364,7,166,2024-04-10,12,44.53,0.0
5365,7,116,2024-01-14,2,182.63,0.05
5366,6,144,2024-05-23,1,72.5,0.0
5367,8,164,2024-11-20,2,78.92,0.25
5368,10,42,2024-11-26,6,169.87,0.25
5369,2,130,2024-09-28,3,200.9,0.1
5370,8,5,2024-10-14,2,152.79,0.25
5371,5,164,2024-08-24,1,78.92,0.1
5372,2,111,2024-06-09,1,43.1,0.1
5373,6,26,2024-08-26,4,163.65,0.25
5374,4,81,2024-04-13,9,39.73,0.0
5375,5,96,2024-08-30,6,169.6,0.25
5376,2,6,2024-11-12,3,,0.15
5377,8,150,2024-09-14,2,89.35,0.05
5378,2,49,2024-11-19,7,89.67,0.1
5379,6,135,2024-06-22,1,198.75,0.0
5380,5,144,2024-06-10,11,72.5,0.1
5381,1,61,2024-04-10,3,24.26,0.1
5382,5,156,2024-12-01,6,173.78,0.05
5383,3,9,2024-08-18,8,100.29,0.0
5384,10,142,2024-07-12,9,36.7,0.0
5385,10,88,2024-11-29,4,106.78,0.1
5386,8,59,2024-11-15,9,30.25,0.0
5387,4,145,2024-02-06,1,33.88,0.05
5388,10,169,2024-10-26,7,48.02,0.25
5389,8,16,2024-12-14,2,78.24,0.1
5390,4,154,2024-11-30,1,104.34,0.0
5391,4,146,2024-12-28,5,127.32,0.0
5392,3,124,2024-12-24,3,19.68,0.1
5393,1,108,2024-07-21,7,151.96,0.1
5394,9,114,2024-11-17,6,137.91,0.0
5395,8,123,2024-05-31,9,108.4,0.0
5396,6,83,2024-08-08,12,48.4,0.25
5397,10,1,2024-10-23,4,38.35,0.05
5398,3,17,2024-06-17,8,92.08,0.25
5399,2,112,2024-02-10,4,58.1,0.15
5400,3,67,2024-01-06,10,107.18,0.0
5401,8,154,2024-12-27,3,104.34,0.0
5402,9,89,2024-04-04,6,16.36,0.05
5403,9,113,2024-12-03,12,114.72,0.05
5404,3,134,2024-02-10,1,141.92,0.05
5405,6,29,2024-11-28,5,128.85,0.25
5406,5,169,2024-12-06,3,48.02,0.1
5407,8,31,2024-08-02,3,110.33,0.0
5408,9,129,2024-12-09,11,151.03,0.05
5409,7,28,2024-05-11,3,143.98,0.15
5410,2,169,2024-10-17,3,48.02,0.1
5411,7,71,2024-03-09,12,11.55,0.25
5412,2,24,2024-11-26,7,80.42,0.05
5413,2,75,2024-04-26,-3,29.49,0.25
5414,10,129,2024-10-22,8,151.03,0.15
5415,10,97,2024-10-15,9,51.84,0.15
5416,1,39,2024-03-02,2,112.9,0.0
5417,7,101,2024-12-28,8,131.65,0.05
5418,10,38,2024-03-12,3,27.57,0.0
5419,8,143,2024-12-15,3,233.86,0.15
5420,7,14,2024-09-18,12,13.97,0.25
5421,1,4,2024-12-29,7,167.47,0.05
5422,7,41,2024-12-01,7,157.72,0.0
5423,10,26,2024-11-25,8,163.65,0.0
5424,3,110,2024-03-15,5,240.3,0.25
5425,2,151,2024-02-05,-1,22.4,0.0
5426,5,63,2024-04-10,3,110.07,0.0
5427,8,16,2024-09-15,5,78.24,0.0
5428,9,46,2024-10-28,-9,46.4,0.0
5429,6,92,2024-12-29,11,96.38,0.0
5430,4,25,2024-06-08,11,179.28,0.0
5431,3,95,2024-01-06,10,244.81,0.0
5432,10,67,2024-05-02,8,107.18,0.15
5433,2,64,2024-09-19,8,54.54,0.0
5434,6,40,2024-04-11,5,21.17,0.0
5435,4,56,2024-03-14,1,91.09,0.0
5436,1,89,2024-12-03,4,16.36,0.0
5437,6,125,2024-05-23,8,151.37,0.25
5438,9,133,2024-12-15,9,107.43,0.1
5439,3,48,2024-02-21,5,43.06,0.0
5440,6,10,2024-12-11,7,136.82,0.0
5441,6,49,2024-02-27,3,89.67,0.0
5442,7,148,2024-03-05,4,126.73,0.0
5443,2,87,2024-11-24,9,211.16,0.0
5444,8,37,2024-12-13,2,19.91,0.0
5445,2,21,26/06/2024,1,89.09,0.0
5446,7,32,2024-05-26,11,195.25,0.15
5447,7,3,2024-07-21,9,91.88,0.0
5448,4,40,2024-11-17,3,21.17,0.0
5449,7,32,26/05/2024,11,195.25,0.15
5450,3,152,2024-03-04,12,77.49,0.0
5451,10,100,2024-04-04,7,120.25,0.15
5452,5,85,2024-12-26,4,88.45,0.25
5453,1,61,2024-10-23,8,24.26,0.1
5454,7,24,2024-07-02,12,80.42,0.0
5455,1,145,2024-09-22,3,33.88,0.0
5456,2,167,2024-08-06,4,20.08,0.05
5457,4,169,2024-11-27,2,48.02,0.0
5458,4,68,2024-11-09,12,17.26,0.15
5459,9,146,2024-03-10,1,127.32,0.0
5460,2,94,2024-10-02,10,179.27,0.0
5461,10,165,2024-03-09,12,56.11,0.25
5462,3,165,2024-12-16,7,56.11,0.15
5463,3,170,2024-11-15,7,8.38,0.05
5464,2,18,2024-05-30,8,204.77,0.05
5465,3,106,2024-12-02,3,97.25,0.15
5466,4,67,2024-01-18,8,107.18,0.1
5467,10,6,2024-02-01,1,18.62,0.0
5468,10,71,2024-11-17,9,11.55,0.25
5469,3,125,2024-12-05,1,151.37,0.25
5470,10,60,2024-06-07,1,27.88,0.0
5471,6,34,2024-05-01,5,99.91,0.0
5472,4,63,2024-12-13,7,110.07,0.05
5473,6,95,2024-07-27,10,244.81,0.0
5474,3,47,2024-03-23,10,118.87,0.25
5475,6,14,2024-10-05,5,13.97,0.05
5476,8,142,2024-08-03,8,36.7,0.0
5477,9,63,2024-12-19,6,110.07,0.0
5478,1,41,2024-03-25,10,157.72,0.0
5479,5,88,2024-01-06,3,106.78,0.0
5480,2,74,2024-05-13,6,77.0,0.0
5481,6,18,2024-10-30,9,204.77,0.0
5482,3,6,2024-12-01,3,18.62,0.15
5483,6,6,2024-11-20,4,18.62,0.0
5484,2,45,2024-05-30,2,29.94,0.15
5485,9,142,2024-03-12,1,36.7,0.25
5486,6,3,2024-01-11,7,91.88,0.25
5487,7,46,2024-09-16,9,46.4,0.25
5488,1,24,2024-04-04,9,,0.0
5489,8,16,2024-12-07,7,78.24,0.15
5490,3,2,2024-02-04,9,81.57,0.0
5491,9,107,2024-11-13,7,9.07,0.05
5492,3,27,2024-12-05,8,83.28,0.0
5493,8,72,2024-11-16,11,94.95,0.0
5494,3,147,2024-12-23,5,159.14,0.0
5495,7,48,2024-06-27,4,43.06,0.1
5496,9,59,2024-10-15,11,30.25,0.0
5497,7,4,2024-03-20,9,167.47,0.1
5498,6,151,2024-07-17,7,22.4,0.1
5499,5,153,2024-06-25,8,149.65,0.15
5500,4,27,2024-09-02,5,83.28,0.1
5501,8,81,2024-12-27,8,39.73,0.0
5502,5,129,2024-01-11,5,151.03,0.15
5503,6,47,2024-12-11,6,118.87,0.1
5504,2,163,20/03/2024,1,102.16,0.0
5505,4,13,2024-12-17,10,,0.25
5506,8,24,2024-07-28,5,80.42,0.25
5507,2,102,2024-06-02,10,25.17,0.05
5508,9,65,2024-03-10,8,65.09,0.1
5509,1,145,2024-03-26,2,33.88,0.25
5510,9,168,2024-08-26,12,115.57,0.25
5511,5,107,2024-03-24,2,9.07,0.0
5512,10,33,2024-12-06,8,162.49,0.05
5513,8,83,2024-12-06,10,48.4,0.05
5514,5,143,2024-05-05,5,233.86,0.25
5515,2,155,2024-12-24,10,165.6,0.1
5516,3,153,2024-12-26,2,149.65,0.05
5517,2,56,2024-01-23,1,91.09,0.25
5518,5,130,2024-02-21,8,200.9,0.15
5519,1,147,2024-10-18,1,159.14,0.0
5520,5,170,2024-05-03,12,8.38,0.05
5521,3,88,2024-09-17,4,106.78,0.0
5522,2,119,2024-08-16,-3,38.1,0.0
5523,8,100,2024-07-07,10,120.25,0.1
5524,10,143,2024-05-03,1,233.86,0.0
5525,2,102,2024-03-02,4,,0.0
5526,7,40,2024-08-30,3,21.17,0.1
5527,6,113,2024-10-29,3,114.72,0.0
5528,2,90,2024-12-06,6,98.0,0.15
5529,8,42,2024-09-17,9,169.87,0.0
5530,9,15,2024-11-04,3,149.2,0.0
5531,4,128,2024-07-07,6,177.81,0.0
5532,7,86,2024-02-07,8,125.76,0.1
5533,4,72,2024-08-20,7,94.95,0.1
5534,2,3,2024-10-23,1,,0.0
5535,2,131,2024-02-26,4,141.63,0.05
5536,2,14,2024-01-22,4,13.97,0.1
5537,1,58,2024-10-10,10,216.14,0.0
5538,1,58,2024-08-17,9,216.14,0.05
5539,8,116,2024-01-17,11,182.63,0.0
5540,6,1,2024-12-22,10,38.35,0.0
5541,8,61,2024-09-21,11,24.26,0.25
5542,9,92,2024-02-09,2,96.38,0.0
5543,9,123,2024-10-31,10,108.4,0.1
5544,7,139,2024-02-13,12,81.1,0.0
5545,8,10,2024-05-26,9,136.82,0.05
5546,1,170,2024-02-19,12,8.38,0.05
5547,8,133,2024-08-13,8,107.43,0.0
5548,2,137,2024-11-26,12,165.65,0.15
5549,9,55,2024-02-07,12,120.86,0.0
5550,5,74,2024-01-02,1,77.0,0.0
5551,1,121,2024-11-01,6,164.69,0.25
5552,1,158,2024-10-30,2,81.38,0.0
5553,6,88,2024-12-11,9,106.78,0.25
5554,4,36,2024-10-06,3,31.45,0.0
5555,4,69,2024-02-27,1,68.64,0.0
5556,6,154,2024-08-20,10,104.34,0.0
5557,7,71,2024-06-10,3,11.55,0.05
5558,6,25,2024-09-17,7,179.28,0.0
5559,10,115,2024-05-13,4,212.31,0.0
5560,4,140,2024-09-21,12,147.3,0.1
5561,6,45,2024-02-16,9,29.94,0.0
5562,3,41,2024-10-21,11,157.72,0.25
5563,9,43,2024-07-26,6,88.26,0.15
5564,5,39,2024-05-10,9,112.9,0.0
5565,10,158,2024-01-08,5,81.38,0.0
5566,4,127,2024-02-10,7,51.12,0.05
5567,5,104,2024-04-04,12,246.47,0.0
5568,8,12,2024-04-04,4,105.87,0.25
5569,9,43,2024-06-01,6,88.26,0.05
5570,1,63,2024-04-05,2,110.07,0.15
5571,9,102,2024-12-07,5,25.17,0.1
5572,9,44,2024-03-30,2,260.43,0.15
5573,6,118,2024-02-24,9,153.88,0.0
5574,9,86,2024-01-24,9,125.76,0.0
5575,4,130,2024-04-29,2,,0.0
5576,10,30,2024-03-12,5,212.07,0.05
5577,10,26,2024-10-27,6,,0.25
5578,7,73,2024-06-16,3,242.79,0.0
5579,2,153,2024-12-16,11,149.65,0.05
5580,6,100,2024-12-23,4,120.25,0.15
5581,2,33,2024-03-10,12,162.49,0.25
5582,1,149,2024-12-30,2,212.9,0.25
5583,8,37,2024-05-31,11,19.91,0.0
5584,4,122,2024-11-08,7,28.93,0.15
5585,4,120,2024-05-21,4,234.32,0.0
5586,3,5,2024-12-15,8,152.79,0.1
5587,5,56,2024-07-26,9,91.09,0.0
5588,5,109,2024-07-19,11,204.21,0.15
5589,6,162,2024-10-06,7,125.27,0.0
5590,3,51,2024-11-06,10,160.16,0.15
5591,1,121,2024-02-04,9,164.69,0.0
5592,2,46,2024-04-29,11,46.4,0.0
5593,9,58,2024-08-06,8,216.14,0.1
5594,8,165,2024-11-28,12,56.11,0.0
5595,4,37,2024-09-06,5,19.91,0.15
5596,5,148,2024-07-03,8,126.73,0.15
5597,3,1,2024-12-09,1,38.35,0.0
5598,2,139,2024-10-20,9,81.1,0.1
5599,2,145,2024-12-02,6,33.88,0.25
5600,1,29,2024-10-18,2,128.85,0.0
5601,2,169,2024-06-17,11,48.02,0.05
5602,6,96,2024-10-28,6,169.6,0.0
5603,10,65,2024-07-15,8,65.09,0.0
5604,6,122,2024-09-13,11,28.93,0.0
5605,6,28,2024-11-16,4,143.98,0.0
5606,7,104,2024-07-31,6,246.47,0.0
5607,1,32,2024-11-10,1,195.25,0.05
5608,3,152,2024-02-26,8,77.49,0.05
5609,7,62,2024-01-05,6,11.77,0.0
5610,8,144,2024-09-05,6,72.5,0.25
5611,8,136,2024-12-23,9,182.39,0.0
5612,10,163,2024-11-27,5,102.16,0.0
5613,10,2,2024-01-19,10,,0.0
5614,7,149,2024-08-16,12,212.9,0.25
5615,1,162,2024-11-19,12,125.27,0.0
5616,5,33,2024-08-29,3,162.49,0.15
5617,8,5,2024-05-03,7,152.79,0.0
5618,4,134,07/06/2024,12,141.92,0.0
5619,4,79,2024-11-28,2,156.97,0.15
5620,8,136,2024-04-27,12,182.39,0.0
5621,5,141,2024-02-13,7,45.08,0.0
5622,6,11,2024-06-19,12,117.42,0.1
5623,1,110,2024-03-28,6,240.3,0.0
5624,1,90,2024-01-27,7,98.0,0.25
5625,6,91,2024-05-13,6,146.33,0.1
5626,8,72,2024-10-06,8,94.95,0.1
5627,8,30,2024-06-24,4,212.07,0.05
5628,9,127,2024-05-11,7,51.12,0.0
5629,4,123,2024-11-27,7,108.4,0.1
5630,8,80,2024-03-27,2,210.02,0.1
5631,5,88,2024-11-17,10,106.78,0.15
5632,8,77,2024-11-02,3,68.92,0.0
5633,5,44,2024-06-27,3,260.43,0.0
5634,8,132,2024-02-15,9,133.08,0.0
5635,7,117,2024-08-13,1,144.39,0.05
5636,8,93,2024-11-11,6,187.19,0.05
5637,2,115,2024-04-28,11,212.31,0.0
5638,4,2,2024-10-23,10,81.57,0.0
5639,1,158,2024-05-31,8,81.38,0.25
5640,6,58,2024-12-09,7,216.14,0.0
5641,1,167,2024-11-09,11,20.08,0.0
5642,10,32,2024-12-26,8,195.25,0.1
5643,3,153,2024-01-13,1,149.65,0.15
5644,6,129,2024-11-14,10,151.03,0.0
5645,2,26,2024-12-02,5,163.65,0.15
5646,3,139,2024-11-03,12,81.1,0.15
5647,7,77,2024-12-20,8,68.92,0.0
5648,9,6,2024-09-16,1,18.62,0.0
5649,2,167,2024-09-12,2,20.08,0.0
5650,3,34,2024-12-22,4,99.91,0.15
5651,6,26,2024-06-05,5,163.65,0.05
5652,8,152,2024-04-01,9,77.49,0.25
5653,1,147,2024-05-09,4,159.14,0.1
5654,7,68,2024-10-23,3,17.26,0.1
5655,10,103,2024-06-14,3,143.37,0.15
5656,4,140,2024-07-22,2,147.3,0.1
5657,6,95,2024-03-13,1,244.81,0.05
5658,10,132,2024-10-19,4,133.08,0.0
5659,10,72,2024-05-14,5,94.95,0.0
5660,9,47,2024-10-10,3,118.87,0.0
5661,3,72,2024-04-11,2,94.95,0.05
5662,1,121,2024-11-17,3,164.69,0.15
5663,5,146,2024-07-25,12,127.32,0.0
5664,4,4,2024-07-02,9,167.47,0.25
5665,2,24,2024-10-26,9,80.42,0.0
5666,6,90,2024-12-02,12,98.0,0.25
5667,9,161,2024-11-06,12,203.07,0.25
5668,3,57,2024-10-30,5,75.29,0.0
5669,9,46,2024-07-25,9,46.4,0.25
5670,7,134,2024-10-27,9,141.92,0.0
5671,10,168,2024-08-14,10,115.57,0.0
5672,4,66,2024-02-07,4,254.58,0.0
5673,4,14,2024-05-13,6,13.97,0.15
5674,2,95,2024-10-03,6,244.81,0.0
5675,1,47,2024-03-21,12,118.87,0.25
5676,4,140,2024-06-02,11,147.3,0.25
5677,6,144,2024-01-13,4,72.5,0.05
5678,6,71,2024-12-13,6,11.55,0.15
5679,8,63,2024-12-27,5,110.07,0.15
5680,9,17,2024-09-04,6,92.08,0.1
5681,3,62,2024-11-13,1,11.77,0.05
5682,7,52,18/09/2024,2,158.1,0.0
5683,5,3,2024-11-20,8,91.88,0.15
5684,4,120,2024-08-08,3,234.32,0.1
5685,6,7,2024-04-27,9,12.29,0.0
5686,2,51,2024-10-06,11,160.16,0.1
5687,3,158,2024-07-31,9,81.38,0.15
5688,9,126,2024-10-24,7,28.64,0.0
5689,4,21,2024-06-09,11,89.09,0.0
5690,3,2,2024-12-13,6,81.57,0.15
5691,2,80,2024-04-04,7,210.02,0.0
5692,7,32,2024-11-12,11,195.25,0.1
5693,5,163,2024-12-28,10,102.16,0.0
5694,9,99,2024-04-10,6,207.07,0.05
5695,8,144,2024-12-19,5,72.5,0.25
5696,6,129,2024-11-24,3,151.03,0.0
5697,5,1,2024-07-05,11,38.35,0.1
5698,4,47,2024-10-31,12,118.87,0.0
5699,3,29,2024-12-10,1,128.85,0.0
5700,2,19,2024-11-21,1,61.27,0.0
5701,2,137,2024-04-30,9,165.65,0.0
5702,6,42,2024-07-19,8,169.87,0.05
5703,10,133,2024-11-18,2,107.43,0.15
5704,10,164,2024-04-01,3,78.92,0.15
5705,10,103,2024-11-28,8,143.37,0.15
5706,5,37,2024-02-13,7,19.91,0.1
5707,1,93,2024-11-22,6,187.19,0.25
5708,8,35,2024-11-23,4,8.64,0.1
5709,5,38,2024-03-06,4,27.57,0.0
5710,4,16,2024-12-23,7,78.24,0.05
5711,1,68,2024-10-16,1,17.26,0.0
5712,10,106,2024-04-01,4,97.25,0.05
5713,7,50,2024-01-19,8,168.2,0.05
5714,4,132,2024-11-09,12,133.08,0.0
5715,1,43,2024-03-13,5,88.26,0.25
5716,8,132,2024-03-08,4,133.08,0.0
5717,4,88,2024-12-24,10,106.78,0.0
5718,4,69,2024-08-22,1,68.64,0.05
5719,3,45,2024-02-11,10,29.94,0.05
5720,8,9,2024-09-26,10,100.29,0.15
5721,9,128,2024-10-27,4,177.81,0.05
5722,10,137,2024-01-28,-10,165.65,0.15
5723,6,90,2024-10-18,9,98.0,0.0
5724,5,150,2024-02-29,4,89.35,0.0
5725,4,87,2024-06-10,-7,211.16,0.0
5726,8,71,2024-02-03,4,11.55,0.1
5727,6,144,2024-09-01,9,72.5,0.1
5728,8,63,2024-02-04,12,110.07,0.05
5729,3,45,2024-10-19,2,29.94,0.0
5730,3,129,2024-09-09,11,151.03,0.05
5731,6,20,2024-07-19,8,150.34,0.0
5732,1,6,2024-11-06,9,18.62,0.1
5733,4,52,2024-05-18,6,158.1,0.0
5734,4,122,2024-04-14,12,28.93,0.15
5735,4,113,2024-05-06,3,114.72,0.15
5736,7,28,2024-08-01,6,143.98,0.1
5737,9,100,2024-11-23,12,120.25,0.05
5738,9,63,2024-01-22,5,110.07,0.05
5739,5,40,2024-06-29,1,21.17,0.15
5740,6,48,2024-07-20,6,43.06,0.0
5741,4,44,2024-03-02,1,260.43,0.15
5742,3,118,2024-11-28,9,153.88,0.25
5743,3,68,2024-09-18,9,17.26,0.0
5744,8,127,2024-11-18,1,51.12,0.1
5745,9,168,2024-07-16,1,115.57,0.1
5746,1,25,2024-05-31,12,179.28,0.0
5747,6,159,2024-12-17,4,51.69,0.15
5748,4,167,2024-07-09,7,20.08,0.0
5749,1,122,2024-11-09,1,28.93,0.15
5750,2,165,2024-12-26,7,56.11,0.25
5751,5,97,2024-05-26,9,51.84,0.0
5752,1,154,2024-01-25,6,104.34,0.0
5753,5,77,2024-05-24,12,68.92,0.0
5754,1,15,2024-11-02,8,149.2,0.1
5755,6,118,2024-06-02,5,153.88,0.15
5756,5,61,2024-01-06,4,24.26,0.25
5757,3,115,2024-04-18,7,212.31,0.1
5758,4,167,2024-12-10,9,20.08,0.15
5759,10,26,2024-08-05,9,163.65,0.1
5760,7,81,2024-10-06,9,39.73,0.15
5761,5,119,2024-03-08,11,38.1,0.0
5762,6,169,2024-01-18,6,48.02,0.05
5763,4,151,2024-08-31,7,22.4,0.15
5764,9,126,2024-11-28,11,28.64,0.0
5765,4,8,2024-03-16,-3,98.81,0.15
5766,4,143,2024-11-02,4,233.86,0.1
5767,6,10,2024-07-30,9,136.82,0.0
5768,5,31,2024-12-08,7,110.33,0.0
5769,3,155,2024-12-02,3,,0.1
5770,8,75,2024-09-01,12,29.49,0.15
5771,6,11,2024-11-05,1,117.42,0.0
5772,6,105,2024-04-22,4,136.88,0.0
5773,7,87,2024-10-24,5,211.16,0.1
5774,7,92,2024-05-08,1,96.38,0.15
5775,3,83,2024-11-20,8,48.4,0.0
5776,9,16,19/10/2024,12,78.24,0.1
5777,2,127,2024-09-20,4,51.12,0.05
5778,2,7,2024-02-27,10,12.29,0.0
5779,9,113,2024-09-12,9,114.72,0.0
5780,8,105,2024-03-18,12,136.88,0.0
5781,4,58,2024-04-11,10,216.14,0.15
5782,7,115,2024-06-03,2,212.31,0.05
5783,9,19,2024-11-27,9,61.27,0.05
5784,5,26,2024-08-22,7,163.65,0.0
5785,6,141,2024-10-01,9,45.08,0.25
5786,1,80,2024-11-12,8,210.02,0.05
5787,2,65,2024-03-22,1,65.09,0.25
5788,1,146,2024-06-11,2,127.32,0.0
5789,3,44,2024-04-27,10,260.43,0.0
5790,2,152,2024-06-21,2,77.49,0.05
5791,7,17,2024-07-18,5,92.08,0.0
5792,6,46,2024-12-07,10,46.4,0.1
5793,10,136,2024-11-06,6,182.39,0.15
5794,3,24,2024-09-11,11,80.42,0.25
5795,5,74,2024-06-24,11,77.0,0.1
5796,1,78,2024-06-28,12,125.42,0.25
5797,9,22,2024-03-02,-5,28.7,0.0
5798,5,6,2024-12-09,8,18.62,0.1
5799,10,55,2024-07-22,5,120.86,0.0
5800,1,6,2024-03-28,4,18.62,0.05
5801,10,16,2024-11-14,11,78.24,0.0
5802,6,123,2024-01-22,3,108.4,0.25
5803,8,28,2024-04-10,8,,0.0
5804,6,153,2024-01-27,5,149.65,0.0
5805,9,98,2024-02-16,4,93.24,0.1
5806,7,53,2024-11-03,9,131.05,0.05
5807,3,33,2024-07-31,9,162.49,0.15
5808,5,6,2024-11-24,3,18.62,0.0
5809,6,76,01/06/2024,2,150.97,0.15
5810,6,27,2024-09-20,7,83.28,0.0
5811,9,8,2024-07-28,4,98.81,0.05
5812,5,131,2024-11-09,8,141.63,0.25
5813,3,159,2024-11-16,2,51.69,0.25
5814,8,62,2024-04-28,12,11.77,0.0
5815,5,14,2024-05-10,1,13.97,0.0
5816,8,141,2024-01-13,12,45.08,0.25
5817,4,2,2024-06-13,7,81.57,0.05
5818,6,72,2024-11-24,1,94.95,0.25
5819,9,147,2024-02-11,12,159.14,0.1
5820,8,39,2024-02-20,5,112.9,0.25
5821,8,55,2024-12-05,10,120.86,0.15
5822,5,102,2024-03-10,3,25.17,0.0
5823,1,27,2024-11-26,7,83.28,0.0
5824,10,64,2024-11-05,4,54.54,0.0
5825,3,82,2024-09-20,10,111.57,0.0
5826,6,146,2024-02-20,2,127.32,0.1
5827,2,110,2024-12-30,2,240.3,0.0
5828,5,163,2024-11-28,1,102.16,0.0
5829,5,33,2024-12-01,12,162.49,0.15
5830,5,109,2024-12-03,6,204.21,0.15
5831,6,61,2024-03-20,3,24.26,0.05
5832,2,30,22/12/2024,6,212.07,0.0
5833,3,19,2024-04-27,8,61.27,0.0
5834,8,69,2024-04-18,8,68.64,0.25
5835,6,152,2024-09-14,4,77.49,0.1
5836,6,16,2024-01-05,12,78.24,0.0
5837,10,151,2024-07-05,7,22.4,0.0
5838,9,63,2024-12-15,5,110.07,0.0
5839,3,36,2024-11-08,8,31.45,0.1
5840,8,11,2024-12-24,1,117.42,0.05
5841,7,130,2024-02-26,2,200.9,0.0
5842,6,110,2024-07-09,5,240.3,0.15
5843,10,156,2024-12-06,10,173.78,0.25
5844,10,132,2024-08-01,11,133.08,0.0
5845,7,34,2024-09-22,8,99.91,0.1
5846,6,119,2024-02-14,7,38.1,0.0
5847,2,24,2024-12-17,1,80.42,0.15
5848,2,166,2024-02-29,5,44.53,0.25
5849,6,2,2024-06-15,9,81.57,0.0
5850,7,170,2024-09-07,9,8.38,0.1
5851,1,10,2024-03-27,5,136.82,0.0
5852,8,61,2024-03-11,1,24.26,0.15
5853,8,57,2024-12-15,5,75.29,0.15
5854,10,23,2024-12-02,7,135.4,0.15
5855,7,101,2024-12-01,7,131.65,0.0
5856,5,98,2024-07-15,3,93.24,0.15
5857,2,52,2024-08-27,9,158.1,0.25
5858,5,77,2024-12-24,6,68.92,0.0
5859,4,43,2024-08-28,12,88.26,0.25
5860,5,120,2024-10-07,9,234.32,0.1
5861,8,92,2024-11-18,8,96.38,0.0
5862,3,103,14/12/2024,6,143.37,0.25
5863,4,27,2024-12-06,6,,0.0
5864,4,51,2024-07-26,2,160.16,0.05
5865,4,17,2024-07-23,1,92.08,0.05
5866,7,62,2024-11-11,3,11.77,0.0
5867,6,149,2024-12-20,4,212.9,0.0
5868,7,39,2024-06-19,10,112.9,0.0
5869,3,142,2024-05-04,9,36.7,0.25
5870,7,51,2024-08-30,4,160.16,0.0
5871,8,74,2024-11-10,6,77.0,0.0
5872,2,61,2024-06-10,6,24.26,0.0
5873,8,168,04/02/2024,4,115.57,0.1
5874,5,136,2024-02-26,1,182.39,0.25
5875,4,10,2024-07-20,8,136.82,0.0
5876,8,81,2024-04-12,2,39.73,0.0
5877,6,18,2024-12-11,9,204.77,0.0
5878,4,16,2024-09-12,7,78.24,0.0
5879,1,33,2024-07-08,9,162.49,0.0
5880,9,148,2024-01-22,11,126.73,0.05
5881,9,139,2024-11-06,4,81.1,0.0
5882,3,87,2024-04-25,7,211.16,0.0
5883,4,25,2024-01-27,4,179.28,0.05
5884,5,167,2024-10-13,7,20.08,0.15
5885,2,164,2024-02-02,4,78.92,0.0
5886,8,129,2024-05-06,2,151.03,0.25
5887,2,149,2024-02-18,8,212.9,0.0
5888,9,3,2024-03-05,10,91.88,0.1
5889,7,150,2024-06-02,11,89.35,0.15
5890,6,162,2024-09-09,11,125.27,0.0
5891,7,8,2024-08-04,6,98.81,0.15
5892,7,162,2024-05-02,7,125.27,0.0
5893,8,15,2024-12-17,9,149.2,0.0
5894,4,16,2024-05-15,1,78.24,0.1
5895,10,115,2024-03-12,3,212.31,0.15
5896,9,107,2024-09-10,6,9.07,0.05
5897,8,67,2024-11-18,5,107.18,0.1
5898,6,136,2024-02-27,1,182.39,0.15
5899,8,79,2024-06-01,8,156.97,0.1
5900,7,150,2024-10-11,3,89.35,0.05
5901,8,155,2024-09-16,3,165.6,0.05
5902,4,74,2024-11-24,4,77.0,0.0
5903,7,113,2024-10-09,1,114.72,0.1
5904,8,27,2024-07-10,4,83.28,0.15
5905,8,41,2024-07-25,12,157.72,0.05
5906,3,111,2024-01-12,10,43.1,0.05
5907,10,48,2024-11-11,11,43.06,0.25
5908,8,104,2024-06-29,11,246.47,0.25
5909,1,15,2024-05-12,5,149.2,0.1
5910,1,121,2024-01-19,9,164.69,0.15
5911,3,50,2024-12-17,1,168.2,0.0
5912,6,71,2024-07-02,9,11.55,0.25
5913,3,154,2024-07-26,7,104.34,0.1
5914,8,52,2024-03-12,9,158.1,0.0
5915,3,137,2024-07-21,10,165.65,0.0
5916,2,45,2024-03-22,12,29.94,0.15
5917,9,25,2024-09-09,6,179.28,0.25
5918,4,100,2024-11-21,10,120.25,0.1
5919,1,97,2024-01-25,5,51.84,0.0
5920,5,23,2024-02-05,9,135.4,0.0
5921,1,63,2024-03-13,12,110.07,0.0
5922,10,169,2024-11-04,1,48.02,0.0
5923,9,113,2024-11-06,2,114.72,0.1
5924,10,162,2024-02-19,5,125.27,0.0
5925,7,138,2024-05-11,11,98.66,0.05
5926,5,80,2024-01-25,9,210.02,0.1
5927,7,90,2024-03-05,11,98.0,0.15
5928,2,43,2024-08-09,12,88.26,0.0
5929,3,86,2024-07-05,1,125.76,0.0
5930,7,5,2024-09-02,1,152.79,0.15
5931,3,95,2024-04-05,6,244.81,0.0
5932,7,14,2024-09-22,6,13.97,0.05
5933,6,32,2024-05-16,9,195.25,0.0
5934,4,122,2024-12-02,4,28.93,0.05
5935,8,119,2024-11-24,3,38.1,0.25
5936,10,137,2024-02-22,10,165.65,0.0
5937,9,36,2024-06-22,10,31.45,0.25
5938,9,70,2024-01-23,8,149.07,0.05
5939,10,163,2024-02-02,1,,0.0
5940,2,139,2024-07-27,4,81.1,0.15
5941,10,48,2024-09-20,9,43.06,0.0
5942,2,163,2024-11-29,4,102.16,0.0
5943,6,69,2024-02-14,11,68.64,0.0
5944,6,14,2024-12-05,10,13.97,0.15
5945,5,135,2024-06-17,12,198.75,0.0
5946,1,134,2024-06-24,2,141.92,0.1
5947,10,4,2024-09-01,10,167.47,0.0
5948,4,64,2024-12-25,6,54.54,0.25
5949,6,169,06/04/2024,6,48.02,0.15
5950,1,54,2024-09-05,9,241.98,0.15
5951,8,165,2024-07-06,2,56.11,0.0
5952,4,73,2024-12-28,11,242.79,0.0
5953,5,64,2024-09-26,5,54.54,0.25
5954,2,163,2024-03-07,4,102.16,0.1
5955,2,38,2024-03-17,5,27.57,0.0
5956,4,154,2024-01-17,10,104.34,0.0
5957,4,66,2024-07-05,9,254.58,0.15
5958,1,61,07/02/2024,8,24.26,0.0
5959,8,134,2024-09-04,4,141.92,0.1
5960,2,162,2024-12-28,8,125.27,0.0
5961,3,71,2024-09-23,2,11.55,0.1
5962,9,160,2024-12-05,7,215.87,0.0
5963,6,77,2024-05-03,9,68.92,0.0
5964,3,41,2024-10-29,4,157.72,0.05
5965,3,5,2024-01-10,6,152.79,0.15
5966,9,78,2024-08-17,3,125.42,0.05
5967,9,16,2024-12-28,1,78.24,0.25
5968,8,146,2024-01-06,10,127.32,0.05
5969,5,8,2024-06-12,9,98.81,0.0
5970,4,37,19/11/2024,3,19.91,0.0
5971,7,151,2024-01-26,12,22.4,0.0
5972,5,160,15/09/2024,2,,0.0
5973,6,40,2024-12-08,12,21.17,0.15
5974,5,106,2024-05-15,4,97.25,0.05
5975,1,1,2024-12-22,3,38.35,0.15
5976,2,83,13/12/2024,2,48.4,0.0
5977,4,48,2024-03-12,11,43.06,0.0
5978,4,6,2024-10-19,7,18.62,0.0
5979,7,132,2024-11-26,12,133.08,0.1
5980,9,144,2024-09-27,4,72.5,0.0
5981,4,86,28/11/2024,9,125.76,0.0
5982,2,45,2024-08-20,11,29.94,0.0
5983,8,96,2024-08-01,12,169.6,0.15
5984,9,79,2024-12-18,2,156.97,0.0
5985,7,111,2024-03-02,8,43.1,0.25
5986,7,68,2024-07-01,9,17.26,0.0
5987,8,67,2024-11-09,1,107.18,0.05
5988,2,74,2024-07-06,3,77.0,0.0
5989,9,45,2024-01-21,4,29.94,0.0
5990,4,104,2024-06-01,10,246.47,0.15
5991,2,84,2024-12-22,4,219.55,0.0
5992,1,154,2024-09-10,4,104.34,0.0
5993,8,74,2024-03-28,5,77.0,0.25
5994,7,139,2024-01-16,10,81.1,0.05
5995,7,139,2024-07-23,12,81.1,0.15
5996,4,44,2024-11-22,10,260.43,0.1
5997,3,155,2024-05-29,1,165.6,0.15
5998,2,47,2024-06-21,7,118.87,0.1
5999,9,95,2024-11-07,7,244.81,0.0
6000,5,155,2024-11-23,7,165.6,0.0
6001,6,14,2024-02-25,3,13.97,0.0
6002,4,45,2024-08-28,3,29.94,0.1
6003,10,6,2024-11-28,8,18.62,0.25
6004,1,109,2024-09-03,12,204.21,0.0
6005,7,84,2024-12-10,7,219.55,0.15
6006,9,169,2024-05-28,4,48.02,0.0
6007,3,39,2024-11-08,4,112.9,0.0
6008,4,33,2024-07-17,11,162.49,0.05
6009,2,54,2024-02-13,8,241.98,0.0
6010,9,102,2024-03-25,4,25.17,0.0
6011,10,163,2024-12-26,12,102.16,0.0
6012,5,112,2024-12-18,12,58.1,0.0
6013,4,55,2024-05-13,2,120.86,0.1
6014,10,18,2024-02-27,3,204.77,0.0
6015,9,104,2024-03-13,12,,0.15
6016,4,89,2024-12-15,1,16.36,0.1
6017,6,154,2024-04-30,2,104.34,0.05
6018,1,119,2024-12-25,5,38.1,0.0
6019,2,126,2024-11-14,5,28.64,0.05
6020,7,91,2024-08-12,12,146.33,0.0
6021,10,83,2024-11-29,7,48.4,0.0
6022,1,1,2024-12-16,12,38.35,0.0
6023,1,99,2024-12-06,1,207.07,0.05
6024,10,110,2024-10-30,2,240.3,0.1
6025,9,154,2024-09-13,12,104.34,0.05
6026,7,73,2024-03-23,4,242.79,0.15
6027,9,58,2024-08-09,10,216.14,0.15
6028,7,33,2024-04-04,2,162.49,0.0
6029,8,30,2024-06-17,11,212.07,0.0
6030,9,2,2024-09-06,10,81.57,0.05
6031,3,132,2024-01-24,11,133.08,0.1
6032,6,100,2024-05-20,7,120.25,0.0
6033,5,127,2024-06-27,9,51.12,0.0
6034,4,17,2024-11-02,12,92.08,0.0
6035,8,71,2024-07-03,11,11.55,0.15
6036,9,59,2024-01-01,5,30.25,0.0
6037,10,160,2024-02-26,8,215.87,0.15
6038,10,37,2024-11-05,10,19.91,0.1
6039,10,10,2024-06-28,9,136.82,0.05
6040,6,6,2024-06-25,11,18.62,0.05
6041,3,79,2024-09-11,5,156.97,0.15
6042,5,59,2024-02-17,10,30.25,0.0
6043,4,17,2024-10-28,6,92.08,0.05
6044,2,87,2024-02-13,5,211.16,0.25
6045,4,102,2024-06-22,2,25.17,0.0
6046,7,170,2024-10-26,8,8.38,0.1
6047,8,92,2024-02-19,3,96.38,0.05
6048,9,26,2024-09-18,9,163.65,0.0
6049,2,169,2024-11-14,12,48.02,0.05
6050,1,39,2024-09-18,6,112.9,0.15
6051,8,47,2024-02-11,12,118.87,0.1
6052,5,82,2024-11-24,7,111.57,0.05
6053,9,7,2024-08-01,12,12.29,0.25
6054,8,59,2024-11-25,7,30.25,0.25
6055,3,43,2024-12-06,8,88.26,0.15
6056,4,38,2024-12-25,3,27.57,0.0
6057,4,34,2024-11-27,11,99.91,0.0
6058,7,149,2024-01-14,4,212.9,0.15
6059,1,74,2024-07-08,-2,77.0,0.1
6060,5,72,2024-06-22,12,94.95,0.0
6061,2,18,2024-05-04,5,204.77,0.0
6062,3,161,2024-11-16,4,203.07,0.0
6063,6,84,2024-11-24,6,219.55,0.0
6064,4,144,2024-08-26,12,72.5,0.0
6065,2,21,2024-12-15,8,89.09,0.15
6066,4,3,2024-09-16,7,91.88,0.0
6067,1,153,2024-06-01,1,149.65,0.0
6068,5,71,2024-05-23,6,11.55,0.15
6069,7,144,2024-09-02,1,72.5,0.15
6070,10,30,2024-02-14,10,212.07,0.15
6071,8,14,2024-03-27,2,13.97,0.0
6072,9,78,2024-11-26,9,125.42,0.15
6073,9,15,2024-11-23,4,149.2,0.05
6074,4,164,2024-05-23,6,78.92,0.25
6075,10,68,2024-12-03,8,17.26,0.25
6076,1,123,2024-09-21,4,108.4,0.15
6077,5,154,2024-10-21,4,104.34,0.25
6078,5,30,2024-11-05,9,212.07,0.05
6079,8,103,2024-11-12,5,143.37,0.25
6080,10,141,2024-09-03,7,45.08,0.25
6081,10,71,2024-05-03,9,11.55,0.0
6082,6,72,2024-09-03,9,94.95,0.1
6083,10,82,2024-08-22,2,111.57,0.25
6084,1,29,2024-10-08,7,128.85,0.1
6085,4,132,2024-08-24,4,133.08,0.0
6086,8,152,20/11/2024,5,77.49,0.05
6087,6,52,2024-02-05,7,158.1,0.05
6088,5,102,2024-03-10,11,25.17,0.0
6089,5,65,2024-11-07,12,65.09,0.05
6090,7,69,2024-11-13,12,68.64,0.0
